"arm_duration","arm_inter_Kin","arm_inter_IK","arm_bbmv","lowerbody_duration","lowerbody_inter_Kin","lowerbody_inter_IK","lowerbody_bbmv","leg_duration","leg_inter_Kin","leg_inter_IK","leg_bbmv","head_duration","head_inter_Kin","head_inter_IK","head_bbmv","arm_moment_sum_Gmean","arm_moment_sum_Gstd","arm_moment_sum_pospeak_n","arm_moment_sum_integral","arm_moment_sum_range","arm_moment_sum_change_Gmean","arm_moment_sum_change_Gstd","arm_moment_sum_change_pospeak_mean","arm_moment_sum_change_pospeak_std","arm_moment_sum_change_pospeak_n","arm_moment_sum_change_integral","arm_moment_sum_change_range","arm_speedKin_sum_Gmean","arm_speedKin_sum_Gstd","arm_speedKin_sum_pospeak_mean","arm_speedKin_sum_pospeak_std","arm_speedKin_sum_pospeak_n","arm_speedKin_sum_integral","arm_speedKin_sum_range","arm_accKin_sum_Gmean","arm_accKin_sum_Gstd","arm_accKin_sum_pospeak_mean","arm_accKin_sum_pospeak_std","arm_accKin_sum_pospeak_n","arm_accKin_sum_negpeak_n","arm_accKin_sum_integral","arm_accKin_sum_range","arm_jerkKin_sum_Gmean","arm_jerkKin_sum_Gstd","arm_jerkKin_sum_pospeak_mean","arm_jerkKin_sum_pospeak_std","arm_jerkKin_sum_pospeak_n","arm_jerkKin_sum_integral","arm_jerkKin_sum_range","arm_angSpeed_sum_Gmean","arm_angSpeed_sum_Gstd","arm_angSpeed_sum_pospeak_mean","arm_angSpeed_sum_pospeak_std","arm_angSpeed_sum_pospeak_n","arm_angSpeed_sum_integral","arm_angSpeed_sum_range","arm_angAcc_sum_Gmean","arm_angAcc_sum_Gstd","arm_angAcc_sum_pospeak_mean","arm_angAcc_sum_pospeak_std","arm_angAcc_sum_pospeak_n","arm_angAcc_sum_negpeak_n","arm_angAcc_sum_integral","arm_angAcc_sum_range","arm_angJerk_sum_Gmean","arm_angJerk_sum_Gstd","arm_angJerk_sum_pospeak_mean","arm_angJerk_sum_pospeak_std","arm_angJerk_sum_pospeak_n","arm_angJerk_sum_integral","arm_angJerk_sum_range","lowerbody_power_Gmean","lowerbody_power_Gstd","lowerbody_power_pospeak_mean","lowerbody_power_pospeak_n","lowerbody_power_integral","lowerbody_power_range","leg_power_Gmean","leg_power_Gstd","leg_power_pospeak_mean","leg_power_pospeak_std","leg_power_pospeak_n","leg_power_integral","leg_power_range","head_power_Gmean","head_power_Gstd","head_power_pospeak_mean","head_power_pospeak_std","head_power_pospeak_n","head_power_integral","head_power_range","arm_power_Gmean","arm_power_Gstd","arm_power_pospeak_mean","arm_power_pospeak_n","arm_power_integral","arm_power_range","lowerbody_moment_sum_Gmean","lowerbody_moment_sum_Gstd","lowerbody_moment_sum_pospeak_mean","lowerbody_moment_sum_pospeak_n","lowerbody_moment_sum_integral","lowerbody_moment_sum_range","lowerbody_moment_sum_change_Gmean","lowerbody_moment_sum_change_Gstd","lowerbody_moment_sum_change_pospeak_mean","lowerbody_moment_sum_change_pospeak_std","lowerbody_moment_sum_change_pospeak_n","lowerbody_moment_sum_change_integral","lowerbody_moment_sum_change_range","lowerbody_speedKin_sum_Gmean","lowerbody_speedKin_sum_Gstd","lowerbody_speedKin_sum_pospeak_mean","lowerbody_speedKin_sum_pospeak_std","lowerbody_speedKin_sum_pospeak_n","lowerbody_speedKin_sum_integral","lowerbody_speedKin_sum_range","lowerbody_accKin_sum_Gmean","lowerbody_accKin_sum_Gstd","lowerbody_accKin_sum_pospeak_mean","lowerbody_accKin_sum_pospeak_std","lowerbody_accKin_sum_pospeak_n","lowerbody_accKin_sum_negpeak_n","lowerbody_accKin_sum_integral","lowerbody_accKin_sum_range","lowerbody_jerkKin_sum_Gmean","lowerbody_jerkKin_sum_Gstd","lowerbody_jerkKin_sum_pospeak_mean","lowerbody_jerkKin_sum_pospeak_std","lowerbody_jerkKin_sum_pospeak_n","lowerbody_jerkKin_sum_integral","lowerbody_jerkKin_sum_range","lowerbody_angSpeed_sum_Gmean","lowerbody_angSpeed_sum_Gstd","lowerbody_angSpeed_sum_pospeak_mean","lowerbody_angSpeed_sum_pospeak_std","lowerbody_angSpeed_sum_pospeak_n","lowerbody_angSpeed_sum_integral","lowerbody_angSpeed_sum_range","lowerbody_angAcc_sum_Gmean","lowerbody_angAcc_sum_Gstd","lowerbody_angAcc_sum_pospeak_mean","lowerbody_angAcc_sum_pospeak_std","lowerbody_angAcc_sum_pospeak_n","lowerbody_angAcc_sum_negpeak_n","lowerbody_angAcc_sum_integral","lowerbody_angAcc_sum_range","lowerbody_angJerk_sum_Gmean","lowerbody_angJerk_sum_Gstd","lowerbody_angJerk_sum_pospeak_mean","lowerbody_angJerk_sum_pospeak_std","lowerbody_angJerk_sum_pospeak_n","lowerbody_angJerk_sum_integral","lowerbody_angJerk_sum_range","leg_moment_sum_Gmean","leg_moment_sum_Gstd","leg_moment_sum_pospeak_mean","leg_moment_sum_pospeak_std","leg_moment_sum_pospeak_n","leg_moment_sum_integral","leg_moment_sum_range","leg_moment_sum_change_Gmean","leg_moment_sum_change_Gstd","leg_moment_sum_change_pospeak_mean","leg_moment_sum_change_pospeak_n","leg_moment_sum_change_integral","leg_moment_sum_change_range","leg_speedKin_sum_Gmean","leg_speedKin_sum_Gstd","leg_speedKin_sum_pospeak_mean","leg_speedKin_sum_pospeak_std","leg_speedKin_sum_pospeak_n","leg_speedKin_sum_integral","leg_speedKin_sum_range","leg_accKin_sum_Gmean","leg_accKin_sum_Gstd","leg_accKin_sum_pospeak_mean","leg_accKin_sum_pospeak_std","leg_accKin_sum_pospeak_n","leg_accKin_sum_negpeak_n","leg_accKin_sum_integral","leg_accKin_sum_range","leg_jerkKin_sum_Gmean","leg_jerkKin_sum_Gstd","leg_jerkKin_sum_pospeak_mean","leg_jerkKin_sum_pospeak_std","leg_jerkKin_sum_pospeak_n","leg_jerkKin_sum_integral","leg_jerkKin_sum_range","leg_angSpeed_sum_Gmean","leg_angSpeed_sum_Gstd","leg_angSpeed_sum_pospeak_mean","leg_angSpeed_sum_pospeak_std","leg_angSpeed_sum_pospeak_n","leg_angSpeed_sum_integral","leg_angSpeed_sum_range","leg_angAcc_sum_Gmean","leg_angAcc_sum_Gstd","leg_angAcc_sum_pospeak_mean","leg_angAcc_sum_pospeak_std","leg_angAcc_sum_pospeak_n","leg_angAcc_sum_negpeak_n","leg_angAcc_sum_integral","leg_angAcc_sum_range","leg_angJerk_sum_Gmean","leg_angJerk_sum_Gstd","leg_angJerk_sum_pospeak_mean","leg_angJerk_sum_pospeak_std","leg_angJerk_sum_pospeak_n","leg_angJerk_sum_integral","leg_angJerk_sum_range","head_moment_sum_Gmean","head_moment_sum_Gstd","head_moment_sum_pospeak_mean","head_moment_sum_pospeak_std","head_moment_sum_pospeak_n","head_moment_sum_integral","head_moment_sum_range","head_moment_sum_change_Gmean","head_moment_sum_change_Gstd","head_moment_sum_change_pospeak_mean","head_moment_sum_change_pospeak_std","head_moment_sum_change_pospeak_n","head_moment_sum_change_integral","head_moment_sum_change_range","head_speedKin_sum_Gmean","head_speedKin_sum_Gstd","head_speedKin_sum_pospeak_mean","head_speedKin_sum_pospeak_std","head_speedKin_sum_pospeak_n","head_speedKin_sum_integral","head_speedKin_sum_range","head_accKin_sum_Gmean","head_accKin_sum_Gstd","head_accKin_sum_pospeak_mean","head_accKin_sum_pospeak_std","head_accKin_sum_pospeak_n","head_accKin_sum_negpeak_n","head_accKin_sum_integral","head_accKin_sum_range","head_jerkKin_sum_Gmean","head_jerkKin_sum_Gstd","head_jerkKin_sum_pospeak_mean","head_jerkKin_sum_pospeak_std","head_jerkKin_sum_pospeak_n","head_jerkKin_sum_integral","head_jerkKin_sum_range","head_angSpeed_sum_Gmean","head_angSpeed_sum_Gstd","head_angSpeed_sum_pospeak_mean","head_angSpeed_sum_pospeak_std","head_angSpeed_sum_pospeak_n","head_angSpeed_sum_integral","head_angSpeed_sum_range","head_angAcc_sum_Gmean","head_angAcc_sum_Gstd","head_angAcc_sum_pospeak_mean","head_angAcc_sum_pospeak_std","head_angAcc_sum_pospeak_n","head_angAcc_sum_negpeak_n","head_angAcc_sum_integral","head_angAcc_sum_range","head_angJerk_sum_Gmean","head_angJerk_sum_Gstd","head_angJerk_sum_pospeak_mean","head_angJerk_sum_pospeak_std","head_angJerk_sum_pospeak_n","head_angJerk_sum_integral","head_angJerk_sum_range","duration_mov","numofArt","bbmv_total","COPc_Gmean","COPc_Gstd","COPc_pospeak_mean","COPc_pospeak_std","COPc_pospeak_n","COPc_integral","COPc_range","spine_moment_sum_Gmean","spine_moment_sum_Gstd","spine_moment_sum_pospeak_mean","spine_moment_sum_pospeak_std","spine_moment_sum_pospeak_n","spine_moment_sum_integral","spine_moment_sum_range","pelvis_moment_sum_Gmean","pelvis_moment_sum_Gstd","pelvis_moment_sum_pospeak_mean","pelvis_moment_sum_pospeak_n","pelvis_moment_sum_integral","pelvis_moment_sum_range","spine_moment_sum_change_Gmean","spine_moment_sum_change_Gstd","spine_moment_sum_change_pospeak_mean","spine_moment_sum_change_pospeak_std","spine_moment_sum_change_pospeak_n","spine_moment_sum_change_integral","spine_moment_sum_change_range","pelvis_moment_sum_change_Gmean","pelvis_moment_sum_change_Gstd","pelvis_moment_sum_change_pospeak_mean","pelvis_moment_sum_change_pospeak_n","pelvis_moment_sum_change_integral","pelvis_moment_sum_change_range","body_nComp_80","body_slope_80","body_nComp_95","body_slope_95","arm_nComp_80","arm_slope_80","arm_nComp_95","arm_slope_95","arm_coupling","arm_asymmetry","arm_moment_sum_pospeak_mean","arm_power_pospeak_std","pelvis_moment_sum_change_pospeak_std","pelvis_moment_sum_pospeak_std","arm_moment_sum_pospeak_std","lowerbody_moment_sum_pospeak_std","lowerbody_power_pospeak_std","leg_moment_sum_change_pospeak_std","correction_info"
3816,28.001,29.471,10.348,3244,27.815,30.057,9.607,3244,27.788,27.817,9.607,2700,26.539,30.13,7.318,-9.675,3.619,7,-18469.489,16.227,4.955,1.944,3.336,2.393,5,9452.8,8.255,7.835,2.583,6.498,3.947,10,14954.923,12.517,3.566,2.603,6.498,3.947,10,0,6804.641,11.332,3.613,2.561,3.093,2.797,18,6896.989,11.113,3.351,2.797,0.854,1.011,3,6392.15,8.988,4.647,3.07,0.854,1.011,3,0,8866.972,9.893,5.054,3.207,4.481,3.187,5,9641.241,12.675,-0.149,0.132,0,0,-201.642,0.413,0.851,1.132,-0.295,0.831,2,1149.03,3.991,0.432,0.66,-0.036,0.354,2,583.445,2.134,1.041,1.713,0.183,2,1404.198,4.865,-0.927,0.238,-0.564,2,-1503.416,1.083,-0.399,0.098,0,0,0,-647.195,0.34,1.315,1.193,1.35,0.978,5,2133.689,5.227,1.177,1.521,1.35,0.978,5,0,1910.297,6.014,1.151,1.421,0.985,1.469,9,1869.446,5.639,0.048,0.311,-0.348,0.083,2,76.681,1.514,0.315,0.562,-0.348,0.083,2,0,509.491,2.677,1.111,0.852,0.033,0.674,4,1804.071,3.124,-0.508,0.191,-0.647,0,1,-824.691,0.892,-0.456,0.1,0,0,-739.098,0.563,7.428,4.71,6.362,4.24,6,12053.901,17.18,7.347,4.242,6.362,4.24,6,0,11921.209,18.464,6.299,3.362,3.531,2.217,11,10218.836,15.919,1.473,1.553,0.162,0.777,4,2389.062,5.416,1.21,1.187,0.162,0.777,4,0,1960.82,5.24,1.42,1.389,-0.053,1.01,4,2304.706,5.547,-0.217,0.799,-0.31,0.466,4,-292.965,3.484,0.337,0.623,-0.566,0,1,454.211,2.431,4.462,2.88,2.102,3.28,5,6028.121,9.634,2.748,2.51,2.102,3.28,5,0,3710.982,9.768,2.189,1.785,1.289,1.962,9,2954.79,8.503,0.494,0.95,0.362,1.275,2,667.572,3.501,1.632,2.036,0.362,1.275,2,0,2203.252,7.227,3.193,2.57,1.419,3.734,4,4313.478,9.628,3834,1,36.88,9.827,7.905,8.816,9.64,22,18845.841,42.588,10.18,4.23,10.065,5.534,7,19524.966,15.851,-1.086,0.46,-0.94,3,-2081.2,2.618,1.708,0.413,1.057,1.112,4,3276.096,2.486,-0.282,0.381,0,0,-540.733,2.189,4,0.173,6,0.122,4,0.166,6,0.116,0.767,-2481.688,-8.489,1.03,0,0.646,4.579,0.303,0,0,"c0_only"
5280,28.098,30.942,13.35,5862,28.648,31.235,17.882,5862,29.74,30.971,17.882,4988,27.393,31.538,12.646,-0.302,1.26,7,-795.867,6.225,1.171,0.893,0.625,0.929,4,3090.527,3.774,2.811,2.307,1.29,2.647,6,7419.508,7.58,1.202,1.344,1.29,2.647,6,0,3173.976,5.283,0.823,1.078,0.5,1.05,15,2171.502,4.851,1.845,1.737,1.414,1.331,4,4869.997,6.775,3.213,2.449,1.414,1.331,4,0,8482.945,10.816,3.893,2.785,2.775,2.869,7,10280.291,10.609,-0.016,0.238,0,0,-40.297,0.849,4.806,2.492,3.139,2.039,4,11984.629,8.949,0.404,1.517,-0.977,0.73,3,1007.832,5.611,1.905,1.513,1.737,3,4752.109,5.513,-0.828,1.085,-1.281,7,-2428.221,5.455,0.242,0.319,0.756,0,1,710.37,1.529,6.253,3.922,6.243,4.181,8,18333.163,14.771,3.324,2.833,6.243,4.181,8,0,9745.701,13.84,2.143,1.855,2.03,1.55,17,6282.915,9.462,0.253,0.424,0.283,0.452,2,740.775,1.71,0.173,0.394,0.283,0.452,2,0,506.349,1.832,0.605,0.664,0.193,0.339,6,1772.567,2.853,-3.056,2.499,-2.37,1.445,6,-8958.855,9.549,1.031,0.71,1.369,6,3023.571,3.044,14.425,2.813,18.034,0,1,42289.157,16.045,7.868,0.892,18.034,0,1,0,23060.508,3.89,6.199,0.165,0,0,0,18166.85,2.845,6.707,3.413,6.865,2.121,5,19661.634,12.829,6.597,4.061,6.865,2.121,5,0,19337.311,16.552,6.67,4.496,4.865,3.288,8,19555.122,16.034,-0.845,1.207,-0.617,0.746,8,-2108.155,6.481,1.101,1.529,0.935,1.095,5,2746.787,5.231,13.615,8.733,9.537,5.463,6,33953.624,31.516,6.116,3.848,9.537,5.463,6,0,15252.647,17.762,3.453,2.965,2.857,2.419,19,8614.315,14.102,0.639,2.113,0.206,2.496,4,1596.11,8.254,2.4,2.953,0.206,2.496,4,0,5983.291,11.883,4.212,5.685,6.538,7.073,6,10503.527,21.692,5930,2,61.761,22.092,15.996,19.93,15.393,35,65521.248,92.584,-9.496,3.515,-6.649,0,1,-28163.767,16.896,0.604,1.11,0.244,5,1792.066,5.023,0.888,0.941,0.597,0.978,4,2633.619,3.333,-0.066,0.229,-0.018,2,-197.086,0.953,4,0.149,7,0.091,3,0.195,6,0.108,0.791,-2803.359,-0.43,1.682,0.213,0.907,1.201,0.409,0,0.513,"c0_only"
4302,28.401,31.164,10.572,4206,28.373,31.096,8.402,4206,27.451,29.19,8.402,3412,27.422,31.696,5.025,-5.211,2.763,4,-11212.122,11.379,1.572,0.97,1.835,0.647,4,3380.839,3.864,4.334,2.785,3.432,2.36,6,9326.139,11.383,3.028,2.34,3.432,2.36,6,0,6514.21,10.44,2.672,2.135,2.213,2.79,14,5747.989,10.62,1.994,1.526,2.24,1.689,5,4288.55,5.699,4.207,2.306,2.24,1.689,5,0,9047.013,9.15,5.008,2.832,4.859,2.218,5,10776.351,10.336,0.53,0.614,-0.029,1,904.087,1.955,-0.383,0.32,-0.216,0.414,2,-653.085,1.665,1.307,0.938,0.847,1.007,3,2230.708,3.641,1.107,1.078,1.19,2,1886.72,3.855,-0.099,0.683,-0.271,4,-208.025,2.857,-0.16,0.182,-0.439,0.069,2,-336.403,0.666,0.335,0.697,0.607,0.758,5,703.982,2.823,0.156,0.703,0.607,0.758,5,0,328.38,3.207,0.117,0.51,0.259,0.496,12,246.733,2.29,1.049,1.128,0.755,1.52,4,2207.902,3.978,1.367,1.363,0.755,1.52,4,0,2875.207,5.293,3.366,2.821,2.099,2.079,5,7081.518,10.761,-0.558,0.373,-0.525,0.329,6,-1172.718,1.704,-0.095,0.427,0,0,-200.982,1.482,1.345,1.999,1.654,2.807,4,2826.52,7.328,0.96,1.492,1.654,2.807,4,0,2017.668,5.649,0.544,1.08,0.407,1.274,15,1143.418,4.376,0.201,1.052,-0.098,0.713,5,420.834,4.18,-0.022,1.329,-0.098,0.713,5,0,-46.733,5.879,0.17,1.547,-0.395,0.943,5,356.316,6.5,-0.329,1.335,0.133,1.282,4,-560.81,5.413,0.764,1.049,-0.75,0,1,1303.026,3.553,2.096,1.778,2.327,2.982,5,3578.159,6.268,1.546,1.904,2.327,2.982,5,0,2638.134,7.528,0.909,1.493,0.731,1.462,10,1552.228,5.444,1.528,1.567,1.406,1.229,3,2606.604,5.458,4.505,2.763,1.406,1.229,3,0,7687.096,11.376,8.996,5.239,8.749,4.73,5,15346.587,23.082,4456,1,32.401,1.878,2.029,1.448,2.088,22,4183.475,12.859,8.116,3.867,8.975,3.974,5,18089.392,16.49,-0.015,1.108,0.321,4,-32.386,4.821,0.995,0.627,0.777,1.031,4,2219.008,2.567,-0.007,0.388,-0.378,1,-16.099,1.616,3,0.165,5,0.112,2,0.272,5,0.11,0.52,-6703.803,-6.312,0.348,0,1.403,3.175,1.227,0,0,"c0"
4474,27.316,30.376,10.229,4398,28.39,32.196,9.064,4398,27.665,29.999,9.064,4746,29.045,31.851,7.317,-4.643,3.186,2,-10388.733,10.895,1.111,1.34,1.13,1.851,3,2485.94,4.24,3.276,1.828,3.781,2.112,5,7330.353,9.098,1.472,1.355,3.781,2.112,5,0,3293.231,5.576,1.164,0.966,0.996,0.929,11,2604.699,4.157,1.849,1.847,2.034,0.744,4,4134.694,7.251,3.904,2.088,2.034,0.744,4,0,8733.454,7.519,4.241,2.065,4.572,2.686,5,9485.36,8.764,-0.017,0.211,0,0,-41.458,0.758,1.095,1.168,1.629,1.115,3,2598.72,3.957,0.79,0.617,0.591,0.038,2,1875.762,2.015,1.159,1.343,0.236,2,2748.374,5.769,-0.512,0.4,-0.278,2,-1127.211,1.783,-0.282,0.097,0,0,0,-620.76,0.409,0.981,1.125,0.179,0.24,5,2156.675,4.116,0.664,1.203,0.179,0.24,5,0,1459.906,5.01,0.652,0.88,0.478,0.801,14,1432.36,3.709,0.077,0.388,0.248,0.478,4,169.229,1.447,0.221,0.661,0.248,0.478,4,0,485.328,2.652,1.02,1.535,1.107,1.469,6,2244.734,5.728,-0.654,0.336,-0.795,0.332,8,-1437.527,1.414,-0.213,0.174,-0.499,1,-467.49,0.682,1.965,2.078,1.027,1.377,5,4321.573,8.12,1.447,1.777,1.027,1.377,5,0,3180.619,7.765,0.966,1.157,1.207,1.357,13,2125.615,4.587,1.607,1.309,1.188,1.756,4,3534.197,4.996,1.578,1.812,1.188,1.756,4,0,3471.726,6.704,1.615,2.158,0.37,2.374,5,3554.02,7.645,0.024,1.023,0.555,0.827,5,57.171,4.425,0.503,0.896,0.114,0.642,3,1195.093,3.984,2.426,2.299,1.183,1.764,8,5757.443,9.213,2.45,2.514,1.183,1.764,8,0,5812.565,10.159,1.977,2.187,1.587,2.094,16,4691.27,10.081,0.894,0.935,1.219,1.007,5,2121.836,3.768,1.521,1.697,1.219,1.007,5,0,3608.854,7.892,2.593,2.592,3.066,3.035,5,6154.973,11.392,4946,1,35.673,2.748,2.273,2.409,2.413,26,6797.154,13.095,3.848,4.778,2.378,1.782,7,9519.291,16.41,-0.584,0.798,-1.561,2,-1443.138,3.552,0.765,0.79,0.559,0.626,3,1892.161,2.879,-0.21,0.241,-0.213,1,-518.885,0.859,4,0.159,7,0.099,3,0.183,6,0.102,0.492,-2827.356,-5.724,1.266,0,1.717,5.321,0.124,0,0,"c1"
4388,27.872,31.225,9.748,3782,27.458,30.479,8.428,3782,27.529,28.712,8.428,3354,27.613,30.5,6.215,-6.772,2.303,2,-14861.017,10.645,1.798,2.38,2.039,1.823,3,3943.134,7.253,3.744,2.599,4.083,3.072,6,8217.076,9.386,1.9,1.451,4.083,3.072,6,0,4167.966,5.463,1.698,1.357,1.513,1.428,14,3725.53,6.102,1.255,0.943,1.102,0.953,3,2752.397,3.046,2.255,1.359,1.102,0.953,3,0,4946.463,6.097,2.862,1.888,2.373,1.871,7,6281.097,7.152,0.13,0.285,0.012,1,217.842,1.144,1.495,0.604,2.093,0.311,2,2507.445,2.667,0.315,1.043,0.399,1.773,3,528.056,3.931,0.048,0.453,0.135,1,80.031,1.874,-0.902,0.353,-0.843,3,-1705.936,1.498,-0.196,0.223,-0.454,0,1,-371.48,0.75,1.241,1.374,2.747,1.438,3,2346.099,5.125,0.651,1.159,2.747,1.438,3,0,1230.444,4.887,0.434,0.952,0.913,1.388,10,820.267,3.809,0.45,0.607,0.655,0.168,3,851.345,2.545,0.309,0.82,0.655,0.168,3,0,584.436,3.474,1.477,2.094,0.539,1.008,6,2791.023,9.359,-0.529,0.455,-0.826,0.434,4,-999.645,2.517,0.082,0.694,-0.539,1,154.718,1.951,3.18,1.986,2.425,1.31,7,6014.489,8.959,2.067,1.917,2.425,1.31,7,0,3907.619,8.437,1.622,1.712,1.052,1.104,13,3066.569,8.468,1.855,1.14,1.227,1.067,4,3509.345,4.765,1.557,1.411,1.227,1.067,4,0,2944.105,6.106,1.485,1.525,0.469,0.775,6,2810.21,6.423,-0.192,0.647,-0.364,0.57,6,-322.814,2.592,0.401,0.316,0.576,0.035,2,671.409,1.438,1.927,1.948,1.72,3.215,5,3230.863,8.362,2.12,2.481,1.72,3.215,5,0,3554.083,10.561,1.591,2.132,1.119,2.76,12,2669.552,10.427,0.402,1.468,0.776,2.318,3,674.449,5.151,2.02,1.837,0.776,2.318,3,0,3389.636,7.702,3.384,3.881,5.114,3.844,4,5673.458,12.7,4388,1,32.82,3.546,3.628,3.223,3.375,23,7779.167,19.068,5.792,3.26,5.208,3.898,6,12713.087,11.806,-1.091,0.761,-1.137,5,-2393.879,3.182,0.852,0.959,-0.267,0.453,3,1871.221,3.728,-0.033,0.392,-0.061,2,-72.61,1.549,3,0.18,6,0.098,3,0.228,6,0.123,0.165,-3711.104,-1.685,0,0.012,1.045,3.724,0.27,0,0,"c2"
5852,29.417,32.048,10.675,5404,29.153,30.545,10.334,5404,29.056,29.249,10.334,6326,29.401,32.773,6.279,-8.121,2.067,5,-23765.065,9.825,1.761,1.137,2.332,0.949,7,5150.402,5.017,4.545,2.151,2.917,1.519,10,13299.722,8.985,2.194,2.027,2.917,1.519,10,0,6418.477,8.658,2.02,1.847,1.601,2.079,17,5911.498,8.331,2.517,1.851,3.313,2.422,7,7361.233,7.852,5.329,2.544,3.313,2.422,7,0,15588.585,11.862,6.804,3.038,6.982,3.451,8,19904.745,12.963,0.476,0.519,0.053,1,1504.491,2.181,0.928,1.284,1.333,0.503,4,2934.435,6.873,0.289,1.083,-0.025,0.708,4,911.619,6.301,1.131,1.296,1.73,3,3575.296,5.255,-0.775,0.453,-1.094,4,-2092.759,1.909,-0.347,0.137,-0.557,0,1,-937.827,0.47,0.947,1.209,1.884,1.26,5,2558.819,4.11,0.435,1.042,1.884,1.26,5,0,1173.73,4.811,0.323,0.914,0.728,1.53,17,874.913,4.05,0.904,0.699,0.843,0.88,4,2443.652,2.316,0.111,0.546,0.843,0.88,4,0,301.027,2.056,0.634,0.908,0.585,0.881,7,1713.005,4.108,-0.87,0.372,-0.886,0.412,6,-2350.171,1.727,-0.371,0.124,0,0,-1001.493,0.486,2.924,3.164,3.262,3.242,6,7903.247,10.441,2.14,2.397,3.262,3.242,6,0,5782.653,8.894,1.704,1.974,1.614,1.467,16,4606.04,7.769,0.94,1.413,1.883,1.159,4,2540.705,5.767,0.736,1.405,1.883,1.159,4,0,1988.022,5.468,0.61,1.366,0.96,0.967,5,1647.982,5.952,-0.031,1.069,0.432,0.942,11,-101.609,7.851,1.023,1.465,0.826,1.875,4,3233.716,8.869,2.27,2.452,1.799,3.136,9,7181.513,10.722,1.952,2.487,1.799,3.136,9,0,6174.499,9.821,1.341,1.899,1.242,2.49,18,4238.88,9.742,0.299,1.197,0.691,0.795,6,946.112,5.297,1.738,1.878,0.691,0.795,6,0,5495.333,7.315,3.406,3.078,3.533,3.216,9,10773.977,11.698,6326,1,37.623,6.354,8.589,4.769,8.815,35,20095.687,44.674,8.669,4.599,6.778,3.351,5,27426.237,18.771,-1.008,0.848,-1.356,6,-3187.641,3.865,1.119,0.705,0.9,1.061,4,3539.795,3.35,-0.229,0.204,-0.456,2,-725.97,0.755,4,0.156,7,0.1,4,0.166,7,0.101,0.493,-8208.505,-8.68,2.553,0.018,0.958,2.077,0.145,0,0,"c0_only"
2736,26.324,27.656,6.547,0,0,0,0,0,0,0,0,0,0,0,0,-3.566,0.819,1,-4880.211,3.546,-0.474,0.936,0,0,0,-649.318,2.96,0.614,2.132,-0.931,0,1,837.927,7.414,0.598,1.999,-0.931,0,1,0,818.467,6.612,0.309,1.775,-0.293,0.648,4,420.565,7.07,0.394,2.619,0,0,0,534.593,8.061,0.917,2.889,0,0,0,0,1252.109,8.543,0.873,3.249,-1.571,0,1,1191.481,11.288,-0.275,0.211,0,0,-377.271,0.973,-0.687,0.464,-1.082,0,1,-940.804,1.849,-1.336,0.613,0,0,0,-1828.591,2.377,0.11,2.251,0,0,146.493,6.911,0,0,0,0,0,0,0,0,0,0,0,0,0,0,0,0,0,0,0,0,0,0,0,0,0,0,0,0,0,0,0,0,0,0,0,0,0,0,0,0,0,0,0,0,0,0,0,0,0,0,0,0,0,0,0,0,0,0,0,0,0,0,0,0,0,0,0,0,0,0,0,0,0,0,0,0,0,0,0,0,0,0,0,0,0,0,0,0,0,0,0,0,0,0,0,0,0,0,0,0,0,0,0,0,0,0,0,0,0,0,0,0,0,0,0,0,0,0,0,0,0,0,0,0,0,0,0,0,0,0,0,0,0,0,0,0,0,0,0,0,0,0,0,0,0,0,0,0,0,0,0,0,0,0,0,0,0,0,0,0,0,0,0,0,0,0,0,0,0,0,0,0,2736,1,6.547,-0.758,0.501,-0.705,0.422,15,-1037.165,2.626,2.922,1.362,3.755,0,1,3999.51,4.513,-0.071,0.6,-1.852,1,-97.164,2.987,-0.412,0.564,-0.519,0,1,-563.537,1.819,-0.273,0.352,0,0,-373.737,1.469,2,0.331,5,0.119,2,0.146,4,0.105,0.398,-3005.988,0.645,0,0,0,0,0,0,0,"c0"
4256,28.675,29.776,8.148,0,0,0,0,0,0,0,0,0,0,0,0,-6.218,3.135,2,-13237.402,11.593,1.086,0.886,0.575,1.247,3,2309.691,3.595,2.357,2.005,1.745,1.999,7,5015.721,7.582,2.133,1.792,1.745,1.999,7,0,4539.473,7.318,2.077,1.534,1.657,1.664,16,4420.593,7.753,1.562,2.003,-0.867,0.318,3,3320.944,7.731,2.899,1.999,-0.867,0.318,3,0,6167.386,8.26,3.363,2.467,2.986,2.267,5,7152.984,9.646,-0.247,0.167,0,0,-526.316,0.645,-0.563,0.445,-1.024,0.053,3,-1197.446,1.722,-0.084,0.541,-0.748,0,1,-179.655,2.025,0.744,1.734,-0.94,1,1580.29,6.219,0,0,0,0,0,0,0,0,0,0,0,0,0,0,0,0,0,0,0,0,0,0,0,0,0,0,0,0,0,0,0,0,0,0,0,0,0,0,0,0,0,0,0,0,0,0,0,0,0,0,0,0,0,0,0,0,0,0,0,0,0,0,0,0,0,0,0,0,0,0,0,0,0,0,0,0,0,0,0,0,0,0,0,0,0,0,0,0,0,0,0,0,0,0,0,0,0,0,0,0,0,0,0,0,0,0,0,0,0,0,0,0,0,0,0,0,0,0,0,0,0,0,0,0,0,0,0,0,0,0,0,0,0,0,0,0,0,0,0,0,0,0,0,0,0,0,0,0,0,0,0,0,0,0,0,0,0,0,0,0,0,0,0,0,0,0,0,0,0,0,0,0,4256,1,8.148,0.19,1.066,0.011,1.103,25,405.339,6.356,4.266,1.654,3.631,2.27,5,9082.215,5.659,0.138,0.461,-0.996,3,295.471,2.094,-0.115,0.331,-0.408,0.192,3,-245.385,1.241,-0.343,0.214,0,0,-731.015,0.912,3,0.114,5,0.078,3,0.186,5,0.117,0.403,-3988.156,-5.168,0,0,1.373,8.906,0,0,0,"c1"
2516,26.234,27.815,7.774,884,23.3,25.89,6.598,884,23.423,24.246,6.598,2160,26.266,27.905,4.33,-4.618,1.116,2,-5812.073,4.775,0.351,1.607,0.146,0,1,437.849,7.16,2.104,2.532,0.091,0.949,3,2646.146,9.055,1.757,2.364,0.091,0.949,3,0,2210.295,8.477,1.666,2.043,1.054,2.139,6,2096.355,9.336,2.253,1.953,-0.038,0.437,2,2832.136,8.066,4.453,2.288,-0.038,0.437,2,0,5601.387,7.729,4.509,1.731,4.017,1.574,3,5672.175,7.957,0.061,0.16,-0.02,1,65.793,0.547,-0.369,0.442,-1.123,0,1,-397.976,1.373,2.078,1.767,-1.014,0,1,2244.299,5.753,1.05,1.176,-0.011,1,1133.082,3.57,-0.623,0.101,0,0,-275.225,0.399,-0.498,0.043,0,0,0,-220.302,0.162,-0.108,0.387,0,0,0,-48.509,1.721,-0.044,0.802,0,0,0,0,-19.349,2.57,0.09,0.571,0.821,0,1,38.287,2.534,0.1,0.277,0,0,0,44.046,0.869,0.477,0.547,0,0,0,0,210.921,1.477,0.613,0.806,2.293,0,1,270.472,2.366,-0.308,0.115,0,0,0,-136.325,0.377,-0.539,0.016,0,0,-238.371,0.057,1.123,0.646,0.454,0.024,2,496.515,2.112,0.931,0.754,0.454,0.024,2,0,410.565,3.442,1.135,0.914,-0.232,0.383,4,501.833,3.58,-0.129,0.803,-1.076,0,1,-56.178,2.21,-0.227,0.76,-1.076,0,1,0,-100.782,2.909,-0.054,1.134,-1.298,0.093,2,-22.899,3.183,-0.189,0.964,-1.114,0.64,2,-204.672,3.53,0.436,0.545,-0.242,0.289,2,471.436,2.058,1.784,1.304,-0.7,0.835,3,1928.585,4.875,1.487,1.6,-0.7,0.835,3,0,1607.52,6.498,1.089,1.251,0.073,1.639,7,1176.224,5.352,2.389,2.382,-1.337,0.509,2,2579.812,8.277,3.299,2.493,-1.337,0.509,2,0,3563.497,8.302,4.596,4.72,4.378,4.074,2,4964.878,17.304,2516,1,25.3,1.482,1.569,1.158,1.567,15,1862.765,6.62,4.037,1.859,3.378,2.765,2,5082.126,5.208,-1.349,0.788,-2.391,2,-1695.683,2.702,-0.225,0.5,-0.478,0.58,2,-282.903,1.41,-0.051,0.295,0,0,-63.937,0.888,3,0.188,4,0.148,3,0.188,5,0.125,0.463,-6191.33,-2.486,0,0,0.909,4.152,0,0,0,"c0_only"
4504,28.604,30.892,9.939,4266,27.764,29.475,11.045,4266,28.404,29.081,11.045,4376,28.501,31.747,8.582,-4.468,1.502,5,-10063.565,5.931,1.794,1.659,1.482,0.96,6,4037.287,6.086,2.942,2.531,2.433,2.438,6,6624.62,9.669,1.926,2.045,2.433,2.438,6,0,4335.727,8.615,1.886,2.151,1.246,2.122,15,4247.816,9.682,3.183,2.244,2.08,2.234,5,7167.722,8.238,5.566,3.47,2.08,2.234,5,0,12536.027,14.196,6.868,3.554,8.045,4.587,8,15469.662,14.411,0.156,0.65,-0.18,2,340.85,2.155,1.31,0.983,0.314,0.418,3,2866.134,3.852,-0.215,0.643,0.071,0.38,2,-471.109,2.597,2.165,1.581,1.698,3,4734.76,5.41,-0.819,0.401,-1.096,3,-1746.421,1.819,-0.286,0.21,0,0,0,-610.634,0.825,2.261,1.868,1.921,2.674,6,4822.958,8.389,1.57,2.083,1.921,2.674,6,0,3350.825,9.68,1.068,1.391,1.135,1.603,13,2278.052,6.289,0.426,1.037,-0.38,0.187,2,909.016,3.326,0.23,0.642,-0.38,0.187,2,0,489.732,2.755,0.772,1.34,1.099,0.908,5,1648.291,5.042,-0.77,0.269,-0.658,0.191,4,-1642.347,1.412,-0.374,0.301,0,0,-798.935,1.047,8.512,4.844,6.799,7.646,6,18159.525,18.697,7.161,3.376,6.799,7.646,6,0,15274.328,15.141,5.388,2.625,4.984,2.371,15,11494.52,12.192,1.545,1.484,1.417,2.464,4,3295.236,6.286,1.667,1.35,1.417,2.464,4,0,3553.212,5.87,1.939,1.479,2.838,1.743,6,4137.023,6.604,-0.358,1.036,-1.061,0.837,5,-783.193,5.036,0.365,0.671,0.16,0,1,798.477,2.745,3.604,2.521,1.92,2.883,6,7886.879,10.579,2.736,2.489,1.92,2.883,6,0,5985.959,12.409,2.051,2.322,0.857,2.128,15,4488.58,9.312,-0.128,1.023,0.066,0.458,4,-280.127,4.821,1.567,1.76,0.066,0.458,4,0,3430.738,7.627,3.61,3.192,6.029,3.19,5,7894.792,14.639,4510,1,40.611,12.515,11.605,12.895,12.511,22,28230.229,60.044,7.87,3.906,6.15,4.164,7,17753.748,16.998,-1.024,0.641,-1.128,4,-2309.318,2.903,1.603,1.355,1.199,1.214,3,3616.283,5.245,-0.164,0.312,0,0,-370.683,1.022,3,0.204,6,0.112,3,0.206,6,0.112,0.563,-9892.382,-5.28,1.533,0,0.688,1.35,0.39,0.356,0,"c0"
5946,28.473,30.925,9.779,5136,28.712,30.358,9.084,5136,28.117,29.518,9.084,4076,28.283,31.133,6.568,-10.162,4.527,4,-30219.351,16.635,1.984,2.089,1.291,0.762,4,5897.813,7.057,1.851,2.627,2.27,3.705,5,5503.393,11.916,1.378,2.358,2.27,3.705,5,0,4096.62,10.943,0.687,1.842,0.098,1.485,9,2041.61,10.486,2.163,2.651,2.129,3.06,4,6425.969,8.888,2.991,2.837,2.129,3.06,4,0,8888.633,10.33,3.186,2.731,3.73,3.118,7,9468.958,11.15,0.217,0.275,0.168,1,441.385,1.273,0.308,1.09,-0.774,0.006,2,627.699,3.849,0.168,1.174,-0.774,0.094,2,341.575,3.892,0.052,1.985,0,0,102.93,6.776,-0.443,0.507,-0.307,4,-1138.061,2.063,-0.21,0.153,-0.32,0,1,-540.198,0.502,0.397,0.96,-0.157,0.45,5,1020.955,3.708,0.284,0.986,-0.157,0.45,5,0,728.4,3.823,0.139,0.684,0.438,0.921,13,356.868,3.466,0.546,0.592,-0.141,0.031,2,1403.288,2.434,0.269,0.63,-0.141,0.031,2,0,690.422,2.754,0.745,0.98,-0.443,0.814,6,1913.89,4.663,-0.653,0.409,-0.389,0.379,8,-1677.371,2.011,0.089,0.391,-0.256,2,229.627,1.38,2.277,1.926,1.13,1.683,7,5845.026,8.437,1.395,1.465,1.13,1.683,7,0,3581.386,6.706,1.034,1.148,0.711,0.994,16,2654.341,5.258,0.79,1.394,-0.035,1.466,5,2027.145,4.9,0.542,1.23,-0.035,1.466,5,0,1392.435,4.753,0.747,1.346,-0.138,0.829,6,1916.768,4.928,-1.269,1.05,-0.273,1.398,4,-2587.511,5.245,0.027,0.944,-0.747,0.024,2,54.759,2.949,2.356,2.327,1.375,1.826,7,4803.26,11.033,2.221,3.104,1.375,1.826,7,0,4526.314,13.654,1.986,2.714,1.333,2.605,14,4050.372,13.26,0.463,1.498,0.267,2.087,4,942.736,5.087,1.783,1.828,0.267,2.087,4,0,3633.602,7.209,3.265,3.162,4.066,4.092,5,6653.661,13.031,6066,1,34.516,2.854,3.17,2.936,3.527,29,8658.052,21.514,12.651,6.067,15.72,5.475,9,38382.282,21.631,-0.539,0.922,-0.81,3,-1633.443,3.657,1.215,0.851,0.922,1.021,7,3687.173,3.411,-0.255,0.214,-0.384,2,-773.596,0.844,3,0.15,7,0.075,3,0.173,5,0.107,0.216,-8094.63,-14.464,0,0.142,0.512,0.984,0.865,0,0.039,"c1"
6100,29.3,31.243,10.521,6030,29.592,30.96,9.672,6030,30.037,29.961,9.672,5834,29.287,31.636,8.062,-8.506,5.335,3,-25950.302,14.966,1.192,2.603,-0.234,0.558,4,3634.193,8.722,2.362,2.493,2.552,2.291,9,7203.861,10.369,1.694,2.255,2.552,2.291,9,0,5165.932,10.511,1.493,1.899,1.391,1.649,21,4553.356,10.744,2.513,2.784,2.491,3.738,4,7664.835,11.244,5.073,3.154,2.491,3.738,4,0,15468.812,12.464,5.668,3.448,3.667,3.133,7,17290.72,14.935,-0.146,0.336,-0.1,1,-425.52,1.239,0.213,0.712,-0.209,0.146,3,620.821,3.223,-0.12,0.778,-0.604,0.314,3,-351.873,2.983,0.811,1.508,0.579,3,2364.327,5.825,-0.425,0.388,-0.455,2,-1280.162,1.663,-0.427,0.117,0,0,0,-1289.183,0.896,-0.227,0.744,-0.404,0.614,5,-686.06,3.3,-0.175,0.833,-0.404,0.614,5,0,-527.965,3.607,-0.138,0.63,-0.089,0.9,14,-416.926,2.823,-0.031,0.563,-0.103,0.299,3,-92.936,2.177,-0.171,0.5,-0.103,0.299,3,0,-516.635,2.264,0.078,0.925,-0.297,1.118,8,234.794,3.633,-0.492,0.24,-0.59,0.312,2,-1483.308,1.014,-0.572,0.23,0,0,-1726.126,1.597,2.811,2.36,2.842,2.748,9,8474.889,9.891,2.79,2.286,2.842,2.748,9,0,8412.65,10.202,2.561,2.113,2.329,1.532,24,7720.805,9.882,0.374,0.986,-0.044,0.931,8,1127.766,4.843,0.272,1.145,-0.044,0.931,8,0,820.171,4.815,0.46,1.184,0.193,0.921,10,1387.296,5.257,-0.319,0.794,-0.012,1.107,8,-931.686,3.637,0.328,0.846,0.261,1.326,4,956.42,3.099,2.455,2.139,1.697,1.818,10,7161.936,8.719,1.623,2.098,1.697,1.818,10,0,4733.645,9.669,1.199,1.698,0.788,1.596,22,3496.589,7.887,-0.062,0.982,-0.515,0.556,5,-182.499,3.86,0.652,1.265,-0.515,0.556,5,0,1904.165,5.2,0.66,1.847,0.955,2.381,7,1926.357,8.801,6412,1,37.928,5.439,6.264,3.822,5.182,32,17437.404,46.555,10.768,7.524,8.13,7.551,6,34533.163,23.607,-0.363,0.682,-0.513,2,-1163.776,3.407,0.5,0.812,0.265,0.625,6,1602.667,3.456,-0.371,0.188,-0.576,1,-1189.973,0.879,3,0.199,6,0.106,3,0.135,5,0.096,0.465,-6914.443,-4.261,0.85,0,0.552,0.636,0.283,0,0,"c2"
3004,26.079,26.368,7.253,2686,28.219,27.971,4.87,2686,27.75,27.716,4.87,3232,27.538,27.083,3.014,-10.657,3.791,0,-16012.852,12.53,0.722,1.151,1.679,0.236,2,1084.866,3.746,1.249,2.262,0.677,0.39,3,1875.877,7.879,0.992,2.061,0.677,0.39,3,0,1489.373,7.72,0.535,1.361,-0.073,0.239,5,803.278,5.868,0.145,1.038,-0.409,0.534,2,217.12,3.357,-0.093,0.548,-0.409,0.534,2,0,-140.279,2.157,-0.085,0.553,-0.002,0.554,2,-126.643,2.616,-0.617,0.342,0.204,1,-997.595,1.108,-0.176,0.851,-1.669,0.803,2,-283.977,3.313,0.92,1.78,0.413,2.123,2,1484.155,6.176,-0.354,0.86,-0.562,1,-572.374,2.698,-1.148,0.703,-0.468,2,-1541.668,2.242,-0.897,0.646,0.748,0,1,-1205.726,2.049,-0.202,0.725,0.732,0.529,2,-271.694,2.23,-0.37,0.751,0.732,0.529,2,0,-497.664,3.128,-0.288,0.806,0.753,1.627,9,-386.304,3.319,-0.376,0.336,2.396,0,1,-505.603,1.054,-0.487,0.27,2.396,0,1,0,-653.071,1.189,-0.496,0.287,0.973,2.038,2,-666.37,1.015,1.632,0.694,-0.226,0.475,4,2192.884,3.364,-0.68,0.316,-0.871,1,-913.462,1.817,-0.576,0.579,-0.848,1.136,3,-772.383,1.835,-0.645,0.577,-0.848,1.136,3,0,-866.547,2.391,-0.574,0.565,-0.613,0.597,7,-770.777,2.373,0.083,0.788,-1.657,0.102,3,110.804,2.823,0.01,1.034,-1.657,0.102,3,0,13.881,3.783,0.24,0.893,-1.304,0.074,3,322.159,3.07,-0.232,0.749,-0.05,0.933,3,-374.96,3.256,-0.019,0.584,-0.428,0,1,-29.927,2.038,0.061,0.883,-0.727,0.189,2,97.505,2.958,0.231,0.765,-0.727,0.189,2,0,373.188,3.268,0.05,0.713,-0.372,0.83,12,82.428,3.054,0.689,1.727,-0.353,1.158,2,1111.735,6.243,0.765,1.585,-0.353,1.158,2,0,1236.809,5.854,0.393,1.261,-0.677,0.965,4,634.672,5.223,3448,1,20.008,-0.119,0.624,-0.458,0.149,5,-205.704,3.21,4.979,2.978,1.194,0.478,3,8586.863,9.01,-1.289,0.876,-2.351,1,-2221.95,2.907,1.633,2.073,0.911,1.789,3,2815.354,7.158,-0.433,0.542,0.777,1,-747.537,2.343,3,0.158,4,0.126,3,0.141,4,0.11,0.785,-1630.817,0,0,0,0,0,0.085,0,0,"c0_only"
3918,28.358,28.936,8.394,3366,28.669,28.833,5.086,3366,28.617,27.677,5.086,4390,28.88,28.745,2.591,-6.523,1.703,5,-12780.32,6.98,0.887,0.658,0.786,0.597,3,1737.838,2.834,3.123,1.515,2.611,2.404,7,6119.174,5.505,2.163,1.416,2.611,2.404,7,0,4237.788,5.947,1.867,1.214,1.396,1.301,13,3656.108,5.369,0.558,0.759,0.477,0.823,5,1092.982,4.159,1.124,0.964,0.477,0.823,5,0,2201.908,3.876,1.23,1,1.424,1.304,5,2409.448,3.491,-0.076,0.57,-0.506,3,-166.601,2.11,-0.247,0.928,-0.482,0.317,2,-541.225,2.993,2.321,2.125,0.442,1.528,3,5091.411,9.968,0.165,0.375,0.275,2,360.839,2.611,-1.121,0.664,-1.391,3,-1885.282,2.938,0.341,1.226,-0.117,0.027,2,574.805,4.392,0.846,1.117,0.985,0.737,3,1424.502,4.019,0.714,1.152,0.985,0.737,3,0,1201.81,4.389,1.175,1.438,1.007,1.257,10,1976.736,5.765,0.068,0.7,0.052,1.053,3,115.536,2.434,0.469,0.751,0.052,1.053,3,0,790.669,2.508,0.56,0.843,-0.013,1.205,4,943.956,3.278,0.366,1.23,0.688,1.561,8,616.179,6.004,1.726,1.168,2.189,3,2904.848,4.129,-0.207,0.848,0.156,0.96,6,-347.385,3.222,-0.056,1.021,0.156,0.96,6,0,-93.786,4.473,0.21,0.988,-0.018,0.929,13,353.413,4.473,-0.28,0.905,0.056,1.146,3,-472.33,3.324,-0.15,0.768,0.056,1.146,3,0,-251.962,2.907,-0.095,0.687,0.199,0.528,4,-159.263,2.48,-0.574,0.82,-0.341,0.786,6,-1260.729,3.4,0.818,1.292,0.182,0.782,3,1795.059,6.225,0.527,0.73,0.648,0.937,7,1157.072,2.857,0.166,0.659,0.648,0.937,7,0,364.528,3.035,0.243,0.752,-0.12,0.547,15,534.482,3.514,1.904,2.054,1.691,2.572,5,4178.409,8.691,2.083,2.099,1.691,2.572,5,0,4572.387,9.458,1.91,1.654,2.69,2.125,6,4194.596,6.915,4438,1,21.158,0.461,0.81,0.254,0.804,11,1023.344,4.46,3.774,1.62,3.353,1.52,5,8375.661,6.109,-1.363,0.819,-1.723,3,-3025.134,3.067,3.175,2.265,1.722,2.832,5,7049.089,7.606,0.224,0.718,-0.471,3,498.157,2.651,4,0.173,6,0.117,4,0.154,6,0.112,0.584,-2136.578,-4.907,0.184,0.46,0.851,1.98,0.855,0.406,1.368,"c0"
3918,28.12,29.766,9.343,1692,26.37,26.244,4.733,1692,24.816,25.217,4.733,3848,28.64,29.211,2.56,-8.59,2.739,3,-16831.589,11.845,1.396,1.095,0.997,0.691,3,2735.435,3.94,3.076,2.013,4.181,2.797,5,6024.897,6.567,2.355,1.463,4.181,2.797,5,0,4616.109,6.041,1.724,1.139,1.249,1.141,12,3376.961,5.575,0.952,0.831,1.503,0.818,5,1865.061,3.015,1.216,1.078,1.503,0.818,5,0,2383.058,4.026,1.398,1.167,2.136,1.091,5,2739.072,3.966,-0.163,0.728,-0.756,2,-312.755,2.72,-0.427,1.004,-0.728,0.814,2,-820.808,3.43,1.322,1.223,-0.409,0.698,4,2543.958,4.32,0.352,0.311,0.205,3,677.303,1.343,-1.005,0.834,-0.184,1,-850.16,3.119,1.072,1.682,-0.972,0,1,907.776,4.787,0.941,1.016,-0.098,1.147,3,797.2,3.486,0.783,1.261,-0.098,1.147,3,0,663.064,4.499,1.519,1.679,1.411,1.524,5,1285.497,6.841,0.387,0.729,-0.817,0.06,2,328.123,2.341,0.455,0.94,-0.817,0.06,2,0,384.425,2.896,0.902,0.77,-0.961,0.069,2,764.333,2.811,-0.498,1.555,-0.219,0.513,4,-421.879,6.257,2.962,2.243,-1.22,1,2506.357,6.376,0.427,1.27,-0.541,1.97,2,362.156,4.453,0.371,0.949,-0.541,1.97,2,0,314.183,3.604,0.444,0.819,0.564,1.156,6,376.099,3.541,0.258,0.971,-1.078,0,1,218.657,3.058,0.233,0.556,-1.078,0,1,0,197.459,1.94,-0.101,0.649,-0.879,0,1,-85.539,1.929,-0.162,1.242,-0.769,1.674,6,-310.931,5.368,1.189,0.878,0.708,1.215,3,2288.901,3.47,0.33,0.704,0.004,1.016,4,636.142,2.482,0.217,0.61,0.004,1.016,4,0,417.662,2.66,0.279,0.624,-0.219,0.574,13,537.622,2.621,1.039,1.447,-0.587,0.952,4,2000.392,5.016,1.308,1.561,-0.587,0.952,4,0,2514.005,6.941,1.305,1.414,0.117,1.236,4,2513.038,5.752,4362,1,21.369,0.284,0.743,0.013,0.827,13,620.254,3.375,5.044,3.008,4.025,2.673,4,11003.869,9.881,-0.882,1.055,-0.682,3,-1923.853,3.766,4.241,3.034,4.117,3.395,7,9253.302,11.823,0.179,0.852,-0.479,2,390.746,2.781,3,0.214,6,0.113,3,0.159,5,0.102,0.717,-1165.345,-11.533,0.299,0.202,1.278,2.726,0,0.14,0,"c1"
2352,25.612,25.352,6.061,0,0,0,0,0,0,0,0,2240,27.328,26.578,2.207,-9.977,1.643,0,-11736.141,6.382,0.104,1.223,2.699,0,1,119.416,5.06,1.105,1.452,0.21,1.028,2,1298.486,5.07,1.109,1.469,0.21,1.028,2,0,1304.794,4.922,0.593,0.994,0.616,1.534,6,697.392,4.014,0.023,0.744,-0.23,0,1,26.37,2.621,-0.057,0.574,-0.23,0,1,0,-67.203,1.877,-0.122,0.402,-0.305,0.5,3,-143.822,1.239,-0.883,0.16,0,0,-989.529,0.563,-2.245,0.262,0,0,0,-2515.342,1.217,2.939,1.198,0.85,2.088,2,3290.904,4.729,-0.464,0.575,0,0,-520.971,2.223,0,0,0,0,0,0,0,0,0,0,0,0,0,0,0,0,0,0,0,0,0,0,0,0,0,0,0,0,0,0,0,0,0,0,0,0,0,0,0,0,0,0,0,0,0,0,0,0,0,0,0,0,0,0,0,0,0,0,0,0,0,0,0,0,0,0,0,0,0,0,0,0,0,0,0,0,0,0,0,0,0,0,0,0,0,0,0,0,0,0,0,0,0,0,0,0,0,0,0,0,0,0,0,0,0,0,0,0,0,0,0,0,0,0,-0.43,1.03,-0.771,1.039,3,-483.506,4.368,1.705,1.564,2.411,0,1,1905.656,8.408,0.152,0.436,-0.382,0.8,2,171.046,1.916,0.12,0.718,-0.382,0.8,2,0,135.333,2.638,0.041,0.767,-0.503,0.408,6,45.505,3.266,2.317,1.286,0.741,2.268,2,2595.364,4.995,2.129,1.92,0.741,2.268,2,0,2385.5,7.64,1.82,1.49,0.197,1.371,3,2040.229,5.53,2352,1,8.268,-0.267,0.288,-0.444,0.216,5,-313.701,1.389,5.386,1.444,4.802,0,1,6336.038,4.763,-0.193,0.328,0,0,-227.749,1.096,-0.054,0.797,2.587,3.667,2,-63.738,2.986,-0.782,0.158,0,0,-919.638,0.549,2,0.314,4,0.146,2,0.267,4,0.133,0.44,-1663.395,0,0,0,0,0,0,0,0,"c0_only"
1954,25.071,25.036,6.56,1992,27.08,26.978,4.535,1992,25.756,25.643,4.535,2062,26.933,26.882,3.21,-9.405,2.042,1,-9191.146,7.853,0.594,1.025,0,0,0,578.858,3.729,0.763,1.341,1.276,0.279,2,745.935,5.4,0.803,1.849,1.276,0.279,2,0,783.599,6.679,0.598,1.346,0.565,1.106,3,583.563,5.687,0.041,0.693,0,0,0,39.174,2.107,0.004,0.47,0,0,0,0,3.08,1.588,-0.007,0.394,0.141,0.487,3,-6.914,1.456,0.571,1.008,-0.007,1,589.825,2.989,-0.361,0.592,0.357,0.003,2,-371.716,2.061,2.889,1.42,1.185,3.281,2,2979.722,6.117,-0.284,0.661,0,0,-293.41,2.019,-0.686,1.323,0.878,2,-683.714,4.665,3.267,1.426,2.283,0,1,3253.887,4.88,0.141,0.591,0.516,0.463,2,140.926,2.27,0.215,0.82,0.516,0.463,2,0,215.356,3.189,0.563,0.992,1.618,3.067,7,562.369,3.648,0.549,1.203,-0.038,0.113,2,547.638,3.726,1.235,1.318,-0.038,0.113,2,0,1230.995,4.807,1.546,1.458,0.84,1.43,2,1540.729,5.008,0.296,1.183,-1.641,3.383,7,293.829,5.111,4.243,0.741,5.143,2,4227.058,3.508,0.239,1.232,-0.642,0.196,2,238.735,4.453,0.004,1.113,-0.642,0.196,2,0,3.478,4.743,-0.151,1.071,-0.116,1.516,4,-149.716,4.047,-0.313,0.754,0.878,0.337,2,-311.087,2.642,-0.611,0.551,0.878,0.337,2,0,-608.175,2.138,-0.346,0.533,-0.636,0.399,2,-345.878,2.435,-1.344,1.756,-2.168,0.391,3,-1386.38,6.283,2.371,1.16,1.467,0.74,2,2443.81,4.066,2.065,1.428,0.433,1.868,3,2129.625,5.39,1.966,1.637,0.433,1.868,3,0,2027.553,7.389,2.27,1.864,1.915,2.662,9,2340.318,8.693,2.534,1.884,1.559,3.981,2,2614.163,6.398,3.436,2.831,1.559,3.981,2,0,3542.701,9.483,2.455,2.557,2.769,3.7,2,2533.359,7.912,2184,1,18.84,0.737,0.728,0.538,0.895,12,806.329,2.949,4.193,1.388,3.869,1.633,5,4581.676,5.931,-0.644,1.172,-0.885,1,-703.429,4.362,6.071,2.653,4.375,0.32,2,6625.975,10.845,1.274,0.455,0.78,1,1391.361,1.71,2,0.208,4,0.1,2,0.188,3,0.16,0.461,-902.154,-5.823,0,0,0,0,0.789,0,0.459,"c0_only"
4400,27.535,28.492,5.513,0,0,0,0,0,0,0,0,4078,29.676,28.723,-0.635,-6.249,0.74,3,-13750.783,3.901,-0.549,0.642,-0.065,0,1,-1209.693,3.217,0.39,1.232,-0.194,1.21,4,856.886,4.645,0.231,1.163,-0.194,1.21,4,0,504.212,4.997,0.055,0.739,-0.128,0.64,6,121.017,3.647,0.002,0.85,-0.598,0.563,2,2.356,2.745,-0.224,0.637,-0.598,0.563,2,0,-493.759,2.855,-0.19,0.486,-0.31,0.485,5,-418.039,1.75,-0.9,0.11,0,0,-1835.456,0.426,-1.122,0.935,-1.188,1.278,2,-2286.821,2.948,0.282,0.939,-0.663,1.2,3,574.848,3.497,-0.396,0.686,0,0,-808.296,2.082,0,0,0,0,0,0,0,0,0,0,0,0,0,0,0,0,0,0,0,0,0,0,0,0,0,0,0,0,0,0,0,0,0,0,0,0,0,0,0,0,0,0,0,0,0,0,0,0,0,0,0,0,0,0,0,0,0,0,0,0,0,0,0,0,0,0,0,0,0,0,0,0,0,0,0,0,0,0,0,0,0,0,0,0,0,0,0,0,0,0,0,0,0,0,0,0,0,0,0,0,0,0,0,0,0,0,0,0,0,0,0,0,0,0,-0.273,0.498,-0.03,0.434,7,-557.101,2.328,-0.257,0.445,0.147,0,1,-523.683,2.004,-0.762,0.234,-0.72,0.327,4,-1552.698,0.926,-0.586,0.311,-0.72,0.327,4,0,-1194.068,1.464,-0.646,0.34,-0.658,0.41,11,-1316.518,1.64,0.235,0.946,0.209,1.16,5,480.283,4.113,-0.014,1.301,0.209,1.16,5,0,-28.064,5.223,0.098,1.061,-0.203,1.085,5,200.848,3.767,4400,1,4.878,-0.425,0.258,-0.315,0.39,6,-935.64,1.96,3.405,0.595,3.275,1,3,7491.294,2.462,0.582,0.348,0.848,1,1281.693,1.223,-1.363,0.738,-1.844,0.712,3,-2999.287,2.656,-0.919,0.125,0,0,-2022.49,0.454,3,0.17,5,0.118,2,0.296,5,0.11,0.383,-1181.166,-6.446,0,0,0,0.24,0,0,0,"c0"
5726,28.953,29.493,7.501,3038,28.781,28.089,3.64,3038,27.977,28.25,3.64,5680,30.693,30.525,1.677,-7.706,0.886,5,-22064.284,5.15,-0.15,0.506,-0.137,0.78,2,-429.515,1.806,1.835,1.423,0.726,0.948,8,5254.314,6.914,1.221,1.418,0.726,0.948,8,0,3494.233,6.455,0.911,1.08,0.427,0.795,18,2609.349,4.907,-0.043,0.455,-0.374,0.205,3,-124.417,2.666,0.006,0.706,-0.374,0.205,3,0,15.844,3.323,0.018,0.531,-0.373,0.334,5,53.255,2.725,-0.423,0.393,-0.579,3,-1200.183,1.345,-0.637,0.763,-0.514,1.318,3,-1809.972,2.691,0.304,0.735,0.662,0.795,3,862.413,2.655,-0.434,0.286,-0.848,1,-1233.35,1.054,-1.022,0.424,-0.06,4,-1552.858,1.88,0.375,0.989,0.288,0,1,569.88,3.907,-0.12,0.427,-0.393,0.583,4,-182.784,2.456,-0.082,0.625,-0.393,0.583,4,0,-124.451,2.78,0.473,0.872,-0.426,0.512,13,718.8,3.628,-0.389,0.39,-0.414,0.794,3,-590.678,1.363,-0.291,0.54,-0.414,0.794,3,0,-442.281,1.998,0.095,0.524,-0.591,0.554,5,144.985,2.057,0.429,1.485,0.861,1.772,9,650.75,5.97,3.531,1.716,-0.909,3,5365.101,6.942,-1.366,0.322,-1.273,1.177,3,-2074.314,1.439,-1.122,0.418,-1.273,1.177,3,0,-1704.22,1.89,-0.964,0.421,-0.904,0.444,7,-1464.02,2.005,-0.839,0.785,0.586,0.96,2,-1273.631,3.3,-0.952,0.853,0.586,0.96,2,0,-1447.584,3.759,-0.788,0.735,-1.209,0.5,3,-1196.829,3.049,0.03,1.046,-0.065,0.984,9,85.247,3.967,0.623,0.773,0.442,0.861,5,1769.985,2.725,-0.258,0.616,-0.307,0.423,5,-731.945,2.276,-0.069,0.686,-0.307,0.423,5,0,-194.836,2.548,-0.15,0.747,-0.039,0.776,14,-427.228,3.219,0.191,0.786,0.659,0.754,5,542.945,3.316,0.118,1.057,0.659,0.754,5,0,333.043,5.027,0.327,0.86,-0.088,1.163,8,927.692,4.036,6024,1,16.46,-0.088,0.416,-0.046,0.581,11,-264.071,1.983,3.893,1.166,4.451,1.513,8,11727.382,4.328,-0.674,0.785,-0.806,4,-2031.903,2.976,1.063,2.122,-0.321,0.981,5,3203.412,8.522,-0.223,0.511,-0.418,2,-671.741,1.811,3,0.181,6,0.101,4,0.196,6,0.138,0.383,-2627.803,-7.78,0,0.837,0.533,0.639,0.845,0.467,0.393,"c1"
4310,27.565,28.136,6.982,626,23.135,22.579,0.392,626,22.211,23.652,0.392,5788,30.886,30.107,-0.418,-6.327,2.491,5,-13639.811,12.345,0.794,1.897,-0.493,0.389,2,1707.739,8.828,0.958,1.703,0.646,1.268,4,2062.673,6.803,0.682,1.522,0.646,1.268,4,0,1469.895,6.133,0.499,1.138,-0.081,0.567,9,1073.203,4.751,0.606,1.225,0.67,1.034,4,1305.468,4.617,0.605,1.003,0.67,1.034,4,0,1302.15,4.568,0.562,0.835,0.421,0.475,6,1210.408,3.861,-0.749,0.424,-0.768,1,-2167.17,1.839,-1.534,0.488,-1.403,0.364,2,-4439.096,1.753,0.145,0.961,-0.846,0.358,4,417.867,3.279,-0.012,0.647,-0.478,4,-36.96,2.906,0.927,0.147,0,0,290.401,0.577,-1.314,0.201,0,0,0,-411.306,0.559,-0.355,0.287,-0.918,0,1,-111.019,0.934,-0.436,0.524,-0.918,0,1,0,-136.528,1.714,-0.107,0.845,-0.482,0.843,2,-32.578,2.719,-0.716,0.12,0,0,0,-224.263,0.342,-0.991,0.127,0,0,0,0,-310.096,0.385,-0.637,0.293,0,0,0,-199.647,1.098,0.797,0.412,-0.781,0.391,2,249.558,1.369,-0.598,0.111,0,0,-186.926,0.409,-1.368,0.205,0,0,0,-428.266,0.731,-1.363,0.319,0,0,0,0,-426.146,1.141,-1.155,0.255,-0.703,0,1,-361.691,0.929,-0.678,0.085,0,0,0,-212.312,0.339,-1.701,0.142,0,0,0,0,-532.385,0.475,-1.16,0.274,0,0,0,-363.221,0.774,-0.03,0.66,0.054,0.605,5,-87.34,3.113,-0.342,0.597,-0.342,0.543,5,-990.449,2.216,-0.646,0.243,-0.632,0.2,4,-1868.929,1.088,-0.514,0.304,-0.632,0.2,4,0,-1488.054,1.412,-0.585,0.371,-0.352,0.376,17,-1692.268,1.849,0.121,0.974,-0.699,0.353,4,349.697,3.875,-0.221,0.716,-0.699,0.353,4,0,-638.203,3.175,-0.219,0.789,0.374,0.845,8,-634.511,3.309,6590,1,7.348,-0.374,0.271,-0.396,0.216,8,-1231.339,1.606,2.285,1.846,3.138,0.486,3,7529.8,5.676,0.317,0.51,0.897,1,1044.764,1.912,-0.442,1.058,-1.299,1.016,7,-1457.568,4.679,-0.758,0.231,-0.818,2,-2498.673,0.907,3,0.193,6,0.107,3,0.208,5,0.125,0.371,-4345.204,-5.098,0.641,0.225,0,4.393,0,0,0,"c2"
2234,25.175,26.736,6.535,0,0,0,0,0,0,0,0,2056,25.328,25.448,3.041,-12.935,3.886,0,-14455.688,11.851,1.824,1.241,0.341,1.392,3,2037.373,4.164,2.316,2.535,-0.48,0.488,2,2588.722,8.512,1.932,2.088,-0.48,0.488,2,0,2158.151,8.126,1.15,1.387,0.343,1.145,7,1285.399,5.808,1.071,0.802,0.751,2.098,2,1196.932,3.191,0.829,0.646,0.751,2.098,2,0,926.158,2.409,0.977,0.683,1.136,1.121,3,1091.872,2.65,-0.642,0.224,-0.898,1,-660.312,0.753,0.33,1.263,0.113,0,1,340.719,4.092,3.183,2.468,2.226,0,1,3272.343,7.754,-0.014,0.578,-0.359,1,-14.099,1.816,0,0,0,0,0,0,0,0,0,0,0,0,0,0,0,0,0,0,0,0,0,0,0,0,0,0,0,0,0,0,0,0,0,0,0,0,0,0,0,0,0,0,0,0,0,0,0,0,0,0,0,0,0,0,0,0,0,0,0,0,0,0,0,0,0,0,0,0,0,0,0,0,0,0,0,0,0,0,0,0,0,0,0,0,0,0,0,0,0,0,0,0,0,0,0,0,0,0,0,0,0,0,0,0,0,0,0,0,0,0,0,0,0,0,-0.883,0.837,-1.333,0.334,2,-907.688,3.156,0.424,0.699,0.572,0.313,2,435.84,2.423,0.545,1.164,0.175,0,1,560.725,3.723,0.559,0.851,0.175,0,1,0,575.702,3.296,0.221,0.713,0.137,0.872,6,228.088,2.432,2.632,2.514,1.919,0,1,2705.414,7.866,2.756,1.471,1.919,0,1,0,2835.979,5.151,1.427,1.454,-0.28,0,1,1465.875,5.412,2358,1,9.575,-0.323,0.246,-0.403,0.28,5,-381.011,1,5.741,1.385,6.009,0,1,6771.592,4.685,0.276,0.221,0,0,326.013,0.868,0.363,1.115,-0.125,0.736,3,427.669,4.415,-0.586,0.214,0,0,-690.743,0.759,2,0.167,3,0.142,2,0.281,3,0.187,0.702,1010.402,0,0,0,0,0,0,0,0,"c0_only"
