arm_duration,arm_inter_Kin,arm_inter_IK,arm_bbmv,lowerbody_duration,lowerbody_inter_Kin,lowerbody_inter_IK,lowerbody_bbmv,leg_duration,leg_inter_Kin,leg_inter_IK,leg_bbmv,head_duration,head_inter_Kin,head_inter_IK,head_bbmv,arm_moment_sum_Gmean,arm_moment_sum_Gstd,arm_moment_sum_pospeak_n,arm_moment_sum_integral,arm_moment_sum_range,arm_moment_sum_change_Gmean,arm_moment_sum_change_Gstd,arm_moment_sum_change_pospeak_mean,arm_moment_sum_change_pospeak_std,arm_moment_sum_change_pospeak_n,arm_moment_sum_change_integral,arm_moment_sum_change_range,arm_speedKin_sum_Gmean,arm_speedKin_sum_Gstd,arm_speedKin_sum_pospeak_mean,arm_speedKin_sum_pospeak_std,arm_speedKin_sum_pospeak_n,arm_speedKin_sum_integral,arm_speedKin_sum_range,arm_accKin_sum_Gmean,arm_accKin_sum_Gstd,arm_accKin_sum_pospeak_mean,arm_accKin_sum_pospeak_std,arm_accKin_sum_pospeak_n,arm_accKin_sum_negpeak_n,arm_accKin_sum_integral,arm_accKin_sum_range,arm_jerkKin_sum_Gmean,arm_jerkKin_sum_Gstd,arm_jerkKin_sum_pospeak_mean,arm_jerkKin_sum_pospeak_std,arm_jerkKin_sum_pospeak_n,arm_jerkKin_sum_integral,arm_jerkKin_sum_range,arm_angSpeed_sum_Gmean,arm_angSpeed_sum_Gstd,arm_angSpeed_sum_pospeak_mean,arm_angSpeed_sum_pospeak_std,arm_angSpeed_sum_pospeak_n,arm_angSpeed_sum_integral,arm_angSpeed_sum_range,arm_angAcc_sum_Gmean,arm_angAcc_sum_Gstd,arm_angAcc_sum_pospeak_mean,arm_angAcc_sum_pospeak_std,arm_angAcc_sum_pospeak_n,arm_angAcc_sum_negpeak_n,arm_angAcc_sum_integral,arm_angAcc_sum_range,arm_angJerk_sum_Gmean,arm_angJerk_sum_Gstd,arm_angJerk_sum_pospeak_mean,arm_angJerk_sum_pospeak_std,arm_angJerk_sum_pospeak_n,arm_angJerk_sum_integral,arm_angJerk_sum_range,lowerbody_power_Gmean,lowerbody_power_Gstd,lowerbody_power_pospeak_mean,lowerbody_power_pospeak_n,lowerbody_power_integral,lowerbody_power_range,leg_power_Gmean,leg_power_Gstd,leg_power_pospeak_mean,leg_power_pospeak_std,leg_power_pospeak_n,leg_power_integral,leg_power_range,head_power_Gmean,head_power_Gstd,head_power_pospeak_mean,head_power_pospeak_std,head_power_pospeak_n,head_power_integral,head_power_range,arm_power_Gmean,arm_power_Gstd,arm_power_pospeak_mean,arm_power_pospeak_n,arm_power_integral,arm_power_range,lowerbody_moment_sum_Gmean,lowerbody_moment_sum_Gstd,lowerbody_moment_sum_pospeak_mean,lowerbody_moment_sum_pospeak_n,lowerbody_moment_sum_integral,lowerbody_moment_sum_range,lowerbody_moment_sum_change_Gmean,lowerbody_moment_sum_change_Gstd,lowerbody_moment_sum_change_pospeak_mean,lowerbody_moment_sum_change_pospeak_std,lowerbody_moment_sum_change_pospeak_n,lowerbody_moment_sum_change_integral,lowerbody_moment_sum_change_range,lowerbody_speedKin_sum_Gmean,lowerbody_speedKin_sum_Gstd,lowerbody_speedKin_sum_pospeak_mean,lowerbody_speedKin_sum_pospeak_std,lowerbody_speedKin_sum_pospeak_n,lowerbody_speedKin_sum_integral,lowerbody_speedKin_sum_range,lowerbody_accKin_sum_Gmean,lowerbody_accKin_sum_Gstd,lowerbody_accKin_sum_pospeak_mean,lowerbody_accKin_sum_pospeak_std,lowerbody_accKin_sum_pospeak_n,lowerbody_accKin_sum_negpeak_n,lowerbody_accKin_sum_integral,lowerbody_accKin_sum_range,lowerbody_jerkKin_sum_Gmean,lowerbody_jerkKin_sum_Gstd,lowerbody_jerkKin_sum_pospeak_mean,lowerbody_jerkKin_sum_pospeak_std,lowerbody_jerkKin_sum_pospeak_n,lowerbody_jerkKin_sum_integral,lowerbody_jerkKin_sum_range,lowerbody_angSpeed_sum_Gmean,lowerbody_angSpeed_sum_Gstd,lowerbody_angSpeed_sum_pospeak_mean,lowerbody_angSpeed_sum_pospeak_std,lowerbody_angSpeed_sum_pospeak_n,lowerbody_angSpeed_sum_integral,lowerbody_angSpeed_sum_range,lowerbody_angAcc_sum_Gmean,lowerbody_angAcc_sum_Gstd,lowerbody_angAcc_sum_pospeak_mean,lowerbody_angAcc_sum_pospeak_std,lowerbody_angAcc_sum_pospeak_n,lowerbody_angAcc_sum_negpeak_n,lowerbody_angAcc_sum_integral,lowerbody_angAcc_sum_range,lowerbody_angJerk_sum_Gmean,lowerbody_angJerk_sum_Gstd,lowerbody_angJerk_sum_pospeak_mean,lowerbody_angJerk_sum_pospeak_std,lowerbody_angJerk_sum_pospeak_n,lowerbody_angJerk_sum_integral,lowerbody_angJerk_sum_range,leg_moment_sum_Gmean,leg_moment_sum_Gstd,leg_moment_sum_pospeak_mean,leg_moment_sum_pospeak_std,leg_moment_sum_pospeak_n,leg_moment_sum_integral,leg_moment_sum_range,leg_moment_sum_change_Gmean,leg_moment_sum_change_Gstd,leg_moment_sum_change_pospeak_mean,leg_moment_sum_change_pospeak_n,leg_moment_sum_change_integral,leg_moment_sum_change_range,leg_speedKin_sum_Gmean,leg_speedKin_sum_Gstd,leg_speedKin_sum_pospeak_mean,leg_speedKin_sum_pospeak_std,leg_speedKin_sum_pospeak_n,leg_speedKin_sum_integral,leg_speedKin_sum_range,leg_accKin_sum_Gmean,leg_accKin_sum_Gstd,leg_accKin_sum_pospeak_mean,leg_accKin_sum_pospeak_std,leg_accKin_sum_pospeak_n,leg_accKin_sum_negpeak_n,leg_accKin_sum_integral,leg_accKin_sum_range,leg_jerkKin_sum_Gmean,leg_jerkKin_sum_Gstd,leg_jerkKin_sum_pospeak_mean,leg_jerkKin_sum_pospeak_std,leg_jerkKin_sum_pospeak_n,leg_jerkKin_sum_integral,leg_jerkKin_sum_range,leg_angSpeed_sum_Gmean,leg_angSpeed_sum_Gstd,leg_angSpeed_sum_pospeak_mean,leg_angSpeed_sum_pospeak_std,leg_angSpeed_sum_pospeak_n,leg_angSpeed_sum_integral,leg_angSpeed_sum_range,leg_angAcc_sum_Gmean,leg_angAcc_sum_Gstd,leg_angAcc_sum_pospeak_mean,leg_angAcc_sum_pospeak_std,leg_angAcc_sum_pospeak_n,leg_angAcc_sum_negpeak_n,leg_angAcc_sum_integral,leg_angAcc_sum_range,leg_angJerk_sum_Gmean,leg_angJerk_sum_Gstd,leg_angJerk_sum_pospeak_mean,leg_angJerk_sum_pospeak_std,leg_angJerk_sum_pospeak_n,leg_angJerk_sum_integral,leg_angJerk_sum_range,head_moment_sum_Gmean,head_moment_sum_Gstd,head_moment_sum_pospeak_mean,head_moment_sum_pospeak_std,head_moment_sum_pospeak_n,head_moment_sum_integral,head_moment_sum_range,head_moment_sum_change_Gmean,head_moment_sum_change_Gstd,head_moment_sum_change_pospeak_mean,head_moment_sum_change_pospeak_std,head_moment_sum_change_pospeak_n,head_moment_sum_change_integral,head_moment_sum_change_range,head_speedKin_sum_Gmean,head_speedKin_sum_Gstd,head_speedKin_sum_pospeak_mean,head_speedKin_sum_pospeak_std,head_speedKin_sum_pospeak_n,head_speedKin_sum_integral,head_speedKin_sum_range,head_accKin_sum_Gmean,head_accKin_sum_Gstd,head_accKin_sum_pospeak_mean,head_accKin_sum_pospeak_std,head_accKin_sum_pospeak_n,head_accKin_sum_negpeak_n,head_accKin_sum_integral,head_accKin_sum_range,head_jerkKin_sum_Gmean,head_jerkKin_sum_Gstd,head_jerkKin_sum_pospeak_mean,head_jerkKin_sum_pospeak_std,head_jerkKin_sum_pospeak_n,head_jerkKin_sum_integral,head_jerkKin_sum_range,head_angSpeed_sum_Gmean,head_angSpeed_sum_Gstd,head_angSpeed_sum_pospeak_mean,head_angSpeed_sum_pospeak_std,head_angSpeed_sum_pospeak_n,head_angSpeed_sum_integral,head_angSpeed_sum_range,head_angAcc_sum_Gmean,head_angAcc_sum_Gstd,head_angAcc_sum_pospeak_mean,head_angAcc_sum_pospeak_std,head_angAcc_sum_pospeak_n,head_angAcc_sum_negpeak_n,head_angAcc_sum_integral,head_angAcc_sum_range,head_angJerk_sum_Gmean,head_angJerk_sum_Gstd,head_angJerk_sum_pospeak_mean,head_angJerk_sum_pospeak_std,head_angJerk_sum_pospeak_n,head_angJerk_sum_integral,head_angJerk_sum_range,duration_mov,numofArt,bbmv_total,COPc_Gmean,COPc_Gstd,COPc_pospeak_mean,COPc_pospeak_std,COPc_pospeak_n,COPc_integral,COPc_range,spine_moment_sum_Gmean,spine_moment_sum_Gstd,spine_moment_sum_pospeak_mean,spine_moment_sum_pospeak_std,spine_moment_sum_pospeak_n,spine_moment_sum_integral,spine_moment_sum_range,pelvis_moment_sum_Gmean,pelvis_moment_sum_Gstd,pelvis_moment_sum_pospeak_mean,pelvis_moment_sum_pospeak_n,pelvis_moment_sum_integral,pelvis_moment_sum_range,spine_moment_sum_change_Gmean,spine_moment_sum_change_Gstd,spine_moment_sum_change_pospeak_mean,spine_moment_sum_change_pospeak_std,spine_moment_sum_change_pospeak_n,spine_moment_sum_change_integral,spine_moment_sum_change_range,pelvis_moment_sum_change_Gmean,pelvis_moment_sum_change_Gstd,pelvis_moment_sum_change_pospeak_mean,pelvis_moment_sum_change_pospeak_n,pelvis_moment_sum_change_integral,pelvis_moment_sum_change_range,envelope_Gmean,envelope_Gstd,envelope_pospeak_mean,envelope_pospeak_std,envelope_pospeak_n,envelope_integral,envelope_range,envelope_change_Gmean,envelope_change_Gstd,envelope_change_pospeak_mean,envelope_change_pospeak_std,envelope_change_pospeak_n,envelope_change_integral,envelope_change_range,f0_Gmean,f0_Gstd,f0_pospeak_n,f0_integral,f0_range,f1_clean_Gmean,f1_clean_Gstd,f1_clean_pospeak_n,f1_clean_integral,f1_clean_range,f1_clean_vel_Gmean,f1_clean_vel_Gstd,f1_clean_vel_pospeak_mean,f1_clean_vel_pospeak_n,f1_clean_vel_range,f2_clean_Gmean,f2_clean_Gstd,f2_clean_pospeak_mean,f2_clean_pospeak_n,f2_clean_integral,f2_clean_range,f2_clean_vel_Gmean,f2_clean_vel_Gstd,f2_clean_vel_pospeak_mean,f2_clean_vel_pospeak_std,f2_clean_vel_pospeak_n,f2_clean_vel_range,f3_clean_Gmean,f3_clean_Gstd,f3_clean_pospeak_mean,f3_clean_pospeak_std,f3_clean_pospeak_n,f3_clean_integral,f3_clean_range,f3_clean_vel_Gmean,f3_clean_vel_Gstd,f3_clean_vel_pospeak_mean,f3_clean_vel_pospeak_std,f3_clean_vel_pospeak_n,f3_clean_vel_range,CoG_pospeak_n,duration_voc,VSA_f1f2,body_nComp_80,body_slope_80,body_nComp_95,body_slope_95,arm_nComp_80,arm_slope_80,arm_nComp_95,arm_slope_95,arm_coupling,arm_asymmetry,arm_moment_sum_pospeak_mean,arm_power_pospeak_std,pelvis_moment_sum_change_pospeak_std,pelvis_moment_sum_pospeak_std,f1_clean_vel_integral,f2_clean_vel_integral,f3_clean_vel_integral,arm_moment_sum_pospeak_std,lowerbody_moment_sum_pospeak_std,f1_clean_pospeak_mean,lowerbody_power_pospeak_std,leg_moment_sum_change_pospeak_std,f2_clean_pospeak_std,f1_clean_pospeak_std,f1_clean_vel_pospeak_std,CoG_Gmean,CoG_Gstd,CoG_pospeak_mean,CoG_pospeak_std,CoG_integral,CoG_range,correction_info
3988.0,26.197,26.728,8.472,2020.0,26.58,26.181,5.4,2020.0,26.759,26.533,5.4,3352.0,28.168,27.83,1.691,-10.81,4.79,0.0,-21562.05,15.32,0.852,1.359,-0.29,0.53,3.0,1701.445,5.41,2.328,2.226,0.683,1.59,5.0,4644.373,8.606,1.215,1.586,0.683,1.59,5.0,0.0,2423.241,6.561,0.598,0.775,0.233,0.623,10.0,1192.87,3.607,0.664,0.869,0.011,1.019,2.0,1324.239,3.357,0.159,0.482,0.011,1.019,2.0,0.0,316.868,1.771,0.091,0.409,-0.1,0.159,3.0,180.68,1.605,-0.104,1.116,-0.972,1.0,-174.11,3.495,-0.515,1.057,-0.857,1.983,2.0,-862.446,3.657,2.359,2.232,1.749,1.624,2.0,3955.898,7.942,-0.22,0.457,-0.29,1.0,-369.837,2.308,-0.507,0.679,-0.736,1.0,-512.556,2.158,0.19,1.145,-1.715,0.515,2.0,192.749,3.912,0.483,1.093,-0.717,0.296,2.0,488.946,3.587,0.468,1.128,-0.717,0.296,2.0,0.0,474.217,3.703,0.743,1.391,-0.356,1.183,6.0,751.375,4.792,0.462,1.187,0.463,1.774,2.0,468.171,3.601,0.686,1.038,0.463,1.774,2.0,0.0,693.752,3.446,0.803,1.005,1.345,2.329,2.0,811.996,3.794,-1.848,1.336,-2.509,1.598,3.0,-1867.2,5.344,0.141,0.259,0.242,1.0,142.778,1.242,0.329,1.075,-0.411,1.631,2.0,332.715,3.455,0.719,1.155,-0.411,1.631,2.0,0.0,727.239,4.765,0.519,1.215,1.056,2.066,5.0,523.845,4.975,0.265,1.192,-0.533,1.873,2.0,269.136,4.166,-0.082,1.425,-0.533,1.873,2.0,0.0,-82.187,5.107,0.03,1.257,-0.307,0.89,2.0,31.386,3.905,-0.144,1.189,0.847,0.718,3.0,-241.155,4.457,0.971,0.706,1.161,1.347,3.0,1628.253,2.754,0.109,0.627,-0.015,0.765,5.0,182.611,2.789,0.173,0.773,-0.015,0.765,5.0,0.0,288.946,3.26,0.178,0.851,0.07,0.73,12.0,299.473,3.742,1.86,2.204,2.04,1.51,3.0,3119.003,8.478,1.972,2.912,2.04,1.51,3.0,0.0,3306.053,10.376,1.866,2.555,0.638,2.229,4.0,3128.102,9.945,3988.0,1.0,20.964,-0.164,0.46,-0.257,0.422,8,-325.983,2.471,4.906,2.125,4.17,2.945,3,9786.066,6.978,-0.079,0.643,0.133,1,-157.957,3.098,0.647,1.073,0.192,2.193,5,1290.239,4.426,-0.3,0.999,-0.748,1,-598.182,3.68,1.642,1.331,-0.529,0.0,3.0,998.807,4.948,1.036,0.985,-0.478,0.001,6.0,630.417,3.346,-0.449,0.661,1.0,-272.504,2.169,-1.225,0.338,2.0,-744.49,2.927,0.009,0.38,1.184,6.0,6.222,-1.536,0.829,1.646,3.0,-934.607,4.939,0.052,0.948,1.145,1.981,5.0,16.538,0.053,0.488,0.761,0.121,6.0,32.202,4.092,0.04,0.587,0.909,0.606,9.0,8.84,0.0,1214.0,2.008,3,0.225,6,0.113,2,0.279,5,0.105,0.609,-1577.154,0.0,0.0,0.0,0.0,0.0,0.0,0.0,0.0,0.0,0.0,0.0,0.0,0.0,0.0,0.0,0.0,0.0,0.0,0.0,0.0,0.0,c0
3868.0,26.674,28.122,8.148,2870.0,28.319,28.291,6.487,2870.0,27.096,27.8,6.487,3546.0,28.466,27.9,0.771,-10.363,3.515,1.0,-20048.14,11.523,1.804,1.627,-0.545,0.431,2.0,3486.586,5.874,1.798,2.124,0.585,1.706,4.0,3478.847,7.326,1.012,1.588,0.585,1.706,4.0,0.0,1957.41,6.328,0.364,0.992,0.074,1.343,6.0,703.751,4.451,1.184,1.064,-0.575,0.773,2.0,2288.737,3.759,0.838,0.635,-0.575,0.773,2.0,0.0,1619.831,2.289,0.776,0.617,0.366,0.765,4.0,1502.043,2.462,-0.419,0.649,-0.846,1.0,-743.766,2.166,-0.22,0.95,-0.371,1.119,2.0,-389.734,3.255,2.886,1.632,1.314,0.801,2.0,5117.368,6.505,0.272,0.661,-0.93,2.0,482.76,2.251,-0.705,0.782,0.414,1.0,-1011.811,2.461,-0.673,0.946,-1.713,0.0,1.0,-967.313,3.733,-0.369,0.766,-0.256,1.392,2.0,-530.101,2.945,-0.174,1.081,-0.256,1.392,2.0,0.0,-250.826,3.966,-0.01,1.24,0.39,1.802,6.0,-13.731,4.378,-0.124,0.683,-0.833,0.0,1.0,-177.914,2.102,-0.231,0.615,-0.833,0.0,1.0,0.0,-330.85,2.074,-0.247,0.71,-0.868,0.14,2.0,-354.693,2.356,-0.593,0.738,-0.058,0.2,3.0,-851.121,3.622,-0.638,1.121,0.0,0.0,-916.068,3.41,-0.293,1.099,-0.946,1.092,3.0,-420.697,3.538,-0.101,0.845,-0.946,1.092,3.0,0.0,-144.446,3.321,-0.362,0.626,-0.387,0.876,5.0,-519.251,2.724,0.059,1.074,-1.006,0.634,2.0,85.036,3.242,-0.068,1.084,-1.006,0.634,2.0,0.0,-97.719,4.108,-0.065,1.044,-1.125,0.377,3.0,-92.574,3.243,0.151,1.069,0.002,1.157,5.0,268.392,4.161,0.641,0.546,-0.129,0.458,2.0,1136.3,2.144,-0.411,0.429,-0.706,0.393,4.0,-727.747,1.685,-0.165,0.496,-0.706,0.393,4.0,0.0,-292.974,2.449,-0.243,0.502,-0.393,0.503,7.0,-431.306,2.553,2.282,1.706,0.976,1.179,2.0,4046.086,7.656,1.819,1.25,0.976,1.179,2.0,0.0,3223.392,7.265,1.747,1.438,0.876,0.88,4.0,3098.08,5.987,3868.0,1.0,21.893,-0.404,0.271,-0.516,0.166,11,-781.577,1.32,8.569,3.901,9.052,0.794,2,16578.09,12.386,-0.322,0.972,0.354,1,-623.631,2.985,2.526,3.245,-0.119,1.485,3,4886.352,12.717,-0.367,0.67,-0.711,2,-709.684,2.259,1.86,1.472,-0.531,0.0,2.0,997.555,4.945,0.702,0.894,-0.478,0.0,4.0,376.466,4.394,-0.438,1.127,0.0,0.0,2.991,-1.111,0.311,1.0,0.0,1.49,0.047,0.134,0.0,3.0,1.72,-1.712,0.495,0.0,1.0,0.0,4.77,0.103,0.964,0.0,0.0,4.0,17.593,-0.381,0.645,0.0,0.0,1.0,0.0,4.768,0.059,0.75,0.0,0.0,6.0,11.114,0.0,1070.0,1.281,3,0.186,5,0.117,3,0.186,5,0.127,0.352,-2324.127,-10.974,0.301,0.26,0.0,0.0,0.0,0.0,0.0,0.0,0.0,0.0,0.0,0.0,0.0,0.0,0.0,0.0,0.0,0.0,0.0,0.0,c1
4014.0,26.449,27.565,8.465,874.0,23.434,23.04,2.861,874.0,22.945,22.932,2.861,3406.0,28.4,26.972,1.194,-13.136,5.615,1.0,-26371.864,18.782,1.737,1.495,0.41,1.483,4.0,3486.383,6.233,2.162,2.679,0.902,1.71,5.0,4340.929,11.254,1.208,2.308,0.902,1.71,5.0,0.0,2423.223,10.314,0.625,1.287,0.218,0.706,11.0,1254.7,6.033,1.088,1.137,0.049,0.906,3.0,2184.483,3.899,0.515,0.764,0.049,0.906,3.0,0.0,1033.16,3.212,0.387,0.7,0.379,0.725,4.0,778.038,2.884,-0.926,0.17,-1.046,1.0,-1577.394,0.624,-0.793,0.563,-0.437,0.002,2.0,-1350.63,2.278,0.402,1.721,-0.693,0.493,2.0,683.734,6.026,-0.358,0.253,-0.819,2.0,-610.024,0.94,-0.095,0.482,0.0,0.0,-42.254,1.407,-0.283,0.154,0.0,0.0,0.0,-123.459,0.609,-0.287,0.467,0.0,0.0,0.0,-125.945,1.969,-0.403,0.65,0.0,0.0,0.0,0.0,-177.22,2.488,-0.531,0.487,-0.701,0.637,2.0,-231.717,1.658,-0.633,0.203,0.0,0.0,0.0,-276.645,0.591,-0.797,0.263,0.0,0.0,0.0,0.0,-348.089,0.808,-0.428,0.239,0.0,0.0,0.0,-186.894,0.811,-0.431,0.567,-0.753,0.0,1.0,-187.967,1.793,-1.061,0.086,0.0,0.0,-463.663,0.328,-0.698,0.473,-2.359,0.0,1.0,-304.771,1.56,-0.703,0.513,-2.359,0.0,1.0,0.0,-307.261,1.724,-0.597,0.443,-1.029,0.582,3.0,-260.597,1.851,-0.959,0.368,-1.953,0.0,1.0,-419.448,1.402,-0.816,0.543,-1.953,0.0,1.0,0.0,-356.525,1.74,-0.681,0.418,-1.469,0.0,1.0,-297.221,1.324,0.079,0.802,-0.238,1.054,5.0,134.925,3.682,-0.023,0.573,0.103,0.892,2.0,-39.691,2.119,0.066,0.766,0.089,1.507,3.0,113.339,2.881,0.25,0.879,0.089,1.507,3.0,0.0,427.412,3.568,0.11,0.956,-0.185,0.844,8.0,188.711,3.947,0.331,1.645,-0.555,0.939,2.0,563.501,5.922,-0.118,1.082,-0.555,0.939,2.0,0.0,-201.997,4.526,-0.224,1.074,0.736,1.265,4.0,-379.459,4.69,4148.0,1.0,15.382,-0.381,0.236,-0.507,0.136,7,-790.895,1.083,5.49,2.293,4.61,4.654,2,11389.5,7.686,0.025,0.479,0.059,2,51.868,1.384,0.197,1.155,-0.915,0.669,4,410.213,4.135,-0.681,0.266,-0.863,2,-1411.58,0.835,1.751,1.567,-0.529,0.0,3.0,1212.219,4.941,0.875,1.2,-0.47,0.02,5.0,605.773,5.31,-0.412,0.923,2.0,-284.273,3.484,-1.284,0.331,3.0,-886.954,1.419,0.047,0.141,-0.546,4.0,1.625,-1.823,0.86,-0.953,4.0,-1262.124,4.996,0.03,1.257,-0.074,0.164,5.0,22.723,-0.383,0.771,-0.803,0.134,5.0,-265.142,5.418,0.028,0.813,0.258,0.314,11.0,15.34,0.0,1382.0,1.417,3,0.184,6,0.107,3,0.181,4,0.152,0.946,-870.97,-17.502,0.275,0.086,0.178,32.065,21.307,19.433,0.0,0.0,0.0,0.0,0.0,0.0,0.0,0.0,0.0,0.0,0.0,0.0,0.0,0.0,c2
4046.0,26.207,28.558,8.482,3750.0,28.421,28.796,6.124,3750.0,27.973,28.132,6.124,4680.0,28.812,28.33,2.574,-5.288,2.424,2.0,-10698.373,8.87,0.575,0.972,-0.227,0.708,5.0,1163.143,3.8,1.957,2.356,0.513,1.316,5.0,3959.699,9.573,1.165,1.727,0.513,1.316,5.0,0.0,2355.509,7.266,0.525,0.902,-0.126,0.58,8.0,1062.032,4.387,1.409,1.13,1.275,0.305,2.0,2849.611,4.515,1.075,0.756,1.275,0.305,2.0,0.0,2174.935,3.03,1.08,0.835,1.424,1.134,3.0,2183.845,3.647,-0.671,0.362,-0.434,1.0,-1570.33,1.275,-0.576,0.944,-1.583,0.391,3.0,-1349.802,4.454,2.207,2.966,-0.471,1.399,3.0,5164.884,10.724,0.93,0.764,0.691,2.0,2175.956,2.918,0.278,0.533,0.327,2.0,522.256,2.025,-0.725,0.661,-1.512,0.259,2.0,-1359.44,2.314,0.247,1.18,0.315,1.33,3.0,463.661,4.383,0.397,1.342,0.315,1.33,3.0,0.0,745.099,5.084,0.462,1.254,-0.208,1.071,9.0,865.886,5.038,-0.551,0.307,-0.895,0.0,1.0,-1032.358,1.125,-0.609,0.336,-0.895,0.0,1.0,0.0,-1141.735,1.277,-0.334,0.347,-0.625,0.217,4.0,-625.281,1.196,0.552,1.015,0.246,1.433,4.0,1037.209,4.227,-0.909,0.213,-0.899,1.0,-1705.05,0.873,-0.339,0.909,-0.359,1.58,4.0,-634.13,3.346,-0.139,0.78,-0.359,1.58,4.0,0.0,-260.316,2.864,-0.284,0.562,-0.278,0.678,7.0,-531.193,2.442,-0.494,0.79,0.037,1.162,3.0,-926.558,2.803,-0.525,0.631,0.037,1.162,3.0,0.0,-984.156,2.236,-0.436,0.458,-0.3,0.791,4.0,-817.744,1.893,-0.595,1.004,-0.216,0.84,6.0,-1393.58,4.969,0.58,1.335,0.638,1.57,4.0,1355.307,4.155,-0.042,0.673,-0.217,0.769,6.0,-98.681,2.808,0.136,0.643,-0.217,0.769,6.0,0.0,319.407,2.543,0.004,0.601,-0.176,0.625,11.0,9.109,3.042,1.787,2.685,-0.698,0.823,3.0,4181.225,10.135,1.522,2.285,-0.698,0.823,3.0,0.0,3564.004,8.961,1.259,1.775,1.345,2.818,6.0,2946.791,7.748,4680.0,1.0,23.304,0.002,0.697,-0.052,0.843,12,4.616,4.733,7.229,4.104,6.465,4.952,3,16918.84,12.624,0.227,0.534,0.359,2,530.479,2.122,1.884,2.82,0.646,2.819,4,4410.868,10.525,-0.584,0.269,-0.655,2,-1365.802,1.063,0.376,1.44,-0.406,0.028,2.0,356.779,4.949,0.299,1.404,0.205,1.186,3.0,283.051,7.437,-0.717,0.71,2.0,0.0,3.289,-0.899,0.63,1.0,0.0,2.792,0.063,0.939,0.262,4.0,13.96,-1.03,1.393,0.0,2.0,0.0,4.602,0.116,1.237,0.0,0.0,3.0,15.408,0.02,0.718,2.145,0.0,3.0,0.0,3.578,0.068,0.68,2.051,0.0,5.0,8.404,0.0,1894.0,1.971,3,0.224,6,0.122,3,0.226,5,0.143,0.376,-2464.254,-6.733,0.25,0.194,0.251,0.0,0.0,0.0,1.868,0.222,0.098,0.0,0.0,0.0,0.0,0.0,0.0,0.0,0.0,0.0,0.0,0.0,c0
4708.0,26.502,28.717,8.309,4508.0,29.76,28.762,6.005,4508.0,28.679,29.4,6.005,4758.0,29.699,28.983,2.743,-4.052,2.956,3.0,-9540.409,9.429,0.913,1.447,-0.156,0.743,4.0,2148.985,5.458,1.687,2.235,0.796,1.867,4.0,3971.833,9.656,0.683,1.39,0.796,1.867,4.0,0.0,1607.486,6.043,0.255,0.858,-0.029,0.689,11.0,599.004,4.419,0.739,0.93,-0.213,0.683,3.0,1740.487,3.261,0.364,0.597,-0.213,0.683,3.0,0.0,855.038,2.994,0.448,0.701,0.558,0.633,5.0,1055.747,2.854,0.274,1.101,-0.363,4.0,651.142,4.141,0.12,0.886,-0.628,0.815,3.0,285.974,3.539,2.506,2.74,1.474,1.982,4.0,5960.064,9.24,0.45,0.723,-0.205,3.0,1071.024,2.504,-0.309,0.686,-0.411,4.0,-695.366,3.174,-0.132,1.154,-0.632,1.007,3.0,-296.958,4.136,-0.036,0.761,-0.35,0.324,5.0,-80.916,3.086,-0.165,0.846,-0.35,0.324,5.0,0.0,-372.599,3.714,0.042,1.126,-0.252,0.951,12.0,94.523,5.204,0.174,1.0,-0.452,0.291,3.0,390.46,4.071,0.291,1.113,-0.452,0.291,3.0,0.0,657.475,4.424,0.343,1.049,-0.641,0.243,4.0,773.184,3.624,1.21,1.329,1.022,1.867,6.0,2729.904,6.638,0.061,2.137,-0.607,3.0,135.128,7.831,-0.125,1.308,0.292,2.061,5.0,-282.79,5.791,-0.18,1.324,0.292,2.061,5.0,0.0,-405.502,6.021,-0.144,1.258,-0.095,1.619,15.0,-324.708,6.004,0.082,0.931,-0.496,0.993,5.0,186.537,3.129,-0.174,1.05,-0.496,0.993,5.0,0.0,-392.29,4.022,-0.011,0.786,-0.018,0.951,6.0,-25.163,3.254,-0.284,1.794,-0.471,1.494,7.0,-675.308,7.851,1.977,1.497,2.039,1.334,5.0,4702.441,6.888,-0.079,0.731,-0.201,1.191,3.0,-187.958,3.083,0.082,0.932,-0.201,1.191,3.0,0.0,195.559,4.112,0.022,0.959,-0.112,1.037,14.0,51.85,4.862,2.184,2.739,1.208,2.558,4.0,5193.672,10.495,1.632,2.565,1.208,2.558,4.0,0.0,3877.923,10.885,1.588,2.58,1.77,1.961,7.0,3775.751,10.741,4776.0,1.0,23.062,-0.113,0.43,-0.155,0.275,11,-269.325,1.958,7.964,3.983,6.354,6.208,2,19023.7,12.235,-0.339,0.649,-0.704,3,-809.195,2.66,2.249,3.032,0.516,2.603,5,5369.529,12.264,-0.226,0.477,-0.53,3,-538.329,1.791,1.764,1.142,-0.419,0.0,3.0,903.469,4.821,1.094,1.493,-0.477,0.003,5.0,558.274,7.183,-0.858,0.837,1.0,0.0,3.524,-1.128,0.176,1.0,0.0,1.041,0.04,0.081,0.0,1.0,0.911,-1.7,0.3,0.0,2.0,0.0,1.281,0.019,0.221,-0.198,0.0,6.0,2.921,-0.447,0.471,0.399,0.0,5.0,0.0,2.173,0.039,0.346,0.483,0.0,5.0,3.25,0.0,1022.0,-0.183,3,0.154,6,0.094,4,0.165,6,0.119,0.732,-2762.464,-4.042,0.581,0.479,0.75,0.0,0.0,0.0,4.656,0.725,0.0,0.515,0.471,0.0,0.0,0.0,0.0,0.0,0.0,0.0,0.0,0.0,c1
4004.0,26.978,28.554,8.699,3598.0,28.801,28.616,5.723,3598.0,28.179,28.7,5.723,4008.0,29.396,28.466,2.057,-5.741,1.762,2.0,-11497.538,7.978,0.606,0.777,-0.108,0.454,3.0,1212.54,2.769,2.242,2.188,-0.323,1.014,2.0,4488.594,7.811,1.968,1.727,-0.323,1.014,2.0,0.0,3939.323,7.412,1.199,0.697,0.566,1.248,3.0,2400.551,4.49,2.066,0.792,2.174,0.877,3.0,4135.833,2.779,1.368,0.811,2.174,0.877,3.0,0.0,2739.206,3.079,1.124,0.761,0.636,0.511,4.0,2249.341,2.97,-0.401,0.292,-0.274,2.0,-802.945,1.068,0.551,1.303,0.106,2.061,3.0,1103.424,4.534,2.866,2.339,0.787,3.254,2.0,5742.931,9.009,1.679,0.495,0.557,3.0,3364.167,1.66,1.374,0.509,1.348,3.0,2472.692,1.717,-0.616,0.465,-0.636,0.069,2.0,-1108.841,2.636,-0.335,0.442,0.281,1.489,3.0,-604.345,2.415,-0.271,0.756,0.281,1.489,3.0,0.0,-490.606,3.914,-0.184,0.689,0.544,1.433,9.0,-331.39,3.106,-0.456,0.256,-0.4,0.209,2.0,-820.916,1.074,-0.426,0.386,-0.4,0.209,2.0,0.0,-766.792,1.444,-0.25,0.395,-0.511,0.078,3.0,-450.268,1.694,0.028,1.559,-0.884,0.917,5.0,50.539,5.137,-0.369,0.526,-0.72,3.0,-664.459,1.848,-0.435,0.868,-0.669,0.725,5.0,-783.761,3.098,-0.225,0.813,-0.669,0.725,5.0,0.0,-404.43,3.406,-0.147,0.707,-0.03,0.781,10.0,-264.157,2.672,0.476,1.316,-0.512,1.217,5.0,855.466,4.551,0.413,1.298,-0.512,1.217,5.0,0.0,742.271,5.085,0.665,1.202,-0.21,1.059,6.0,1196.918,4.57,-0.413,1.265,-0.567,0.972,4.0,-825.402,5.569,0.978,1.054,0.368,1.293,3.0,1960.414,3.809,-0.152,0.547,-0.279,0.327,3.0,-304.803,2.095,-0.176,0.502,-0.279,0.327,3.0,0.0,-353.214,2.317,-0.28,0.582,-0.484,0.426,9.0,-560.393,2.881,2.37,2.223,0.488,2.884,2.0,4749.676,8.12,2.089,2.068,0.488,2.884,2.0,0.0,4186.411,8.223,1.574,1.887,0.41,2.435,3.0,3154.144,6.339,4290.0,1.0,22.203,-0.08,0.503,-0.233,0.428,10,-170.953,2.277,5.683,3.31,5.691,4.006,5,12194.18,9.415,1.115,0.533,1.062,2,2392.632,2.778,2.464,2.922,1.186,0.838,3,5287.789,9.671,-0.538,0.367,-0.669,1,-1155.302,1.604,1.502,1.082,-0.513,0.0,3.0,571.097,4.904,1.313,1.171,-0.478,0.0,4.0,498.9,4.633,-0.41,1.168,1.0,0.0,3.847,-1.115,0.306,0.0,0.0,2.001,0.024,0.312,0.0,3.0,3.221,-1.53,0.165,0.0,1.0,0.0,0.714,0.021,0.13,0.0,0.0,4.0,1.41,-0.303,0.251,0.0,0.0,1.0,0.0,2.406,0.021,0.438,0.0,0.0,3.0,7.246,0.0,758.0,-0.047,4,0.178,5,0.143,3,0.199,5,0.13,0.669,-2865.505,-3.887,1.285,0.0,0.144,0.0,0.0,0.0,5.212,0.922,0.0,0.307,0.371,0.0,0.0,0.0,0.0,0.0,0.0,0.0,0.0,0.0,c2
0.0,0.0,0.0,0.0,784.0,23.222,22.753,2.313,784.0,22.135,22.887,2.313,2508.0,27.653,27.593,0.649,0.0,0.0,0.0,0.0,0.0,0.0,0.0,0.0,0.0,0.0,0.0,0.0,0.0,0.0,0.0,0.0,0.0,0.0,0.0,0.0,0.0,0.0,0.0,0.0,0.0,0.0,0.0,0.0,0.0,0.0,0.0,0.0,0.0,0.0,0.0,0.0,0.0,0.0,0.0,0.0,0.0,0.0,0.0,0.0,0.0,0.0,0.0,0.0,0.0,0.0,0.0,0.0,0.0,0.0,0.0,0.0,-0.871,0.094,0.0,0.0,-1092.413,0.359,-1.994,0.237,0.0,0.0,0.0,-2500.195,1.116,0.377,0.658,0.859,0.023,2.0,471.672,2.39,0.49,0.676,-0.115,1.0,614.363,2.192,0.771,0.375,0.634,1.0,303.01,1.308,-0.011,0.385,0.0,0.0,0.0,-3.938,1.157,-0.519,0.298,-0.833,0.0,1.0,-203.209,0.875,-0.303,0.467,-0.833,0.0,1.0,0.0,-118.795,1.464,0.08,0.717,-0.066,1.706,2.0,31.131,2.373,-0.702,0.129,0.0,0.0,0.0,-275.149,0.42,-0.818,0.291,0.0,0.0,0.0,0.0,-320.471,0.853,-0.439,0.303,0.0,0.0,0.0,-172.469,0.961,-0.109,0.197,-1.052,0.0,1.0,-42.637,0.834,-1.432,0.142,0.0,0.0,-561.15,0.46,-0.576,0.528,-2.274,0.0,1.0,-225.879,1.589,-0.349,0.48,-2.274,0.0,1.0,0.0,-136.525,1.78,-0.111,0.602,-1.232,0.43,2.0,-43.691,2.2,-1.567,0.233,0.0,0.0,0.0,-614.12,0.743,-1.535,0.273,0.0,0.0,0.0,0.0,-601.612,0.826,-1.187,0.291,-1.248,0.0,1.0,-465.299,0.941,-0.302,1.413,-0.299,0.358,2.0,-378.49,4.962,0.89,0.739,0.954,0.0,1.0,1116.846,2.463,0.277,0.917,-0.562,0.454,3.0,348.289,3.218,0.51,1.086,-0.562,0.454,3.0,0.0,641.464,3.549,0.553,1.318,0.008,0.873,8.0,694.187,5.028,0.316,1.095,0.963,0.263,2.0,395.399,4.268,0.766,1.452,0.963,0.263,2.0,0.0,961.755,5.779,0.997,1.107,0.108,1.002,3.0,1249.882,4.696,2508.0,1.0,5.276,-0.388,0.279,-0.561,0.091,5,-486.384,1.348,-0.093,0.513,-0.04,0.483,2,-117.124,1.822,0.549,0.429,0.73,1,687.922,1.543,-0.833,0.735,0.387,0.0,1,-1045.499,2.619,-0.436,0.33,0.0,0,-546.793,1.088,0.807,1.234,0.338,1.301,3.0,755.636,4.918,0.679,1.448,-0.382,0.249,8.0,633.885,7.423,0.298,0.994,0.0,0.0,2.566,-1.526,0.174,0.0,0.0,0.599,0.048,0.047,0.0,0.0,0.901,-0.638,1.276,-0.91,7.0,0.0,5.016,-0.001,1.679,2.052,2.619,10.0,26.062,-1.066,1.038,-1.796,1.369,7.0,0.0,5.194,0.021,0.88,0.067,0.111,8.0,10.898,0.0,1870.0,0.723,3,0.213,4,0.177,0,0.0,0,0.0,0.0,0.0,0.0,0.0,0.0,0.0,0.0,0.0,0.0,0.0,0.0,0.0,0.0,0.0,0.867,0.0,0.0,0.0,0.0,0.0,0.0,0.0,0.0,c0
5248.0,28.973,31.658,10.919,4930.0,28.905,29.8,14.893,4930.0,28.25,30.458,14.893,5044.0,29.694,32.132,6.187,-10.549,2.554,3.0,-27685.685,12.252,1.329,1.36,1.335,0.453,3.0,3482.766,8.612,3.419,1.861,2.954,1.312,8.0,8970.573,7.151,1.851,1.588,2.954,1.312,8.0,0.0,4858.141,7.207,1.705,1.38,1.965,1.617,17.0,4475.676,6.537,2.608,2.086,3.08,1.967,4.0,6840.815,7.139,5.556,3.48,3.08,1.967,4.0,0.0,14578.563,12.982,6.349,3.934,6.489,3.279,7.0,16662.468,14.267,0.261,0.581,1.291,1.0,657.54,1.845,1.248,0.818,1.668,0.356,3.0,3147.133,4.389,0.542,1.042,1.077,1.382,3.0,1365.749,4.313,0.567,1.37,1.177,1.0,1428.403,7.539,-0.549,0.574,-0.901,5.0,-1353.28,2.315,-0.13,0.22,-0.159,0.0,1.0,-321.666,0.947,1.632,3.115,2.194,4.472,4.0,4022.533,11.942,1.497,3.59,2.194,4.472,4.0,0.0,3691.431,15.403,1.226,3.144,1.187,2.736,15.0,3023.35,14.336,0.633,0.974,0.177,0.547,3.0,1562.104,3.427,0.16,0.622,0.177,0.547,3.0,0.0,393.765,2.384,0.672,1.264,1.225,1.674,6.0,1656.461,5.317,-1.186,1.137,-0.84,0.214,6.0,-2924.171,5.158,0.263,0.563,0.356,3.0,649.101,1.791,8.004,10.007,7.441,9.672,7.0,19730.901,40.029,6.334,7.83,7.441,9.672,7.0,0.0,15612.408,37.322,5.199,7.137,5.212,7.329,18.0,12816.333,33.501,1.376,1.069,0.646,0.977,5.0,3392.633,4.27,1.819,1.266,0.646,0.977,5.0,0.0,4483.468,5.498,1.621,1.818,1.406,1.769,5.0,3998.042,6.118,-0.489,1.661,-0.179,1.229,5.0,-1232.84,8.221,1.595,0.964,1.827,0.617,6.0,4021.262,4.318,1.831,1.909,0.971,0.688,9.0,4620.793,9.049,2.133,3.083,0.971,0.688,9.0,0.0,5380.377,13.006,1.908,2.961,2.06,2.948,19.0,4811.438,13.702,0.694,1.462,0.554,1.55,5.0,1748.073,5.721,2.466,2.166,0.554,1.55,5.0,0.0,6219.403,9.67,4.486,3.783,4.053,3.17,8.0,11315.346,15.62,5268.0,1.0,46.891,6.894,9.727,3.502,3.22,24,18163.45,51.045,7.344,3.239,6.477,3.075,8,19350.439,16.528,-0.292,1.019,-0.343,4,-769.0,4.616,1.412,0.912,1.662,0.626,6,3718.105,3.968,-0.141,0.235,0.25,1,-371.958,0.809,0.0,0.0,0.0,0.0,0.0,0.0,0.0,0.0,0.0,0.0,0.0,0.0,0.0,0.0,0.0,0.0,0.0,0.0,0.0,0.0,0.0,0.0,0.0,0.0,0.0,0.0,0.0,0.0,0.0,0.0,0.0,0.0,0.0,0.0,0.0,0.0,0.0,0.0,0.0,0.0,0.0,0.0,0.0,0.0,0.0,0.0,0.0,0.0,0.0,0.0,0.0,0.0,0.0,0.0,0.0,0.0,0.0,4,0.161,8,0.092,3,0.197,6,0.106,0.465,-7180.84,-10.866,0.0,0.0,1.077,0.0,0.0,0.0,1.171,0.674,0.0,0.0,0.327,0.0,0.0,0.0,0.0,0.0,0.0,0.0,0.0,0.0,c0
1784.0,25.011,24.19,6.604,0.0,0.0,0.0,0.0,0.0,0.0,0.0,0.0,4184.0,29.529,28.758,-0.981,-4.818,1.512,0.0,-4299.609,5.112,0.175,0.619,1.003,0.0,1.0,155.826,2.135,1.532,2.396,-0.793,0.06,2.0,1364.41,8.328,2.341,2.604,-0.793,0.06,2.0,0.0,2089.864,8.124,1.796,1.798,-0.218,0.696,5.0,1599.791,6.864,0.682,1.091,-1.201,0.0,1.0,607.023,3.887,0.55,0.514,-1.201,0.0,1.0,0.0,491.006,1.652,0.378,0.509,-0.563,0.043,2.0,336.906,1.822,-1.045,0.14,0.0,0.0,-2186.818,0.605,-2.054,0.361,-2.222,0.0,1.0,-4298.935,1.671,-0.472,0.85,-1.421,0.0,1.0,-988.464,3.331,0.659,1.091,-0.572,2.0,1377.482,3.408,0.0,0.0,0.0,0.0,0.0,0.0,0.0,0.0,0.0,0.0,0.0,0.0,0.0,0.0,0.0,0.0,0.0,0.0,0.0,0.0,0.0,0.0,0.0,0.0,0.0,0.0,0.0,0.0,0.0,0.0,0.0,0.0,0.0,0.0,0.0,0.0,0.0,0.0,0.0,0.0,0.0,0.0,0.0,0.0,0.0,0.0,0.0,0.0,0.0,0.0,0.0,0.0,0.0,0.0,0.0,0.0,0.0,0.0,0.0,0.0,0.0,0.0,0.0,0.0,0.0,0.0,0.0,0.0,0.0,0.0,0.0,0.0,0.0,0.0,0.0,0.0,0.0,0.0,0.0,0.0,0.0,0.0,0.0,0.0,0.0,0.0,0.0,0.0,0.0,0.0,0.0,0.0,0.0,0.0,0.0,0.0,0.0,0.0,0.0,0.0,0.0,0.0,0.0,0.0,0.0,0.0,0.0,0.0,0.0,0.0,0.0,0.0,0.0,0.0,-0.191,0.656,-0.274,0.44,4.0,-399.242,3.878,-0.379,0.91,-1.124,0.0,1.0,-791.7,3.054,-0.797,0.283,-0.736,0.149,2.0,-1667.375,1.38,-0.565,0.298,-0.736,0.149,2.0,0.0,-1183.36,1.417,-0.648,0.32,-0.613,0.25,13.0,-1355.82,1.521,-0.358,0.859,-0.257,0.774,3.0,-749.402,3.536,-0.532,0.888,-0.257,0.774,3.0,0.0,-1114.175,3.619,-0.356,0.658,-0.504,0.468,6.0,-744.287,2.629,4184.0,1.0,5.623,-0.522,0.132,-0.444,0.219,5,-1092.116,0.807,0.415,1.236,-0.069,0.0,1,867.117,3.753,0.91,0.05,0.0,0,1902.776,0.3,-0.851,0.916,-1.996,0.14,2,-1780.84,3.116,-1.071,0.076,0.0,0,-2240.396,0.397,1.238,1.505,-0.408,0.0,1.0,351.843,4.819,1.197,1.875,-0.478,0.0,2.0,338.065,7.477,-0.981,0.79,0.0,0.0,3.105,-1.578,0.247,0.0,0.0,0.891,0.03,0.151,0.0,1.0,1.593,-0.03,1.25,0.0,2.0,0.0,4.969,0.046,2.764,0.0,0.0,4.0,27.783,-0.238,0.837,0.0,0.0,4.0,0.0,4.284,-0.018,1.458,0.0,0.0,4.0,13.853,0.0,566.0,0.961,3,0.171,6,0.101,2,0.21,3,0.159,0.289,1133.85,0.0,0.062,0.0,0.0,0.0,0.0,0.0,0.0,0.0,0.0,0.0,0.0,0.0,0.0,0.0,0.0,0.0,0.0,0.0,0.0,0.0,c1
1284.0,24.278,24.516,5.054,1334.0,25.381,25.483,4.317,1334.0,24.478,24.45,4.317,5266.0,30.08,30.302,1.766,-4.056,2.055,4.0,-2606.465,9.358,5.776,1.54,-0.047,0.0,1.0,3708.113,8.046,2.537,2.667,1.463,3.295,2.0,1629.667,7.809,3.631,2.569,1.463,3.295,2.0,0.0,2331.666,8.727,2.569,1.821,0.186,1.386,5.0,1650.126,7.489,1.626,1.298,0.211,0.0,1.0,1045.23,3.883,1.692,1.207,0.211,0.0,1.0,0.0,1086.795,3.513,1.709,1.103,-0.39,0.207,2.0,1097.688,3.852,-0.907,0.165,-0.954,1.0,-2387.144,0.705,-1.083,1.026,-0.337,0.403,3.0,-2850.032,3.397,0.218,1.671,-1.387,1.166,3.0,573.872,5.355,0.39,0.731,0.306,2.0,1024.858,2.801,0.895,0.434,0.0,0.0,596.803,1.37,-0.016,0.506,-0.281,0.0,1.0,-9.731,1.597,-0.021,0.33,1.321,0.0,1.0,-13.872,1.352,-0.367,0.485,1.321,0.0,1.0,0.0,-245.187,1.627,-0.214,0.554,-0.301,0.612,4.0,-143.095,2.487,-0.633,0.167,0.0,0.0,0.0,-421.9,0.495,-0.884,0.185,0.0,0.0,0.0,0.0,-589.428,0.813,-0.62,0.197,-0.982,0.0,1.0,-413.503,0.603,0.582,0.715,0.887,0.362,3.0,388.767,2.823,-0.147,0.263,0.596,1.0,-98.128,1.146,0.437,0.637,-1.069,1.589,2.0,291.804,2.75,0.202,0.643,-1.069,1.589,2.0,0.0,135.61,2.278,0.389,0.576,-0.859,1.163,4.0,258.707,2.166,-0.118,0.989,-0.364,0.0,1.0,-78.982,2.813,0.027,0.585,-0.364,0.0,1.0,0.0,18.591,2.596,0.393,0.522,-1.054,0.677,2.0,262.038,2.138,-0.689,1.286,-0.519,1.212,8.0,-1813.558,6.117,0.889,0.989,0.818,1.408,3.0,2339.934,3.879,-0.445,0.807,-0.195,0.916,3.0,-1172.335,3.169,-0.219,0.925,-0.195,0.916,3.0,0.0,-576.003,4.073,-0.329,0.921,-0.21,1.118,11.0,-865.116,3.681,0.255,1.558,-0.8,1.309,4.0,670.552,5.43,0.587,2.235,-0.8,1.309,4.0,0.0,1542.461,10.932,0.749,1.873,-0.329,1.234,6.0,1974.267,7.715,5958.0,1.0,15.454,-0.292,0.536,-0.287,0.518,14,-870.032,4.018,0.474,0.955,0.033,0.423,4,1409.531,4.309,0.926,0.265,0.82,2,2757.933,1.301,0.078,1.954,-0.519,1.687,5,230.67,7.26,-0.725,0.249,-0.824,1,-2161.288,0.967,0.185,1.164,-0.452,0.0,2.0,208.485,4.898,0.156,1.223,-0.478,0.0,4.0,173.684,6.435,-1.065,1.208,1.0,0.0,4.946,-1.494,0.73,1.0,0.0,5.812,0.052,1.267,-0.029,4.0,27.037,0.128,0.554,1.24,3.0,0.0,5.079,0.068,1.19,0.513,0.335,7.0,17.221,-0.41,0.97,0.437,0.592,5.0,0.0,5.011,0.049,1.101,-0.736,1.408,7.0,15.745,0.0,2246.0,2.578,4,0.184,6,0.121,2,0.246,3,0.169,0.451,987.833,-1.239,1.257,0.0,0.264,0.0,0.0,0.0,1.938,0.0,0.0,0.0,0.0,0.0,0.0,0.0,0.0,0.0,0.0,0.0,0.0,0.0,c2
1494.0,24.248,24.502,6.483,2944.0,29.247,28.63,5.378,2944.0,26.524,27.462,5.378,2690.0,26.177,27.404,3.256,-0.965,0.904,1.0,-721.788,3.243,-0.232,0.26,0.0,0.0,0.0,-173.585,1.102,2.289,1.285,-0.63,0.529,2.0,1709.41,5.145,1.752,1.102,-0.63,0.529,2.0,0.0,1309.19,4.652,1.481,0.91,0.085,1.185,4.0,1105.355,3.802,0.272,0.385,-0.885,0.0,1.0,202.527,1.656,0.21,0.395,-0.885,0.0,1.0,0.0,156.818,1.374,0.29,0.368,-0.452,0.085,2.0,216.285,1.402,0.205,0.627,-0.662,2.0,275.833,2.263,-1.232,0.309,-1.526,0.187,2.0,-1657.148,1.032,0.325,0.893,1.789,0.026,2.0,437.306,2.61,0.043,0.737,-0.722,1.0,56.704,2.504,-0.86,0.723,-0.372,5.0,-1264.923,3.073,1.969,1.258,0.35,1.12,5.0,2897.799,4.705,0.755,0.946,-0.104,0.756,4.0,1109.554,2.989,0.593,1.492,-0.104,0.756,4.0,0.0,871.419,5.455,1.465,2.297,1.259,2.352,12.0,2153.672,8.304,0.235,0.727,-0.312,0.686,3.0,345.02,2.72,0.694,1.111,-0.312,0.686,3.0,0.0,1021.7,4.378,1.086,1.037,0.299,1.623,4.0,1597.79,3.458,-0.433,2.191,-0.516,1.474,8.0,-635.685,9.286,4.992,1.539,2.779,6.0,7348.46,5.72,0.153,0.88,-0.42,1.101,5.0,223.686,4.186,0.098,0.986,-0.42,1.101,5.0,0.0,142.551,5.573,0.202,0.755,-0.542,0.704,10.0,297.72,3.174,-0.817,0.441,-0.962,0.379,3.0,-1203.806,1.599,-0.748,0.621,-0.962,0.379,3.0,0.0,-1100.955,2.139,-0.525,0.494,-0.628,0.52,3.0,-773.005,1.745,0.035,0.921,0.192,0.307,4.0,47.273,4.203,0.518,1.059,-0.759,0.335,3.0,697.467,3.354,1.074,0.829,0.962,1.3,2.0,1445.091,3.158,0.149,0.637,0.962,1.3,2.0,0.0,200.715,2.615,0.133,0.665,-0.387,0.603,8.0,179.771,2.892,0.258,1.011,1.565,0.494,2.0,346.798,3.377,0.198,1.257,1.565,0.494,2.0,0.0,265.57,4.491,0.511,0.809,0.362,1.056,4.0,687.355,3.573,3700.0,1.0,20.495,0.776,1.004,0.547,1.252,9,1435.458,3.995,0.169,0.816,0.197,0.695,9,311.004,4.112,-0.55,0.815,-1.464,3,-1017.799,3.752,3.051,1.663,1.492,1.805,6,5645.598,6.759,0.594,0.928,-0.579,2,1099.25,3.617,0.142,1.013,0.137,1.087,7.0,174.058,4.949,1.122,2.109,0.506,1.96,7.0,1373.461,8.718,-1.219,0.247,0.0,0.0,0.864,-1.211,0.587,5.0,0.0,4.514,0.081,1.104,-0.83,7.0,19.495,-0.139,0.497,-0.356,3.0,0.0,3.943,0.021,0.732,-0.038,0.188,9.0,11.443,-0.924,0.666,-1.252,0.224,6.0,0.0,4.908,0.033,0.665,-0.029,0.639,10.0,8.334,0.0,2446.0,2.061,4,0.15,6,0.104,2,0.39,3,0.216,0.838,-70.805,-0.32,0.0,0.628,1.11,0.0,0.0,0.0,0.0,1.196,-1.166,0.616,2.738,0.0,0.018,0.812,0.0,0.0,0.0,0.0,0.0,0.0,c0_only
2486.0,25.718,26.035,6.42,780.0,25.181,21.982,2.271,780.0,22.482,23.433,2.271,2038.0,27.295,26.494,0.346,-4.577,1.841,3.0,-5691.398,7.176,1.413,0.932,0.886,0.218,2.0,1755.46,4.136,2.508,2.167,0.063,0.657,3.0,3117.399,7.127,1.823,1.612,0.063,0.657,3.0,0.0,2265.907,5.81,1.253,1.105,0.504,0.81,8.0,1558.399,4.002,0.896,1.023,0.0,0.0,0.0,1112.743,3.592,0.715,0.486,0.0,0.0,0.0,0.0,888.598,1.48,0.662,0.433,0.057,0.0,1.0,822.947,1.798,-0.699,0.279,0.0,0.0,-712.883,1.67,-0.18,0.986,-0.74,1.637,2.0,-181.939,3.016,0.63,0.554,1.483,0.0,1.0,642.026,1.976,0.386,0.786,0.0,0.0,393.08,2.29,-0.377,0.286,0.0,0.0,-147.646,1.258,0.008,0.24,-1.068,0.0,1.0,3.518,0.789,0.141,0.572,-0.857,0.0,1.0,54.1,1.793,0.547,1.118,-0.857,0.0,1.0,0.0,212.448,4.402,1.559,1.463,0.153,1.339,3.0,608.358,5.321,-0.522,0.136,0.0,0.0,0.0,-203.599,0.411,-0.52,0.317,0.0,0.0,0.0,0.0,-202.515,0.936,-0.13,0.276,0.0,0.0,0.0,-50.701,0.803,0.884,0.809,0.384,1.06,2.0,345.346,2.614,0.775,0.286,-0.011,1.0,302.734,0.945,-0.298,0.524,-2.009,0.0,1.0,-116.264,1.66,0.11,0.439,-2.009,0.0,1.0,0.0,42.213,1.82,0.476,0.354,-0.397,0.765,3.0,186.459,1.812,0.354,0.839,-2.001,0.0,1.0,139.382,2.784,0.319,1.118,-2.001,0.0,1.0,0.0,123.456,3.63,0.449,1.053,-1.685,0.0,1.0,176.772,3.315,-0.159,0.921,-0.391,1.608,3.0,-162.215,3.59,0.477,0.399,0.482,0.249,2.0,486.867,1.536,-0.199,0.722,-0.999,0.051,2.0,-202.84,2.143,-0.103,0.73,-0.999,0.051,2.0,0.0,-105.472,2.373,-0.222,0.851,-0.422,0.465,4.0,-225.272,3.022,0.52,0.758,0.282,2.183,2.0,529.517,3.013,-0.272,1.277,0.282,2.183,2.0,0.0,-276.244,4.332,-0.046,1.001,0.077,0.732,2.0,-47.613,3.864,2542.0,1.0,11.307,-0.416,0.203,-0.441,0.24,5,-528.865,0.879,2.598,1.416,2.46,1.888,3,3303.421,4.839,-0.119,0.666,-0.14,2,-150.462,3.278,0.658,1.08,-0.495,0.469,2,836.331,4.227,0.397,1.838,0.0,0,501.211,8.081,1.836,1.667,-0.51,0.0,3.0,1263.568,4.896,0.495,0.929,-0.477,0.001,3.0,340.86,4.359,0.0,0.0,0.0,0.0,0.0,3.299,0.476,1.0,0.0,2.077,-0.001,1.127,0.0,2.0,6.61,1.981,0.723,0.0,2.0,0.0,2.873,0.061,1.539,0.0,0.0,1.0,11.782,1.095,0.552,0.0,0.0,1.0,0.0,2.783,0.045,0.765,0.0,0.0,2.0,4.54,0.0,1374.0,1.07,3,0.225,4,0.167,2,0.211,4,0.129,0.638,-1913.06,-3.566,0.0,0.0,0.648,0.0,0.0,0.0,3.44,0.0,0.0,0.0,0.0,0.0,0.0,0.0,0.0,0.0,0.0,0.0,0.0,0.0,c0_only
2968.0,25.494,28.758,8.04,2750.0,28.377,27.107,4.885,2750.0,26.672,26.93,4.885,948.0,22.507,22.792,-0.431,-6.975,1.344,2.0,-10351.489,4.622,0.378,0.49,0.658,0.74,2.0,560.052,2.206,4.738,1.977,3.096,2.587,4.0,7034.526,9.323,1.775,1.433,3.096,2.587,4.0,0.0,2635.526,5.948,1.017,0.882,1.152,1.049,9.0,1509.544,4.152,0.753,0.536,0.693,0.94,3.0,1117.378,1.939,1.109,0.482,0.693,0.94,3.0,0.0,1646.395,2.087,1.488,0.472,0.907,0.825,4.0,2209.962,2.305,-0.655,0.199,0.0,0.0,-310.83,0.783,-0.793,0.346,0.0,0.0,0.0,-375.855,0.969,-0.984,0.754,0.0,0.0,0.0,-466.626,2.188,0.627,0.373,-0.254,1.0,297.731,1.131,-0.963,0.789,-0.563,3.0,-1326.136,3.064,1.807,2.868,-1.131,0.0,1.0,2478.736,16.648,0.553,1.159,0.158,1.916,2.0,758.301,3.802,0.549,1.396,0.158,1.916,2.0,0.0,754.327,5.455,0.969,2.08,2.666,3.036,8.0,1332.117,8.272,1.406,1.778,-0.797,0.0,1.0,1933.107,5.377,0.966,1.659,-0.797,0.0,1.0,0.0,1330.378,5.856,1.011,1.505,-0.418,0.555,3.0,1390.927,5.776,0.524,1.796,0.345,2.561,7.0,720.982,8.247,4.391,2.869,3.739,5.0,6040.052,8.701,-0.299,0.726,-0.31,1.179,3.0,-413.06,3.645,-0.181,0.797,-0.31,1.179,3.0,0.0,-248.955,2.991,-0.099,0.693,-0.549,0.831,7.0,-136.539,3.035,-0.815,0.545,-0.588,0.84,3.0,-1120.91,2.001,-0.56,0.696,-0.588,0.84,3.0,0.0,-770.752,3.044,-0.275,0.54,0.144,0.143,3.0,-378.868,2.165,-0.542,0.54,-0.444,0.0,1.0,-257.25,1.896,0.501,0.444,-0.805,0.0,1.0,238.13,1.658,0.142,0.576,0.0,0.0,0.0,66.844,2.046,0.06,0.604,0.0,0.0,0.0,0.0,28.611,2.053,0.019,0.506,-0.796,0.143,3.0,9.086,1.903,-0.757,0.785,0.0,0.0,0.0,-359.32,2.628,-0.614,0.876,0.0,0.0,0.0,0.0,-290.797,2.9,-0.327,0.591,-1.587,0.0,1.0,-154.998,2.42,2990.0,2.0,17.378,1.085,0.958,0.216,0.928,6,1623.149,4.291,4.074,1.119,4.412,1.566,5,6091.64,4.156,-0.941,1.113,-0.107,2,-1408.613,4.037,3.645,3.227,3.166,4.07,2,5453.475,10.506,0.934,1.48,0.944,1,1393.813,7.93,0.604,1.482,0.474,1.96,5.0,846.003,4.949,0.403,1.195,0.152,0.955,6.0,564.185,6.326,0.385,1.492,0.0,0.0,3.79,-0.226,0.386,4.0,0.0,2.931,0.06,0.611,0.028,7.0,6.82,-0.762,0.9,-0.912,6.0,0.0,3.298,0.018,1.019,-0.022,0.236,9.0,12.506,-0.988,0.862,-1.264,1.063,9.0,0.0,5.093,0.024,1.262,-0.212,0.209,10.0,14.141,0.0,2798.0,1.906,3,0.141,5,0.102,3,0.183,5,0.13,0.412,-2253.826,-6.696,0.0,0.0,0.723,0.0,0.0,0.0,3.99,1.184,0.014,0.0,4.507,0.618,0.0,0.552,0.0,0.0,0.0,0.0,0.0,0.0,c0_only
3850.0,27.666,27.348,7.419,3366.0,28.208,28.519,5.033,3366.0,28.23,28.185,5.033,3404.0,29.215,28.759,0.593,-6.787,2.516,3.0,-13069.003,7.95,0.782,0.778,0.61,0.841,3.0,1503.131,4.144,1.938,1.206,1.4,1.423,6.0,3730.509,5.607,1.171,1.35,1.4,1.423,6.0,0.0,2254.279,6.537,0.886,1.157,0.921,1.682,12.0,1705.456,5.844,0.437,0.91,0.372,1.943,2.0,839.397,3.452,0.145,0.624,0.372,1.943,2.0,0.0,278.921,2.511,0.186,0.542,-0.113,1.091,2.0,358.212,1.801,-0.375,0.522,-1.003,1.0,-638.303,1.537,-1.103,0.303,-1.4,0.0,1.0,-1877.594,1.234,2.59,1.422,0.279,3.059,3.0,4408.81,4.851,-0.061,0.708,0.0,0.0,-104.454,2.428,-0.551,0.807,-0.272,2.0,-927.756,3.005,0.188,0.612,-0.826,0.761,2.0,317.144,2.843,0.156,0.766,0.136,1.125,3.0,262.233,3.048,0.1,0.782,0.136,1.125,3.0,0.0,169.204,2.776,0.138,0.978,0.128,1.344,9.0,230.889,3.728,-0.317,0.532,-0.803,0.0,1.0,-532.973,1.612,-0.501,0.425,-0.803,0.0,1.0,0.0,-843.136,1.6,-0.377,0.37,-0.901,0.164,4.0,-634.206,1.313,-0.161,0.745,-0.19,0.804,7.0,-271.088,3.498,0.474,1.03,-0.53,2.0,797.249,3.44,-0.222,0.709,-1.465,0.697,5.0,-373.369,3.142,-0.135,0.825,-1.465,0.697,5.0,0.0,-226.265,4.157,0.032,0.822,-0.605,0.987,11.0,53.336,3.885,-0.864,0.413,-1.362,0.667,3.0,-1453.858,1.667,-0.812,0.501,-1.362,0.667,3.0,0.0,-1366.02,2.192,-0.585,0.524,-0.584,0.651,5.0,-984.622,1.837,-0.109,1.834,-0.998,1.096,3.0,-185.448,7.529,2.192,1.229,1.146,2.379,3.0,3732.714,4.717,-0.092,0.457,-0.311,0.19,3.0,-156.711,1.775,-0.056,0.62,-0.311,0.19,3.0,0.0,-96.266,2.489,-0.065,0.69,-0.397,0.541,11.0,-110.131,3.215,2.076,1.837,-0.664,1.054,3.0,3533.513,6.883,2.485,2.502,-0.664,1.054,3.0,0.0,4230.703,10.839,2.482,2.512,1.567,3.836,3.0,4226.075,9.531,3860.0,1.0,18.079,1.03,1.242,0.643,1.697,11,1987.74,5.999,3.218,1.768,3.417,2.868,3,6212.555,7.094,-0.546,0.911,-1.283,2,-1054.986,3.519,3.627,2.548,2.163,2.712,5,6996.846,17.779,0.323,0.977,-0.226,2,620.944,7.228,0.096,0.747,1.312,2.539,3.0,126.677,4.949,0.055,1.32,1.516,3.24,4.0,73.321,8.608,0.564,0.449,0.0,0.0,1.483,1.085,1.444,3.0,0.0,4.705,0.08,1.624,0.621,5.0,15.226,0.747,1.171,0.25,4.0,0.0,4.624,0.048,1.42,0.327,3.263,5.0,8.738,0.004,0.736,1.689,2.953,5.0,0.0,2.764,0.044,1.105,-0.436,0.66,4.0,8.858,0.0,2636.0,2.478,3,0.138,6,0.089,3,0.198,4,0.139,0.342,-1070.418,-6.144,0.0,1.055,1.64,0.0,0.0,0.0,3.648,2.038,-0.135,0.0,0.489,0.223,0.0,0.502,0.0,0.0,0.0,0.0,0.0,0.0,c0
3236.0,26.551,27.446,6.411,0.0,0.0,0.0,0.0,0.0,0.0,0.0,0.0,3164.0,28.521,26.684,0.747,-10.929,2.634,2.0,-17688.053,10.971,0.518,1.168,1.556,1.35,2.0,836.027,3.689,1.91,1.928,1.884,3.07,5.0,3089.537,8.32,1.555,1.714,1.884,3.07,5.0,0.0,2515.753,7.245,1.2,1.256,0.991,1.396,12.0,1941.36,6.549,0.046,0.667,0.04,0.809,3.0,73.134,3.032,0.273,0.708,0.04,0.809,3.0,0.0,441.389,2.782,0.382,0.607,0.36,0.331,4.0,618.329,2.309,-0.929,0.132,0.0,0.0,-1469.341,0.47,-1.121,0.6,-0.462,0.996,2.0,-1773.988,2.85,0.868,2.241,-1.445,0.0,1.0,1371.972,6.955,-0.484,0.491,-0.962,1.0,-765.5,1.443,0.0,0.0,0.0,0.0,0.0,0.0,0.0,0.0,0.0,0.0,0.0,0.0,0.0,0.0,0.0,0.0,0.0,0.0,0.0,0.0,0.0,0.0,0.0,0.0,0.0,0.0,0.0,0.0,0.0,0.0,0.0,0.0,0.0,0.0,0.0,0.0,0.0,0.0,0.0,0.0,0.0,0.0,0.0,0.0,0.0,0.0,0.0,0.0,0.0,0.0,0.0,0.0,0.0,0.0,0.0,0.0,0.0,0.0,0.0,0.0,0.0,0.0,0.0,0.0,0.0,0.0,0.0,0.0,0.0,0.0,0.0,0.0,0.0,0.0,0.0,0.0,0.0,0.0,0.0,0.0,0.0,0.0,0.0,0.0,0.0,0.0,0.0,0.0,0.0,0.0,0.0,0.0,0.0,0.0,0.0,0.0,0.0,0.0,0.0,0.0,0.0,0.0,0.0,0.0,0.0,0.0,0.0,0.0,0.0,0.0,0.0,0.0,0.0,0.0,-0.025,0.724,-0.683,0.995,2.0,-39.519,3.082,-0.5,0.482,-0.282,0.0,1.0,-790.988,1.641,-0.174,0.539,-0.366,0.535,2.0,-274.532,2.301,-0.118,0.713,-0.366,0.535,2.0,0.0,-186.411,3.06,-0.077,0.885,-0.015,0.809,9.0,-120.319,4.046,0.745,2.081,0.686,2.705,3.0,1178.325,7.174,0.379,1.414,0.686,2.705,3.0,0.0,598.334,5.342,0.215,1.283,1.053,0.968,4.0,342.059,5.01,3348.0,1.0,7.158,-0.173,0.37,-0.361,0.247,8,-289.555,2.021,3.705,1.291,2.323,1.123,2,6204.21,4.447,0.661,0.235,0.608,1,1106.5,1.166,0.37,1.189,-0.073,1.204,3,621.115,4.667,-0.839,0.126,0.0,0,-1404.539,0.621,0.027,0.858,-0.478,0.031,3.0,43.102,4.949,0.101,1.219,-0.459,0.044,4.0,158.626,6.768,0.0,0.0,0.0,0.0,0.0,1.629,1.252,6.0,0.0,4.864,0.146,1.449,0.476,6.0,20.084,1.336,0.71,1.062,5.0,0.0,2.798,0.074,1.034,0.364,0.134,6.0,9.229,0.868,0.796,0.645,0.359,5.0,0.0,3.975,0.066,0.799,0.255,1.374,5.0,8.034,0.0,3164.0,1.93,4,0.192,6,0.131,3,0.225,5,0.145,0.491,-1667.749,-4.315,0.0,0.0,0.0,0.0,0.0,0.0,5.133,0.0,0.871,0.0,0.0,0.197,0.429,0.347,0.0,0.0,0.0,0.0,0.0,0.0,c1
5572.0,28.818,28.1,9.814,5158.0,29.833,29.109,6.47,5158.0,29.409,29.76,6.47,5364.0,30.193,29.669,1.705,-10.089,4.086,4.0,-28110.958,12.042,0.586,0.865,0.807,0.603,3.0,1629.838,3.563,2.817,2.563,2.94,4.134,5.0,7846.54,9.867,1.947,2.301,2.94,4.134,5.0,0.0,5424.243,9.458,1.368,1.689,1.47,1.992,15.0,3808.016,7.159,0.354,0.867,0.002,1.117,3.0,983.936,4.755,0.303,0.767,0.002,1.117,3.0,0.0,841.786,3.196,0.231,0.59,0.16,0.737,6.0,645.198,2.025,0.695,1.533,1.023,2.0,1863.038,5.734,-0.132,1.203,-0.916,0.528,3.0,-352.303,4.463,0.302,1.01,0.482,0.734,2.0,809.541,4.496,-0.272,0.568,-0.33,2.0,-730.259,1.818,-0.247,0.74,-0.149,5.0,-638.326,3.093,0.462,1.363,0.664,1.996,5.0,1191.289,5.545,0.31,0.991,-0.744,0.455,4.0,800.415,3.693,0.105,1.073,-0.744,0.455,4.0,0.0,268.88,3.865,0.302,1.151,0.123,0.915,18.0,777.216,4.295,0.62,1.386,-0.074,0.372,4.0,1600.332,5.362,0.502,1.283,-0.074,0.372,4.0,0.0,1292.897,5.982,0.386,1.322,-0.099,0.611,7.0,995.819,5.607,0.003,1.946,-0.534,1.303,13.0,7.314,9.606,2.389,2.236,0.986,3.0,6160.181,7.719,0.1,1.194,-0.451,1.497,8.0,258.114,4.338,0.069,1.078,-0.451,1.497,8.0,0.0,175.399,5.155,0.18,0.971,0.12,1.373,19.0,464.714,5.432,-0.054,1.191,-1.041,1.097,4.0,-138.293,4.34,-0.219,0.9,-1.041,1.097,4.0,0.0,-567.614,3.988,-0.01,1.098,-0.269,0.672,5.0,-28.62,4.992,0.004,1.211,-0.249,1.111,10.0,12.667,5.69,1.585,1.414,1.035,1.209,6.0,4251.741,6.176,-0.219,0.484,-0.158,0.933,6.0,-586.15,2.74,-0.088,0.651,-0.158,0.933,6.0,0.0,-235.553,3.398,-0.068,0.768,-0.056,0.897,18.0,-181.429,4.367,0.229,0.916,0.641,1.456,6.0,613.807,4.715,0.272,1.215,0.641,1.456,6.0,0.0,730.661,4.75,0.458,1.032,0.809,1.333,9.0,1228.876,4.511,5806.0,1.0,24.46,0.713,1.442,0.392,0.714,23,2071.651,7.387,10.288,4.232,10.652,2.85,6,29872.164,15.183,-0.141,0.697,-0.499,6,-408.103,3.053,5.883,2.871,4.842,1.888,10,17082.527,13.368,0.038,0.808,-0.427,3,110.2,3.075,-0.001,0.901,-0.487,0.0,2.0,-0.347,4.949,0.046,1.113,-0.478,0.0,3.0,62.553,6.245,-0.014,0.683,0.0,0.0,2.3,0.112,0.305,1.0,0.0,1.913,-0.001,0.376,-0.041,4.0,3.857,1.469,1.523,0.0,2.0,0.0,4.925,0.09,2.387,0.075,0.0,4.0,20.308,0.991,0.837,0.0,0.0,2.0,0.0,2.655,0.035,0.965,0.031,0.0,3.0,6.869,0.0,2736.0,1.694,3,0.181,7,0.087,3,0.176,5,0.116,0.689,-1722.872,-6.716,0.342,0.233,0.668,0.0,0.0,0.0,2.919,0.75,0.0,1.303,0.175,0.0,0.0,0.0,0.0,0.0,0.0,0.0,0.0,0.0,c2
1144.0,23.839,26.291,8.156,324.0,19.47,20.447,0.414,324.0,19.033,17.473,0.414,1036.0,23.67,24.384,1.134,-13.25,3.202,0.0,-7581.214,10.147,3.167,1.505,0.0,0.0,0.0,1810.009,4.463,3.535,1.218,2.768,1.146,2.0,2022.315,5.325,1.993,1.178,2.768,1.146,2.0,0.0,1141.722,4.379,2.288,1.468,3.226,1.671,3.0,1305.676,6.649,4.171,1.866,4.444,0.0,1.0,2385.158,6.115,9.794,4.094,4.444,0.0,1.0,0.0,5600.949,12.65,8.72,4.383,11.182,0.0,1.0,4992.132,12.843,-0.054,0.184,0.0,0.0,-27.959,0.488,-0.341,0.542,0.072,0.0,1.0,-176.508,1.434,-0.903,0.251,0.0,0.0,0.0,-468.121,1.122,0.814,0.966,0.0,0.0,420.865,3.008,-1.06,0.257,0.0,0.0,-171.698,0.717,-0.144,0.039,0.0,0.0,0.0,-23.36,0.153,-0.657,0.109,0.0,0.0,0.0,-106.369,0.346,-0.82,0.192,0.0,0.0,0.0,0.0,-132.594,0.669,-0.432,0.309,0.0,0.0,0.0,-70.275,1.057,-0.327,0.2,0.0,0.0,0.0,-53.089,0.648,0.597,0.099,0.0,0.0,0.0,0.0,96.854,0.34,-0.435,0.397,0.0,0.0,0.0,-70.652,1.221,-0.63,0.241,0.0,0.0,0.0,-101.747,0.795,-0.241,0.061,0.0,0.0,-39.021,0.204,-1.432,0.194,0.0,0.0,0.0,-232.136,0.791,-0.892,0.35,0.0,0.0,0.0,0.0,-144.947,1.403,-0.8,0.353,0.0,0.0,0.0,-129.943,1.017,-0.975,0.219,0.0,0.0,0.0,-158.057,0.704,-0.697,0.184,0.0,0.0,0.0,0.0,-113.12,0.59,-0.21,0.199,0.0,0.0,0.0,-33.819,0.711,-0.794,0.672,-0.531,0.0,1.0,-410.862,2.608,0.064,0.1,-0.08,0.0,1.0,33.323,0.469,0.658,0.754,0.0,0.0,0.0,338.95,3.1,0.262,1.853,0.0,0.0,0.0,0.0,135.2,6.302,0.148,1.36,0.441,2.7,3.0,73.552,5.849,-0.922,0.3,0.0,0.0,0.0,-477.931,1.41,-0.015,0.739,0.0,0.0,0.0,0.0,-8.529,2.364,-0.903,0.421,-1.135,0.156,2.0,-467.361,1.595,1144.0,1.0,10.116,2.596,2.766,2.193,2.485,8,1480.789,12.983,10.016,5.775,10.322,9.278,2,5729.32,16.426,-0.212,0.955,0.0,0,-121.712,2.865,2.329,1.04,3.049,0.0,1,1334.101,3.628,0.023,0.262,0.0,0,13.32,0.947,0.19,1.662,-0.425,0.087,2.0,113.664,7.881,0.073,1.257,-0.573,0.0,1.0,41.69,4.662,0.0,0.0,0.0,0.0,0.0,-2.896,0.414,0.0,0.0,1.39,0.073,0.331,0.0,2.0,1.945,-2.621,1.385,0.0,1.0,0.0,4.179,0.128,1.902,0.0,0.0,2.0,14.711,-1.211,0.72,0.0,0.0,1.0,0.0,2.29,0.162,0.69,0.0,0.0,2.0,4.485,0.0,1198.0,1.073,2,0.235,2,0.235,2,0.23,2,0.23,0.88,-1627.424,0.0,0.0,0.0,0.0,0.0,0.0,0.0,0.0,0.0,0.0,0.0,0.0,0.0,0.0,0.0,0.0,0.0,0.0,0.0,0.0,0.0,c1
5832.0,29.027,31.043,11.094,3936.0,27.904,29.471,11.08,3936.0,27.885,28.37,11.08,8076.0,29.766,33.919,9.886,-5.104,5.594,6.0,-14886.258,19.765,6.246,4.392,6.082,6.024,8.0,18217.667,15.928,3.433,2.358,2.178,2.853,7.0,10013.18,10.528,1.852,1.811,2.178,2.853,7.0,0.0,5401.943,8.048,1.691,1.743,1.036,1.634,17.0,4931.622,7.828,6.011,3.989,6.648,4.751,3.0,17526.765,16.023,8.64,4.287,6.648,4.751,3.0,0.0,25198.243,16.372,8.99,4.561,9.755,5.28,7.0,26213.929,20.195,0.421,1.251,1.151,2.0,1700.055,5.406,1.519,2.847,2.487,2.839,3.0,6133.337,10.424,2.136,2.573,1.567,1.725,5.0,8626.046,9.958,3.161,2.063,2.606,5.0,12764.202,8.014,-0.158,2.299,0.179,5.0,-311.112,10.033,0.917,1.336,-0.009,0.406,2.0,1806.071,4.293,3.116,3.663,-0.043,0.695,3.0,6134.873,12.805,2.477,3.969,-0.043,0.695,3.0,0.0,4877.322,16.77,1.758,3.253,0.521,1.644,13.0,3462.455,14.367,1.392,1.317,-0.267,0.232,3.0,2741.407,5.009,1.277,1.1,-0.267,0.232,3.0,0.0,2513.627,4.268,2.304,2.018,-0.042,1.173,4.0,4536.352,8.589,-0.548,1.788,-0.672,0.52,7.0,-1079.126,11.872,2.379,3.558,-0.207,1.0,4684.346,8.838,4.016,4.624,-0.281,0.915,4.0,7907.812,15.56,3.195,3.623,-0.281,0.915,4.0,0.0,6290.948,12.269,2.795,3.243,-0.141,0.501,16.0,5502.721,11.092,3.716,3.723,-0.152,1.405,3.0,7316.517,12.562,3.156,3.701,-0.152,1.405,3.0,0.0,6212.404,13.993,2.835,3.299,-0.326,1.158,4.0,5581.386,12.817,-0.203,1.864,-0.541,2.114,10.0,-819.646,12.699,1.833,2.673,1.391,1.162,5.0,7404.66,11.928,4.643,7.848,5.991,7.253,8.0,18753.384,38.285,3.577,7.504,5.991,7.253,8.0,0.0,14447.08,45.101,2.359,6.173,0.665,1.912,24.0,9527.474,36.681,2.207,2.746,1.095,1.683,6.0,8915.441,11.531,5.456,5.046,1.095,1.683,6.0,0.0,22036.123,21.274,9.93,9.771,9.163,10.847,10.0,40106.446,41.854,8244.0,1.0,43.141,2.749,3.94,2.235,3.412,49,11332.008,25.787,0.899,6.122,1.616,9.132,14,3705.333,39.237,0.635,1.653,1.659,8,2619.792,10.205,3.732,6.059,5.608,6.734,7,15387.898,21.821,0.316,1.308,0.944,2,1305.213,4.588,2.246,2.79,-0.709,0.0,1.0,548.746,7.818,0.628,0.833,-0.571,0.001,2.0,153.633,2.624,0.0,0.0,0.0,0.0,0.0,0.0,0.0,0.0,0.0,0.0,0.0,0.0,0.0,0.0,0.0,0.0,0.0,0.0,0.0,0.0,0.0,0.0,0.0,0.0,0.0,0.0,0.0,0.0,0.0,0.0,0.0,0.0,0.0,0.0,0.0,0.0,0.0,0.0,0.0,0.0,0.0,486.0,0.0,4,0.173,7,0.107,2,0.192,5,0.079,0.755,-8571.573,-6.043,2.122,1.435,2.834,0.0,0.0,0.0,6.531,0.447,0.0,1.523,0.0,0.0,0.0,0.0,0.0,0.0,0.0,0.0,0.0,0.0,c2
1202.0,23.839,27.274,8.98,1590.0,25.566,27.624,11.326,1590.0,25.54,25.73,11.326,1194.0,24.437,27.929,5.62,-3.376,0.579,2.0,-2029.235,2.131,0.517,0.406,0.0,0.0,0.0,309.792,1.384,4.237,1.872,5.645,0.0,1.0,2546.394,5.806,2.552,1.715,5.645,0.0,1.0,0.0,1532.972,5.749,2.24,1.448,1.744,0.751,3.0,1346.767,5.366,1.451,1.182,2.182,0.566,2.0,872.761,4.322,3.696,2.501,2.182,0.566,2.0,0.0,2219.968,8.388,5.758,3.058,6.857,3.269,2.0,3463.427,10.495,0.061,0.183,0.0,0.0,36.319,0.476,2.113,1.415,0.0,0.0,0.0,1260.176,4.068,0.218,0.618,0.565,0.0,1.0,130.285,1.878,0.872,0.288,0.0,0.0,520.074,0.848,-0.706,0.551,-1.12,1.0,-561.792,2.139,0.051,0.409,0.0,0.0,0.0,40.169,1.084,2.357,1.275,3.193,1.063,3.0,1875.281,4.759,2.429,1.808,3.193,1.063,3.0,0.0,1931.049,6.807,2.258,1.7,3.044,1.365,6.0,1796.461,6.414,0.471,0.651,0.0,0.0,0.0,373.239,2.81,0.925,0.969,0.0,0.0,0.0,0.0,736.049,3.381,2.808,2.596,0.406,1.165,2.0,2230.031,11.013,-1.171,0.695,-1.927,0.0,1.0,-931.781,2.572,0.462,0.679,-0.244,1.0,366.832,1.999,8.326,2.281,5.425,3.821,3.0,6623.199,7.528,6.392,2.915,5.425,3.821,3.0,0.0,5083.766,11.774,6.057,2.406,5.797,3.78,7.0,4817.731,9.78,2.609,1.665,5.773,0.0,1.0,2073.088,5.682,2.278,1.683,5.773,0.0,1.0,0.0,1810.059,5.697,2.358,2.11,1.112,0.797,2.0,1874.87,6.962,-0.137,0.961,0.123,0.286,2.0,-80.705,3.571,0.742,0.719,0.0,0.0,0.0,441.89,2.628,6.17,2.874,5.599,5.469,2.0,3685.428,8.364,4.875,3.587,5.599,5.469,2.0,0.0,2910.688,11.671,4.507,3.539,2.538,3.761,4.0,2694.828,12.445,0.244,1.19,0.072,0.0,1.0,145.901,3.901,2.898,1.912,0.072,0.0,1.0,0.0,1729.331,7.259,4.98,4.125,-1.083,0.0,1.0,2975.369,13.669,1632.0,1.0,37.252,19.957,16.461,11.77,17.674,9,16294.312,75.39,3.929,3.221,5.898,4.355,2,3209.134,9.636,-0.493,0.819,-0.958,1,-402.194,2.979,2.007,0.871,0.888,0.705,2,1638.569,3.542,0.12,0.516,0.0,0,97.175,1.723,2.716,2.247,-0.563,0.0,2.0,891.144,7.649,0.894,0.963,-0.572,0.0,3.0,292.79,3.756,0.0,0.0,0.0,0.0,0.0,-0.87,0.354,2.0,0.0,1.882,0.122,0.594,0.0,2.0,4.749,-1.796,0.272,0.0,1.0,0.0,1.338,0.061,0.338,0.0,0.0,2.0,2.239,-1.116,0.179,0.0,0.0,1.0,0.0,0.709,0.079,0.208,0.0,0.0,1.0,1.506,0.0,654.0,0.296,2,0.212,4,0.13,2,0.225,3,0.172,0.488,-1404.21,-1.479,0.0,0.0,0.0,0.0,0.0,0.0,2.637,0.0,0.0,0.0,0.0,0.0,0.0,0.0,0.0,0.0,0.0,0.0,0.0,0.0,c0
4428.0,28.941,30.742,7.973,2740.0,27.334,28.586,7.431,2740.0,27.113,27.835,7.431,4128.0,28.105,31.788,4.699,-4.674,2.008,2.0,-10352.303,7.276,0.047,0.744,0.294,0.646,3.0,102.7,3.206,1.817,1.637,0.631,0.225,5.0,4022.322,6.16,1.462,1.701,0.631,0.225,5.0,0.0,3237.634,7.483,1.426,1.823,2.169,1.955,13.0,3158.176,8.175,0.807,1.39,0.395,0.988,5.0,1785.057,4.994,1.885,2.029,0.395,0.988,5.0,0.0,4172.835,7.964,2.375,2.528,0.654,1.286,5.0,5258.774,9.488,0.106,0.56,0.383,1.0,217.38,2.658,0.392,1.038,0.403,0.589,3.0,809.565,3.5,-0.215,0.702,0.313,0.0,1.0,-443.691,2.523,0.152,0.873,0.288,2.0,311.762,3.671,0.07,0.642,1.947,1.0,95.868,2.106,-0.297,0.207,-0.0,0.0,1.0,-406.344,0.624,-0.242,0.677,0.344,0.321,2.0,-331.463,2.608,-0.363,0.921,0.344,0.321,2.0,0.0,-496.229,4.022,-0.284,0.678,-0.114,0.414,6.0,-389.487,2.945,0.269,0.785,-0.514,0.0,1.0,369.603,2.437,0.283,0.777,-0.514,0.0,1.0,0.0,388.15,2.79,0.843,1.425,2.893,1.09,3.0,1156.518,5.135,-0.364,0.286,0.476,1.632,3.0,-497.904,1.61,-0.163,0.45,-0.13,1.0,-223.034,1.244,2.025,3.08,2.583,3.895,3.0,2776.674,10.654,2.343,3.414,2.583,3.895,3.0,0.0,3211.796,11.236,2.318,3.175,2.35,2.468,11.0,3178.22,10.876,1.101,1.15,0.933,1.651,3.0,1510.109,4.322,1.117,1.148,0.933,1.651,3.0,0.0,1530.425,5.14,1.266,1.171,0.319,1.046,3.0,1735.319,3.867,-0.049,0.727,-0.205,0.211,3.0,-102.272,3.201,-0.185,0.325,-0.008,0.468,2.0,-382.757,1.428,0.591,0.962,0.601,1.184,5.0,1220.26,4.144,0.334,1.072,0.601,1.184,5.0,0.0,688.92,5.079,-0.023,0.897,-0.524,0.656,16.0,-46.709,4.589,-0.207,0.948,-1.038,0.114,3.0,-427.389,3.68,0.833,1.978,-1.038,0.114,3.0,0.0,1721.241,8.082,1.851,3.324,0.009,0.818,5.0,3820.186,12.516,4428.0,1.0,27.535,2.795,4.624,2.035,3.107,26,6190.407,30.124,2.853,1.694,2.247,2.463,5,6318.387,7.762,0.251,1.01,-0.297,3,555.896,4.094,0.23,0.815,0.241,0.032,2,508.906,3.084,-0.102,0.675,0.165,1,-228.002,3.42,0.162,1.623,-0.64,0.0,2.0,161.755,7.817,-0.24,0.686,-0.572,0.0,2.0,-239.474,3.224,0.0,0.0,0.0,0.0,0.0,-1.369,0.173,1.0,0.0,0.83,0.046,0.154,0.0,1.0,1.046,-2.086,0.111,0.0,0.0,0.0,0.398,0.055,0.103,0.0,0.0,1.0,0.589,-1.181,0.138,0.0,0.0,0.0,0.0,0.849,0.092,0.114,0.0,0.0,0.0,0.716,0.0,1992.0,-1.588,3,0.176,6,0.094,3,0.147,5,0.098,0.451,-7028.128,-5.916,0.171,0.0,1.51,0.0,0.0,0.0,0.942,0.0,0.0,0.0,0.0,0.0,0.0,0.0,0.0,0.0,0.0,0.0,0.0,0.0,c1
5244.0,28.767,30.137,9.125,4234.0,27.891,30.65,7.553,4234.0,27.853,29.094,7.553,5528.0,29.328,32.446,5.157,-6.722,2.425,4.0,-17629.622,12.96,0.884,1.327,0.868,1.212,2.0,2316.07,4.928,2.166,2.435,1.28,2.12,7.0,5681.851,9.628,1.614,2.104,1.28,2.12,7.0,0.0,4231.381,7.983,1.473,1.855,0.869,1.668,15.0,3861.795,7.493,1.21,2.68,1.45,1.562,6.0,3170.02,10.991,2.117,3.227,1.45,1.562,6.0,0.0,5547.922,12.413,3.033,3.915,2.047,3.112,7.0,7951.229,16.101,-0.164,0.427,0.0,0.0,-455.339,2.308,0.025,0.684,-0.354,0.494,3.0,70.634,2.633,-0.59,0.417,-0.959,0.009,2.0,-1633.041,1.77,0.338,1.594,0.977,3.0,933.169,5.486,-0.091,0.744,-0.194,1.0,-193.606,2.514,-0.433,0.074,0.0,0.0,0.0,-916.457,0.319,0.239,0.684,-0.108,0.95,4.0,504.694,2.848,0.058,0.709,-0.108,0.95,4.0,0.0,121.911,3.24,0.06,0.513,-0.066,0.603,15.0,126.941,2.357,-0.279,0.139,-0.567,0.0,1.0,-589.791,0.544,-0.406,0.18,-0.567,0.0,1.0,0.0,-859.742,0.679,-0.474,0.29,0.342,1.559,3.0,-1004.233,1.097,-0.179,0.091,-2.157,0.0,1.0,-379.419,0.505,-0.586,0.11,0.0,0.0,-1240.178,0.321,1.023,1.618,0.432,1.221,5.0,2165.616,6.259,0.871,1.38,0.432,1.221,5.0,0.0,1842.212,6.618,0.638,1.112,1.204,0.914,12.0,1349.79,5.312,0.27,0.812,0.499,0.989,3.0,570.483,3.446,0.09,0.891,0.499,0.989,3.0,0.0,191.404,4.203,0.202,1.004,0.195,1.031,5.0,426.073,3.976,-0.077,0.614,-0.201,0.755,6.0,-213.642,2.966,-0.42,0.529,0.585,1.955,3.0,-1161.666,2.312,0.533,1.204,0.344,1.119,8.0,1473.286,5.559,0.192,1.464,0.344,1.119,8.0,0.0,531.087,8.683,-0.019,1.274,-0.074,1.074,17.0,-53.072,7.551,-0.585,0.635,-0.973,0.201,4.0,-1617.853,2.837,-0.033,1.277,-0.973,0.201,4.0,0.0,-92.929,5.185,0.293,2.062,0.295,3.154,7.0,804.923,10.586,6078.0,1.0,29.388,2.541,3.26,2.268,3.295,36,7720.741,20.638,3.444,2.452,2.888,2.673,6,10468.975,10.36,0.319,1.031,0.165,3,969.506,3.912,0.178,0.611,0.093,0.005,2,540.551,3.07,-0.302,0.349,0.0,0,-920.022,1.977,0.183,1.246,-0.571,0.0,2.0,271.37,7.748,-0.32,0.604,-0.572,0.0,2.0,-475.711,3.857,0.0,0.0,0.0,0.0,0.0,-1.748,0.227,1.0,0.0,0.897,0.014,0.215,0.0,2.0,1.169,-2.164,0.212,0.0,1.0,0.0,0.943,0.04,0.397,0.0,0.0,2.0,3.766,-1.384,0.291,0.0,0.0,1.0,0.0,1.213,0.062,0.405,0.0,0.0,2.0,2.569,0.0,2966.0,-0.675,3,0.176,7,0.081,3,0.11,5,0.094,0.376,-8470.313,-5.689,1.296,0.0,0.962,0.0,0.0,0.0,2.138,0.0,0.0,0.0,0.0,0.0,0.0,0.0,0.0,0.0,0.0,0.0,0.0,0.0,c2
2030.0,25.613,26.795,6.032,0.0,0.0,0.0,0.0,0.0,0.0,0.0,0.0,0.0,0.0,0.0,0.0,-3.85,0.935,2.0,-3907.927,3.098,-0.228,0.602,0.165,0.0,1.0,-231.508,1.907,1.559,2.242,2.712,0.008,2.0,1581.396,7.1,1.519,2.151,2.712,0.008,2.0,0.0,1541.514,7.004,1.166,1.901,1.44,1.977,4.0,1182.115,7.388,1.784,2.052,3.361,0.219,2.0,1809.124,5.515,1.867,1.243,3.361,0.219,2.0,0.0,1895.313,4.204,1.268,2.341,2.735,1.21,2.0,1286.186,7.448,-0.35,0.213,0.0,0.0,-355.955,0.832,-0.733,0.691,0.0,0.0,0.0,-744.864,2.642,-0.77,0.336,0.0,0.0,0.0,-781.716,1.288,1.157,1.515,2.393,1.0,1172.644,4.175,0.0,0.0,0.0,0.0,0.0,0.0,0.0,0.0,0.0,0.0,0.0,0.0,0.0,0.0,0.0,0.0,0.0,0.0,0.0,0.0,0.0,0.0,0.0,0.0,0.0,0.0,0.0,0.0,0.0,0.0,0.0,0.0,0.0,0.0,0.0,0.0,0.0,0.0,0.0,0.0,0.0,0.0,0.0,0.0,0.0,0.0,0.0,0.0,0.0,0.0,0.0,0.0,0.0,0.0,0.0,0.0,0.0,0.0,0.0,0.0,0.0,0.0,0.0,0.0,0.0,0.0,0.0,0.0,0.0,0.0,0.0,0.0,0.0,0.0,0.0,0.0,0.0,0.0,0.0,0.0,0.0,0.0,0.0,0.0,0.0,0.0,0.0,0.0,0.0,0.0,0.0,0.0,0.0,0.0,0.0,0.0,0.0,0.0,0.0,0.0,0.0,0.0,0.0,0.0,0.0,0.0,0.0,0.0,0.0,0.0,0.0,0.0,0.0,0.0,0.0,0.0,0.0,0.0,0.0,0.0,0.0,0.0,0.0,0.0,0.0,0.0,0.0,0.0,0.0,0.0,0.0,0.0,0.0,0.0,0.0,0.0,0.0,0.0,0.0,0.0,0.0,0.0,0.0,0.0,0.0,0.0,0.0,0.0,0.0,0.0,0.0,0.0,0.0,0.0,0.0,0.0,0.0,0.0,0.0,0.0,0.0,0.0,0.0,0.0,0.0,0.0,0.0,0.0,0.0,0.0,0.0,0.0,2030.0,1.0,6.032,-0.209,0.577,-0.092,0.559,13,-211.691,2.83,2.993,2.156,2.75,1.951,2,3035.922,15.809,0.585,0.196,-0.19,1,594.544,1.308,1.486,3.257,0.0,0.0,0,1502.903,13.22,-0.343,0.325,0.0,0,-348.553,1.229,0.0,0.0,0.0,0.0,0.0,0.0,0.0,0.0,0.0,0.0,0.0,0.0,0.0,0.0,0.0,0.0,0.0,0.0,0.0,0.0,0.0,0.0,0.0,0.0,0.0,0.0,0.0,0.0,0.0,0.0,0.0,0.0,0.0,0.0,0.0,0.0,0.0,0.0,0.0,0.0,0.0,0.0,0.0,0.0,0.0,0.0,0.0,0.0,0.0,0.0,0.0,0.0,0.0,0.0,0.0,0.0,0.0,3,0.229,4,0.179,2,0.276,4,0.14,0.393,-7826.288,-4.617,0.0,0.0,0.0,0.0,0.0,0.0,0.145,0.0,0.0,0.0,0.0,0.0,0.0,0.0,0.0,0.0,0.0,0.0,0.0,0.0,c0_only
0.0,0.0,0.0,0.0,424.0,20.744,22.465,1.525,424.0,20.486,21.25,1.525,2400.0,26.813,26.901,3.055,0.0,0.0,0.0,0.0,0.0,0.0,0.0,0.0,0.0,0.0,0.0,0.0,0.0,0.0,0.0,0.0,0.0,0.0,0.0,0.0,0.0,0.0,0.0,0.0,0.0,0.0,0.0,0.0,0.0,0.0,0.0,0.0,0.0,0.0,0.0,0.0,0.0,0.0,0.0,0.0,0.0,0.0,0.0,0.0,0.0,0.0,0.0,0.0,0.0,0.0,0.0,0.0,0.0,0.0,0.0,0.0,-0.311,0.246,0.0,0.0,-373.356,1.302,-0.105,0.642,-0.883,0.0,1.0,-126.982,1.979,-0.173,0.697,0.0,0.0,0.0,-209.078,2.825,-0.478,0.596,-0.834,1.0,-573.892,2.366,-0.205,0.112,0.0,0.0,-43.429,0.364,-0.49,0.01,0.0,0.0,0.0,-103.876,0.035,-0.056,0.343,0.0,0.0,0.0,-11.696,0.882,-0.192,0.511,0.0,0.0,0.0,0.0,-40.177,1.956,0.1,0.38,2.802,0.0,1.0,20.946,1.45,-0.373,0.082,0.0,0.0,0.0,-79.192,0.223,-0.465,0.09,0.0,0.0,0.0,0.0,-98.377,0.322,-0.727,0.245,0.0,0.0,0.0,-154.365,0.799,-0.361,0.073,0.0,0.0,0.0,-76.439,0.24,-0.556,0.086,0.0,0.0,-117.895,0.261,0.24,0.689,0.0,0.0,0.0,50.709,1.879,-0.209,0.834,0.0,0.0,0.0,0.0,-43.817,2.572,0.115,0.875,0.784,0.0,1.0,23.644,3.149,0.064,0.775,0.0,0.0,0.0,12.385,2.594,1.9,0.669,0.0,0.0,0.0,0.0,404.238,2.236,0.258,1.194,0.0,0.0,0.0,52.88,3.966,-0.202,0.486,-0.388,0.381,2.0,-242.582,1.82,-0.32,0.331,-0.145,0.0,1.0,-384.804,1.621,0.523,0.845,0.949,1.313,4.0,628.437,3.549,0.359,1.022,0.949,1.313,4.0,0.0,431.351,4.477,0.273,1.091,0.31,1.188,8.0,327.102,4.176,-0.128,0.888,-0.857,0.0,1.0,-154.204,3.868,0.389,1.06,-0.857,0.0,1.0,0.0,467.883,3.586,0.293,0.947,-0.681,0.485,2.0,351.17,3.715,2400.0,1.0,6.106,0.055,1.037,-0.628,0.43,12,67.602,4.201,-0.558,0.533,-0.891,0.124,2,-670.68,4.115,0.43,0.362,0.957,2,517.129,1.547,-0.309,0.918,0.0,0.0,0,-371.685,3.256,-0.342,0.432,0.0,0,-411.355,2.074,0.0,0.0,0.0,0.0,0.0,0.0,0.0,0.0,0.0,0.0,0.0,0.0,0.0,0.0,0.0,0.0,0.0,0.0,0.0,0.0,0.0,0.0,0.0,0.0,0.0,0.0,0.0,0.0,0.0,0.0,0.0,0.0,0.0,0.0,0.0,0.0,0.0,0.0,0.0,0.0,0.0,0.0,0.0,0.0,0.0,0.0,0.0,0.0,0.0,0.0,0.0,0.0,0.0,0.0,0.0,0.0,0.0,3,0.157,5,0.116,0,0.0,0,0.0,0.0,0.0,0.0,0.0,0.0,0.555,0.0,0.0,0.0,0.0,0.0,0.0,0.0,0.0,0.0,0.0,0.0,0.0,0.0,0.0,0.0,0.0,0.0,c0_only
