"envelope_Gmean","envelope_Gstd","envelope_peak_mean","envelope_peak_std","envelope_peak_n","envelope_integral","envelope_sampen","envelope_range","envelope_rate","envelope_change_Gmean","envelope_change_Gstd","envelope_change_peak_mean","envelope_change_peak_std","envelope_change_peak_n","envelope_change_integral","envelope_change_sampen","envelope_change_range","envelope_change_rate","f0_Gmean","f0_Gstd","f0_peak_mean","f0_peak_std","f0_peak_n","f0_sampen","f0_range","f0_rate","f1_clean_Gmean","f1_clean_Gstd","f1_clean_peak_mean","f1_clean_peak_std","f1_clean_peak_n","f1_clean_sampen","f1_clean_range","f1_clean_rate","f1_clean_vel_Gmean","f1_clean_vel_Gstd","f1_clean_vel_peak_mean","f1_clean_vel_peak_std","f1_clean_vel_peak_n","f1_clean_vel_sampen","f1_clean_vel_range","f1_clean_vel_rate","f2_clean_Gmean","f2_clean_Gstd","f2_clean_peak_mean","f2_clean_peak_std","f2_clean_peak_n","f2_clean_sampen","f2_clean_range","f2_clean_rate","f2_clean_vel_Gmean","f2_clean_vel_Gstd","f2_clean_vel_peak_mean","f2_clean_vel_peak_std","f2_clean_vel_peak_n","f2_clean_vel_sampen","f2_clean_vel_range","f2_clean_vel_rate","f3_clean_Gmean","f3_clean_Gstd","f3_clean_peak_mean","f3_clean_peak_std","f3_clean_peak_n","f3_clean_sampen","f3_clean_range","f3_clean_rate","f3_clean_vel_Gmean","f3_clean_vel_Gstd","f3_clean_vel_peak_mean","f3_clean_vel_peak_std","f3_clean_vel_peak_n","f3_clean_vel_sampen","f3_clean_vel_range","f3_clean_vel_rate","loudness_Gmean","loudness_Gstd","loudness_peak_mean","loudness_peak_std","loudness_peak_n","loudness_sampen","loudness_range","loudness_rate","novelty_Gmean","novelty_Gstd","novelty_peak_mean","novelty_peak_std","novelty_peak_n","novelty_sampen","novelty_range","novelty_rate","roughness_Gmean","roughness_Gstd","roughness_peak_mean","roughness_peak_n","roughness_sampen","roughness_range","roughness_rate","flux_Gmean","flux_Gstd","flux_peak_mean","flux_peak_std","flux_peak_n","flux_integral","flux_sampen","flux_range","flux_rate","duration_voc","VSA_f1f2","VSA_f1f2f3","correction_info"
0.127370047620758,0.182325282684239,0.190273836123127,0.371533122563343,4,148.752351546766,0.0354436820119333,0.999834456372224,5.45715713884995e-05,0.29733020036762,0.102453450269708,0.339575751332635,0.151070238978268,4,347.036400995525,0.0546491146271301,0.485630706914852,0.0001273908313485,0,0,0,0,0,0,0,0,0.532329647016525,0.156304264331485,0,0,3,0,0.671197867005997,0.0002280761126891,0.465136325508806,0.0405845296764817,0,0,3,0,0.32413321405407,0.0001992872003036,0.678657511489426,0.0935424497820313,0,0,3,0,0.50865314948722,0.0002907701420263,0.446254005557459,0.0465809287618283,0,0,3,0,0.439309913074538,0.0001911970889277,0.55324135140559,0.101866931488417,0,0,3,0,0.602547663442686,0.0002370357118275,0.502291862265222,0.0291383433956248,0,0,3,0,0.32844753004591,0.0002152064534126,0.0387923281731248,0.0176605090044293,0.093607085507999,0,4,0,0.0845127935901186,1.66205347785453e-05,0.544932377362804,0.0737457535462001,0.519641925126926,0,4,0,0.434006584705157,0.0002334757400868,0.79487126668356,0.0246526723639405,0.81252751355691,2,0,0.123579291649951,0.0003405618109184,0.158388620270199,0.319183427458121,0.449999246765694,0.525990392137857,4,184.997908332263,0.0535968174065731,0.999999926949888,6.78614482734358e-05,2334,-1.75447617380489,-3.25292943156401,"c0"
0.192871561272391,0.266950460448035,0.024795422442479,0.0382237860084024,3,339.434277987893,0.0134790935952804,0.999895699601594,5.48242072974391e-05,0.261652069116378,0.0477828272659105,0.251562197558327,0.0659533188796522,5,460.251915038959,0.0427762411536578,0.225672135889194,7.43752328358097e-05,0,0,0,0,0,0,0,0,0.380455940652718,0.134110928824178,0.319752023543317,0.0771304753458741,4,0,0.70343621620671,0.0001081455203674,0.462138176595689,0.0622949130417951,0.421679344042112,0.0542490015236666,4,0,0.864287191633838,0.0001313638932904,0.619134343269834,0.105746299276272,0.516765267058817,0.0117360974262664,4,0,0.510215345440842,0.0001759904329931,0.445899548183703,0.0474200544416124,0.337875265933813,0,3,0,0.461735378543063,0.0001267480239294,0.54013210017725,0.132450029605308,0.519220888737487,0.0209670922458311,4,0,0.596193098250219,0.0001535338545131,0.503676139653338,0.0353409560346636,0.484544760684746,0.0228720418374137,4,0,0.410686131948259,0.0001431711596513,0.0682112257654093,0.0304266830927979,0,0,3,0,0.109034564593245,1.93892057320663e-05,0.530796172092953,0.0657654446603022,0.5465924058223,0,6,0,0.371033473998997,0.0001508800943982,0.749813843941381,0.0665385771183695,0.788786484394871,2,0,0.253541391446219,0.0002131363967997,0.0567941515008443,0.19288611445551,5.97647292099891e-08,1.08950551029984e-07,6,99.8577082295216,0.0216759454404616,0.999999985117727,1.61438747870507e-05,3518,-1.67046721749074,-3.37938037491996,"c1"
0.126372516636077,0.233646606121861,0.0167258727954689,0.0248374588108496,3,160.728531853866,0.010559361781138,0.999999951026047,4.97138145696606e-05,0.263633416752261,0.065738075008585,0.256049267715973,0.0703652489834368,4,335.101194926666,0.0230566758535224,0.354248390844267,0.000103711021539,0,0,0,0,0,0,0,0,0.395235410339963,0.137559742521811,0,0,2,0,0.428990591485529,0.0001554820654366,0.462139853038704,0.0324878834988485,0,0,1,0,0.273744918985089,0.0001818016731072,0.619686837606819,0.0818490083907558,0,0,2,0,0.359710927241194,0.0002437792437477,0.447457106330273,0.04132951085882,0,0,1,0,0.416252470548754,0.0001760256122463,0.503203311077608,0.0592737201224783,0,0,1,0,0.296564708729338,0.0001979556691886,0.502090486254155,0.0271874725740582,0,0,1,0,0.265925410564032,0.0001975178938844,0.111690253295054,0.0456811577297414,0,0,1,0,0.152390459917467,4.39379438611542e-05,0.525735741020589,0.0577964297413227,0,0,3,0,0.312519842535745,0.0002068197250277,0.771042144342334,0.0258602202366144,0,1,0,0.0831032804571111,0.000303321063864,0.0860018447421452,0.226447653296831,0.199999367836944,0.399998735620587,4,108.994381761499,0.0396775795352679,0.99999999277792,3.38323543438809e-05,2542,-2.26519332436186,-4.2108293897735,"c2"
0.147398702561184,0.241679463106745,0.0004990824069771,0,1,118.342116431833,0.0129787392146585,0.996044634449827,9.18944529683194e-05,0.279280705216775,0.092815901570249,0.220824031807595,0,1,224.026953060846,0.0144312629798636,0.412779480399358,0.0001741151528782,0.573775688257246,0.0404345455615662,0,0,1,0,0.131384929799777,0.0003577155163698,0.327369645870024,0.222723909348205,0.416886265125967,0,2,0,0.62379391568119,0.0002040957891957,0.462347546872175,0.0289439567852254,0,0,2,0,0.489565983659718,0.0002882466002943,0.441866489406935,0.113113720892536,0.589986866554629,0,2,0,0.413124104092014,0.0002754778612262,0.445845593591675,0.0268111985342106,0,0,2,0,0.403804939506367,0.000277958599496,0.389812240282538,0.0584453764680532,0.499354903791585,0,2,0,0.303072027225787,0.0002430250874579,0.50322917790044,0.0166234616553797,0.499027055004966,0,2,0,0.204062477900527,0.0003137339014341,0.148828608357612,0.0616439945447076,0,0,1,0,0.19607444927134,9.27859154349206e-05,0.578692000750916,0.0679602288349673,0,0,1,0,0.465969190726787,0.0003607805490965,0.441600310204958,0.119178998573903,0,0,0,0.523795393028775,0.0002753119140928,0.0150564098205083,0.0728615749844479,0.299891071051797,0.424109230372511,2,12.0901966718309,0.0230949215402998,0.926472440488034,9.38678916490545e-06,1604,-1.87603693704298,-3.61106084687772,"c0"
0.192674554923873,0.244224669209815,0.0997345883389324,0.129014108829753,3,219.598308899257,0.0275748896337999,0.999950688440487,8.45805772273366e-05,0.299989094313368,0.115716114177391,0.270746426651573,0.0556228348825695,3,341.705514442331,0.0389948982245738,0.613361381245343,0.0001316896814369,0.594790573348846,0.0325197708974456,0,0,0,0,0.122826822409219,0.0002611020954121,0.293813133874606,0.224668009521313,0.323370705409684,0,2,0,0.758056888746042,0.0001289785486719,0.462304761842569,0.0467604161740285,0.458145390515244,0.0004582190500172,3,0,0.77528394476787,0.0002029432668316,0.47225487379079,0.201833968963627,0.65587423963049,0.175143753485685,4,0,0.811837322983074,0.0002073111825244,0.446440506795823,0.0531575215839452,0.437821441429453,0.0068340640645664,3,0,0.594614472032396,0.000195979151359,0.427668001934693,0.154930465175058,0.468042877837821,0.0898857154858796,4,0,0.723020497842746,0.0001877383678378,0.503496380867981,0.0297599446138943,0.486590436128579,0.0131810935638281,3,0,0.454221370997026,0.0002210256281246,0.110126467049443,0.04130017974844,0.118471071322743,0,3,0,0.169282307265506,4.83434886081842e-05,0.567484138557295,0.0759599536492227,0.670191601595906,0,3,0,0.441183041816503,0.0002491150739935,0.520908789022702,0.192558306805378,0,0,0,0.536847714141899,0.000228669354268,0.0367119375963955,0.127299168434402,7.78149466120331e-06,1.2775348376096e-05,5,41.8490737356565,0.0409938321346949,0.999712807626686,1.61158637385406e-05,2278,-1.37036146844107,-2.77769017196842,"c1"
0.189611031111712,0.259319721393179,0.317509739053702,0.540778218092599,3,271.50233433964,0.0181126970084221,0.995426168392618,6.62512337916535e-05,0.275778542155037,0.0876585174094923,0.275751845089895,0.109767361286242,4,394.64137979558,0.0256564027084184,0.42808950990254,9.63586799982659e-05,0,0,0,0,0,0,0,0,0.515922633298638,0.100788426739873,0.355546119564304,0,3,0,0.432861731053894,0.0001802664686578,0.463334617232705,0.0301711924499477,0,0,3,0,0.258774804173558,0.0001618918998017,0.585342108323509,0.0950074907180827,0.510710364613297,0,3,0,0.466461349030635,0.0002045220504275,0.448188732292887,0.0394610269069871,0,0,3,0,0.417867793606327,0.0001565998365803,0.516697207761491,0.123203975869089,0.466383786084336,0,3,0,0.684970252555101,0.0001805371096301,0.504357198401877,0.0318192530789091,0.523336493088584,0,3,0,0.448038836081803,0.0001762254361991,0.081863478754059,0.0307082486962218,0.128713208075309,0,2,0,0.132905106669715,2.86035914584413e-05,0.5732923531805,0.0857712193276841,0,0,4,0,0.358485249017326,0.0002003117935641,0.770283806973707,0.0413897458100411,0.744978536057089,1,0,0.1569801284993,0.0002691417913954,0.071167402064946,0.209427113933431,0.133331917097921,0.326594683168756,6,101.911719208503,0.0326287998431226,0.999998888391281,2.48663179821614e-05,2862,-2.01364161144149,-3.61259215470465,"c2"
0.130948610765424,0.221976369659287,0.0273789907408048,1.48303309889154e-06,2,174.10376335708,0.0074473595243302,0.977661800634325,4.92658430268713e-05,0.276521408892177,0.111404282423124,0.220819223865024,1.28698598982309e-06,2,367.373110229686,0.0114914622728763,0.608019056674503,0.0001040336376569,0.376938294773643,0.0447939876104489,0,0,2,0,0.146084107054932,0.000141812751984,0.312969745837826,0.172653178592994,0,0,3,0,0.595130022444326,0.0001177463302625,0.464238592928445,0.0349525162993115,0,0,4,0,0.437010313610415,0.000174657107949,0.488272045334508,0.158285543692461,0,0,3,0,0.590554397110342,0.0001836990388767,0.445721034957607,0.0454636703931672,0,0,4,0,0.707079749553547,0.0001676903818501,0.456493082199163,0.164396458861633,0,0,3,0,0.823847280940568,0.0001717430708048,0.501881499761818,0.0233292596443253,0,0,3,0,0.321249501923138,0.0001888192248915,0.259698574735201,0.0970612538279917,0,0,2,0,0.398643823207662,9.77045051674948e-05,0.561700768618627,0.0915353662680414,0,0,3,0,0.506261907034993,0.0002113245931597,0.602935569402732,0.126676202876837,0,1,0,0.39346844462532,0.0002268380622282,0.0519605673532236,0.161387491932843,0.207319968072594,0.344097443258178,5,69.0982749387183,0.0362389592282968,0.999565601263399,1.95487461825522e-05,2658,-1.71390121843697,-3.22341068087721,"c0"
0.403990766554342,0.296172052334858,0.0157671184027662,0,1,127.614754004565,0.067091869232808,0.974275968061684,0.0006412551850068,0.355472698134325,0.124502078496509,0.220819360315586,0,1,111.989300983225,0.0888319282983284,0.454408307178728,0.0005642423779909,0.426737431294806,0.0457256006119143,0,0,0,0,0.147393278486047,0.0006773610020552,0.311468033934655,0.0140605191272127,0,0,1,0,0.0535598801385407,0.0004943937046581,0.46257832738121,0.0038214372734695,0,0,1,0,0.0212427845185914,0.0007342513133035,0.353747394414459,0.0170197873001852,0,0,1,0,0.0848691432603294,0.0005615038006578,0.445438346262477,0.0113618694256667,0,0,1,0,0.0843107659285934,0.0007070449940674,0.344333672258178,0.0444854402809884,0,0,1,0,0.235182079213865,0.0005465613845367,0.503186107639103,0.0132154137683466,0,0,1,0,0.086543009589308,0.0007987081073636,0.37638616707788,0.0893270943019584,0,0,1,0,0.366014794830737,0.000597438360441,0.610456681309443,0.0991380020539294,0,0,1,0,0.514431921606234,0.0009689788592213,0.579843940212443,0.0822306851665033,0,0,0,0.235274702632853,0.0009203872066864,0.0353157173924294,0.100970111278178,0.798768607179002,0,1,11.1514497578898,0.0391523347471553,0.83854252514127,5.60566942736975e-05,630,-5.95834905058642,-8.48946985356475,"c1"
0.239589952060003,0.265710772426046,0.015928813858392,0,1,156.413119591075,0.0150818938110869,0.990633171671477,0.0001837346258128,0.285195666869948,0.100404657399376,0.2208219246432,5.870082335613e-07,2,185.899089500049,0.0096052483530906,0.457544536311643,0.0002187083334892,0.364572372922582,0.0726116057963446,0,0,1,0,0.216424668943196,0.0002795800405848,0.135903533690091,0.142346085795451,0.389977714430762,0,1,0,0.543214734182778,0.000104220501296,0.46457082599135,0.0194361213029088,0,0,2,0,0.331571202996424,0.0003562659708522,0.230840970085683,0.191117460999126,0.742060382776258,0,1,0,0.68027148682291,0.000177025283808,0.448839305792165,0.0307844557352911,0.403723539191659,0,2,0,0.345742113314872,0.0003442019216197,0.425645834660926,0.113872114300937,0.616442399798531,0,2,0,0.71643082611715,0.000326415517378,0.503607626849156,0.0289198517744957,0,0,1,0,0.298900895295523,0.0003862021678291,0.136647860909552,0.0727934636800687,0,0,1,0,0.215398814388117,0.0001047913043784,0.548024544987421,0.0606480221116456,0.561230021838826,0,2,0,0.295151330000699,0.0004202642216161,0.596726792928567,0.195639247433689,0,1,0,0.446852271766524,0.0004576125712642,0.0052519398559997,0.0145508074649879,0.000874553511623,0.0004857364980043,3,3.42934303176303,0.064567164945919,0.0973296020836935,4.02756123926363e-06,1304,-2.04452934996869,-3.56162038285091,"c2"
0.124096959565847,0.201414301167066,0.0108560545589993,0.0044533536985568,5,211.187668785921,0.0220593893881227,0.999994036233738,3.64776483144758e-05,0.307918728150893,0.116528873758408,0.249998396113466,0.0647382133094933,5,523.81683078167,0.0346146597237343,0.446200477085874,9.05110899914442e-05,0,0,0,0,0,0,0,0,0.474657832511432,0.0905697221233022,0,0,4,0,0.571475076745283,0.0001395231724019,0.462630945566275,0.0340192116737509,0,0,4,0,0.40299551851348,0.0001359879322652,0.570366081104292,0.0769548679782778,0,0,4,0,0.478832372246851,0.0001676561084962,0.446006343593927,0.036951352826556,0,0,4,0,0.399581094425134,0.0001311012179876,0.497224595564812,0.0467543236024359,0,0,4,0,0.308643591086233,0.0001461565536639,0.503197932877432,0.0179308733642283,0,0,3,0,0.236481317502152,0.0001479123847376,0.23045170430471,0.0779697883839373,0,0,3,0,0.377045508738369,6.77400659331894e-05,0.581975954700797,0.0895980512624954,0,0,3,0,0.437902288698779,0.0001710687697533,0.757917544299,0.042283089581908,0,1,0,0.14798633840915,0.0002227858742795,0.0704419677674458,0.211525472926531,3.71465664777978e-06,6.280639258225e-06,6,119.892227661264,0.0299104864286314,0.999999705036103,2.07060457870211e-05,3402,-1.92859548364801,-4.06064254741716,"c0"
0.216743358946787,0.235281664905767,0.028406258827124,8.48137782274678e-06,4,263.496767328633,0.0508975765666966,0.999764463964946,8.91947979204885e-05,0.357716904269066,0.153709378355453,0.220823725878008,6.16243346197626e-06,4,434.669050990986,0.0558124556134855,0.598036628381049,0.0001472086025798,0.28550929112229,0.0828579943790761,0,0,1,0,0.26221294191254,0.0001174935354412,0.351989745981627,0.179592064377873,0.550264696788087,0,4,0,0.659911238360866,0.0001448517473175,0.46268132985992,0.0525070745605008,0.448857665710799,0,4,0,0.618683549609601,0.0001904038394485,0.492309623167116,0.1886061458998,0.445005892527026,0,4,0,0.741383982610578,0.0002025965527436,0.449896498965869,0.0665824476327681,0.534791222144606,0,4,0,0.534217734373095,0.000185142592167,0.504263860068396,0.0862278654192149,0.480080018142976,0,4,0,0.38300046587337,0.0002075159917976,0.504264362231212,0.0249398281191437,0.551888905020341,0,4,0,0.228787062132579,0.000207516198449,0.159424440725534,0.0725963425736821,0,0,4,0,0.297013918975274,6.56067657306726e-05,0.605373167947248,0.0968668470254614,0,0,5,0,0.533849587792403,0.0002491247604721,0.653984249027719,0.118256187653246,0,2,0,0.518067778105961,0.0002691293205875,0.0254086440613182,0.0784955739359643,0.0999005986465845,0.199801032636561,4,30.8941168668264,0.0533789769919867,0.796929850341623,1.04562321239993e-05,2430,-1.25167112345089,-2.8979586455993,"c1"
0.247105220186942,0.262332566987739,0.0356130208817179,6.02942711051247e-06,4,229.218602323423,0.0458433329905304,0.999409563134859,0.0001332822115355,0.368493030345727,0.160161734163638,0.22084304890829,2.04125336156802e-05,4,341.547812361989,0.0961826693056417,0.672204431625867,0.0001987556797981,0.935964571093199,0.0129632478990083,0,0,0,0,0.0416355726786281,0.0005048352594893,0.496385647344306,0.0908053358742444,0,0,1,0,0.347031085725567,0.0002677376738642,0.464568149053908,0.0245191658655664,0,0,3,0,0.190674261753006,0.0002505761321757,0.585042556842766,0.131832699271162,0,0,2,0,0.544792638838117,0.0003155569346508,0.445205874044705,0.0579451353275125,0,0,3,0,0.559327349501037,0.000240132618147,0.514268022679905,0.0890581919617115,0,0,2,0,0.38765064925877,0.0002773829680042,0.50309075590366,0.023387385493464,0,0,3,0,0.177012611564009,0.0002713542372727,0.160799632839931,0.0495801019666982,0,0,4,0,0.241345638299849,8.67311935490456e-05,0.592253959534085,0.0706533831580816,0,0,4,0,0.375273633098734,0.0003194465801154,0.757541918300399,0.0334335736759842,0,0,0,0.136274602972416,0.0004085986614349,0.0756393106922925,0.232958321668432,0.0666655735568619,0.115468148268332,3,70.0932810036326,0.0248259335413866,0.999999129129064,4.07979022072776e-05,1854,-2.25950697358982,-4.34090062251897,"c2"
0,0,0,0,0,0,0,0,0,0,0,0,0,0,0,0,0,0,0,0,0,0,0,0,0,0,0,0,0,0,0,0,0,0,0,0,0,0,0,0,0,0,0,0,0,0,0,0,0,0,0,0,0,0,0,0,0,0,0,0,0,0,0,0,0,0,0,0,0,0,0,0,0,0,0,0,0,0,0,0,0,0,0,0,0,0,0,0,0,0,0,0,0,0,0,0,0,0,0,0,0,0,0,0,0,0,0,0,0,"c0_only"
0.385182586159972,0.355439133503277,0.301790774393276,0.370333451229673,2,382.007928970067,0.0402714837449857,0.999859729643734,0.0001943403562865,0.392900727702489,0.169668969294584,0.221454740911097,0.0009035131878708,2,389.384663106096,0.0927107410630339,0.614519991594945,0.0001982344741183,0.761628860463896,0.159062370229409,0.781465823830668,0,2,0,0.688540914609001,0.0003842728862078,0.152189794122771,0.0324063693365086,0.149425533563233,0.0048705632965361,4,0,0.414422830475216,7.67859707985728e-05,0.462555658583012,0.0238332951664766,0.339240509705985,0.173956209486073,4,0,0.631514615919986,0.000233378233392,0.464425298667601,0.0799421365801325,0.385992010866693,0.165077506268126,4,0,0.349262706132186,0.0002343215432228,0.446473286310586,0.0287532946897604,0.432742737476229,0.0280169449278007,4,0,0.342763590092058,0.0002252640193292,0.349764301021383,0.0677918537857896,0.387820562783883,0.123206179998482,5,0,0.370613925858276,0.0001764703839663,0.503540548703637,0.0176620842688291,0.546427163903851,0.0429215187414572,4,0,0.22753004829696,0.0002540567854206,0.188558295335422,0.0588712053294405,0.175767793305309,0,2,0,0.245884989197969,9.51353659613632e-05,0.557965725938441,0.078984394688406,0.58379688103205,0,4,0,0.396824619339359,0.0002815165115733,0.464698384077836,0.0813942570042845,0,0,0,0.350116720825081,0.0002344593259726,0.0323617986488734,0.0719946887169263,0.0083660693807343,0.0162344847932568,4,32.1021027778184,0.0923077205715179,0.708920863681536,1.63278499742045e-05,1982,-2.60258032405724,-4.54029700566556,"c0"
0.4908665423117,0.280488092845208,0.250848103774091,0.357197192429057,3,498.683825544537,0.0202919375177473,0.999979512236863,0.0002418061784786,0.277311157879345,0.0885537945166482,0.248324655268442,0.0389004098563957,2,281.499597961098,0.0365262202294273,0.540006042206005,0.0001366064817139,0.822499215598319,0.0211497513007482,0.836522128661941,0.0138427905557719,3,0,0.104625421869832,0.0004051720273883,0.237798347337688,0.161275935773552,0,0,1,0,0.519077841085501,0.0001171420430234,0.461841212773146,0.017275689265466,0.462236607714675,0.0002316051689407,4,0,0.433106199770303,0.0002275079865877,0.571180296197877,0.147640491896267,0.452001598248668,0.260565598132912,3,0,0.597563097014607,0.0002813696040383,0.445831706723371,0.0508717746424523,0.444588291933454,0.0043766548250776,4,0,0.686746410323469,0.0002196215304056,0.44965629902777,0.0761367096179149,0.514125205790032,0.0508702315523468,4,0,0.37226915588127,0.0002215055660235,0.502714819751687,0.0131894935123799,0.511581605758489,0.0116455684691493,4,0,0.195673043314207,0.0002476427683505,0.150116419887653,0.0342361467723516,0.139864456265376,0.0709679181266116,4,0,0.163919981268999,7.39489753141148e-05,0.573553798504571,0.102170753216607,0.653721399201785,0.0712488742454732,5,0,0.455376296609169,0.0002825388169973,0.461069359663029,0.0891908850743708,0,1,0,0.41741101037381,0.0002271277633808,0.005378773654929,0.011621051882771,0.2463252672696,0.492328366839549,5,5.46047369769918,0.131599543024829,0.103313034147205,2.64964219454632e-06,2030,-1.79459324177828,-3.85136342485307,"c1"
0.271527000225644,0.310092213023972,0.0159476472290905,0.0086177460288147,2,204.432641545215,0.0448215330954621,0.999910352384224,0.0001805365692989,0.354611549394024,0.119665783849724,0.29849958289788,0.0672759101231804,3,266.737549855306,0.131568848004096,0.501290932459129,0.0002357789557141,0.82933529174003,0.0623122379038039,0,0,2,0,0.200490032955969,0.0005514197418484,0.161659926552817,0.0193911590302442,0.33118368789744,0.254151429524911,3,0,0.195839156107752,0.000107486653293,0.462597668321233,0.0069468603175343,0.462524507352975,0.0005382691155074,4,0,0.0961062854094701,0.0003075782369157,0.512328936846226,0.0760594896753235,0.452480030259997,0,3,0,0.552987555791758,0.0003406442399243,0.445306674227944,0.0408933941148944,0.455105729220586,0.0121594193908478,3,0,0.669388662310646,0.0002960815653111,0.388182697056441,0.0405752463813014,0.548553260198543,0.0587860704031214,3,0,0.254391878066662,0.0002581001975109,0.502298462309545,0.0095033453529959,0.497608033469499,0.0104276577502581,3,0,0.0975042839143083,0.0003339750414292,0.267764531548789,0.0992440056875939,0,0,2,0,0.365810319255813,0.0001780349278914,0.558278203183248,0.0913949901394845,0,0,2,0,0.440853871463525,0.0003711956138186,0.416702731784422,0.0569205384804928,0.414224004018496,2,0,0.415153875314238,0.0002770629865587,0.0495772874544667,0.109524116065508,0.0306806992803044,0.0046756256257383,3,37.1365424583052,0.111555135754183,0.943402315714015,3.29636219777039e-05,1504,-3.00151285862165,-5.32238117423971,"c2"
0.296045837539925,0.320835710650713,0.0293785377820229,1.71134908728875e-06,2,179.357783187918,0.026148860422834,0.99999446099867,0.0002446659814379,0.335953142203857,0.141102457950261,0.22081689378501,7.69504634401311e-08,2,203.303925770364,0.0472976321203703,0.560782491044054,0.0002776472249618,0.403896360802433,0.0664113314832849,0,0,0,0,0.335049619149732,0.0003337986452912,0.308980287471022,0.0852754784829222,0,0,1,0,0.317651252558154,0.0002553556094801,0.462032530354175,0.0104009916732442,0,0,3,0,0.0957016356753372,0.0003818450664084,0.370943506248459,0.0711178202419474,0,0,3,0,0.309129345603291,0.000306564881197,0.445225920392863,0.0080182284002829,0,0,3,0,0.0799032087643586,0.0003679553061098,0.372349287621385,0.020814389370746,0,0,2,0,0.220994338060713,0.0003077266839846,0.503478535465786,0.0086530461149375,0,0,3,0,0.120085098723616,0.0004160979631948,0.444190798544227,0.148431385330998,0,0,2,0,0.573212339427721,0.0003670998335076,0.603184082875497,0.0949090236167239,0,0,2,0,0.411786334613455,0.0004984992420458,0.551282965610195,0.0745921175330504,0,1,0,0.350905458775376,0.0004556057567026,0.0402857310240418,0.123653583172321,0,0,2,24.411411700146,0.0427040811140949,0.97893449727056,3.32939925818528e-05,1210,-2.6606870421835,-5.20104329092588,"c0"
0.327480194164705,0.309661172228202,0.0148663071410032,0.0143174047137941,2,310.439273512513,0.0140950890412452,0.999965828749802,0.0001729040095906,0.275402529859225,0.0729430274188942,0.247031575181689,0.0370730769978419,2,260.830481701467,0.0264111402185628,0.37178126862686,0.0001454078827134,0.460076982008812,0.0700466564852292,0.446515853829888,0,2,0,0.339597271786465,0.0002429128732887,0.195267951433763,0.0602527781471938,0.316078504801575,0.14416662846535,3,0,0.726432498008477,0.0001030981792152,0.464464896444891,0.0248412900158869,0.462137898104824,0.001399379912621,3,0,0.426499088239902,0.0002452296179751,0.423324750448226,0.103819286138528,0.431746170199888,0.0451648939029975,2,0,0.940628740933813,0.0002235083159705,0.447630637696787,0.0445513109949966,0.336028050061014,0.16367869451702,3,0,0.667419629191598,0.0002363414137786,0.331264272503996,0.08961833812628,0.371487607954723,0.139497811971629,4,0,0.553630538873407,0.00017490193902,0.503913857629784,0.0186698443926306,0.508672440327032,0.0113130745603216,3,0,0.174179671721155,0.0002660580029724,0.265857641386908,0.0887423768037035,0,0,2,0,0.347565193434689,0.0001403683428653,0.592374875287708,0.0800144099952798,0.603829471499985,0.0802675139975517,4,0,0.394590060931733,0.0003127639257062,0.458953504887609,0.0531864875473074,0,0,0,0.33602801840769,0.0002423196963503,0.0139242472574572,0.0537108103720666,0.0003143735467314,0.0003630925369553,4,13.1996863305498,0.0700299449121883,0.858856519293499,7.35176729538398e-06,1894,-1.34160387834091,-3.21677784493825,"c1"
0.517431116708794,0.315475929635599,0.0086063770188333,8.46150132991267e-06,2,217.299653537546,0.0792316582743386,0.991030200852984,0.0006174595664782,0.367883655716281,0.0865457629853534,0.220818105797754,3.53790169849008e-06,2,154.214771244949,0.150205502488291,0.331849291234309,0.000439001975795,0.530622217384625,0.0492742851664685,0,0,1,0,0.255309561578211,0.0006332007367358,0.50309102331978,0.120092845578965,0,0,2,0,0.347217902229513,0.0006003472831978,0.461885188230858,0.0334734524037999,0,0,2,0,0.304225839232039,0.0005511756422802,0.686013655433867,0.150889412117835,0,0,2,0,0.50226977519096,0.0008186320470571,0.445127412449329,0.05799476640296,0,0,2,0,0.568158268480808,0.0005311782964789,0.676068714681179,0.226420689537354,0,0,2,0,0.917333857796216,0.0008067645759918,0.502739958875974,0.0628025752496485,0,0,2,0,0.672988928666719,0.0005999283518806,0.34390804672857,0.104608095294955,0,0,2,0,0.406833413525039,0.0004103914638765,0.611543118370126,0.0862396654660336,0,0,2,0,0.408767804937002,0.0007297650577209,0.4418860883256,0.0509285877425199,0,1,0,0.252939464080539,0.0005273103679303,0.0230871586144671,0.0862017680333883,6.59998465302194e-07,0,2,9.59715486615138,0.0694311718513222,0.968665230963867,2.75503086091494e-05,838,-2.3381797994462,-3.26232188452676,"c2"
0.227480822439769,0.269837816037888,0.0558255762719709,0.0679536088192007,4,309.318911323621,0.0154606604428849,0.988246532240015,8.36941951581197e-05,0.243203401662781,0.118264724347871,0.233327360625542,0.155040392749644,4,330.429877413789,0.0284068486961078,0.553428943762476,8.94788085587863e-05,0,0,0,0,0,0,0,0,0.151610488194464,0.105126472073723,0.419201093337935,0,2,0,0.528311499660543,5.57801648986256e-05,0.491792835947452,0.0194450126156291,0.534615710842492,0,4,0,0.307032158109741,0.0001809392332404,0.312410839551108,0.125049920989301,0.185396111019217,0,2,0,0.448014295908088,0.0001149414420717,0.462717742400937,0.0095118082626062,0,0,4,0,0.111591352607129,0.0001702419949966,0.403454391074333,0.0429465851874366,0.999845135666083,0,5,0,0.31724021476195,0.000148437965811,0.505360487792652,0.0165621282377799,0.51878343232029,0,4,0,0.173854328707331,0.0001859310109612,0.183324969992175,0.061329294027871,0.0832038834607733,0,4,0,0.245477636492634,6.7448480497489e-05,0.354827247349986,0.130246175683654,0.344339655611032,0,4,0,0.641681394774267,0.0001305471844554,0.370863820569888,0.0918998492615144,0,1,0,0.391009025183506,0.0001364473217696,0.0519741643279172,0.15532298714276,0.1488568273069,0.288777613802927,5,70.6767426106075,0.0469702718899202,0.990937431647675,1.91222090978356e-05,2718,-1.95811205255905,-3.90798724740401,"c0"
0.193716665216273,0.253020807036961,0.0766496555087641,0.104425731646013,3,308.351163831089,0.0118185577757191,0.991721628417316,6.08789017021599e-05,0.230004961824118,0.100503681258958,0.171796855835018,0.0319877017616894,4,365.86872597758,0.0241082691966316,0.493123013150299,7.22831432508229e-05,0,0,0,0,0,0,0,0,0.231882077756623,0.120401810989229,0.093002954180218,0.0389943405432488,5,0,0.596962491456201,7.28730602629237e-05,0.493966072435828,0.0240622435793731,0,0,3,0,0.318177389809642,0.0001552376091878,0.364567812291492,0.125849834003415,0.377691939096248,0.240137987866708,3,0,0.581724585870885,0.0001145719083254,0.464290352337707,0.0215894211051289,0.457008209436195,0.0120683976030012,5,0,0.434140043274996,0.0001459114872211,0.420868800678458,0.121181365795483,0.376132816201486,0.0171742960991318,3,0,0.826830845759224,0.0001322654936135,0.507915063744496,0.0461725025457901,0.518182782812043,0.0237207586381695,6,0,0.737024596889902,0.0001596213273867,0.260808731563367,0.0840023525279657,0.207403780092141,0,3,0,0.380383224976573,8.1963774847067e-05,0.38750169189619,0.150561955016661,0,0,3,0,0.775279139114388,0.0001217792872081,0.384480905752228,0.0912276713131109,0,1,0,0.489866686351515,0.0001208299515248,0.0669928093585417,0.185919488232296,0.0123334630849553,0.0226184539765174,7,106.605574167846,0.0479740600041635,0.993055618029699,2.10536798738346e-05,3182,-1.67436701920473,-2.88265958092571,"c1"
