Time,TrialID,LKnee_speed,LHeel_speed,RHeel_speed,RWrist_speed,RWrist_vert_vel,LElbow_speed,RHip_speed,Head_speed,RShoulder_speed,RElbow_speed,LWrist_speed,LWrist_vert_vel,LHip_speed,RKnee_speed,LShoulder_speed,LKnee_speed_movement,LKnee_speed_event,LHeel_speed_movement,LHeel_speed_event,RHeel_speed_movement,RHeel_speed_event,RWrist_speed_movement,RWrist_speed_event,LElbow_speed_movement,LElbow_speed_event,RHip_speed_movement,RHip_speed_event,Head_speed_movement,Head_speed_event,RShoulder_speed_movement,RShoulder_speed_event,RElbow_speed_movement,RElbow_speed_event,LWrist_speed_movement,LWrist_speed_event,LHip_speed_movement,LHip_speed_event,RKnee_speed_movement,RKnee_speed_event,LShoulder_speed_movement,LShoulder_speed_event,RWrist_vert_vel_movement,RWrist_vert_vel_movement_event,LWrist_vert_vel_movement,LWrist_vert_vel_movement_event
0.0,0_2_88_p0,7.637615064100838,0.6494506821060159,0.0,4.9730501998114045,-1.739843245120037,2.819057693111337,1.7474825069556066,2.143409812488954,0.8019042276107701,3.8533028542050953,-0.5648248793327535,-0.6780775521888043,0.0,3.573359543895341,2.626328251988907,0,0,0,0,0,0,0,0,0,0,0,0,0,0,0,0,0,0,0,0,0,0,0,0,0,0,0,0,0,0
16.6666666666666,0_2_88_p0,7.637615064100838,0.6494506821060159,0.0,4.9730501998114045,-1.739843245120037,2.819057693111337,1.7474825069556066,2.143409812488954,0.8019042276107701,3.8533028542050953,-0.5648248793327535,-0.6780775521888043,0.0,3.573359543895341,2.626328251988907,0,0,0,0,0,0,0,0,0,0,0,0,0,0,0,0,0,0,0,0,0,0,0,0,0,0,0,0,0,0
33.3333333333333,0_2_88_p0,7.717544014673687,0.6402508007523047,5.989935537032285,4.991109517767524,-1.89359192624428,2.8633799477950603,2.130019351268584,2.2327615126480924,1.0885803914480656,3.771093071019466,0.1270863184249618,-0.8258131406138393,3.59282700667172,3.810412927832487,2.831466319173046,0,0,0,0,0,0,0,0,0,0,0,0,0,0,0,0,0,0,0,0,0,0,0,0,0,0,0,0,0,0
50.0,0_2_88_p0,7.797472965246537,0.6310509193985934,5.989935537032285,5.009168835723643,-2.0473406073685227,2.9077022024787835,2.5125561955815607,2.3221132128072304,1.375256555285361,3.688883287833837,0.8189975161826772,-0.9735487290388742,3.59282700667359,4.047466311769632,3.0366043863571845,0,0,0,0,0,0,0,0,0,0,0,0,0,0,0,0,0,0,0,0,0,0,0,0,0,0,0,0,0,0
66.6666666666666,0_2_88_p0,7.877401915819386,0.6218510380448821,5.98993553703288,5.027228153679762,-2.201089288492766,2.9520244571625067,2.8950930398945376,2.411464912966369,1.6619327191226567,3.606673504648207,1.5109087139403927,-1.121284317463909,3.592827006671705,4.284519695706778,3.241742453541323,0,0,0,0,0,0,0,0,0,0,0,0,0,0,0,0,0,0,0,0,0,0,0,0,0,0,0,0,0,0
83.3333333333333,0_2_88_p0,7.957330866392236,0.6126511566911709,5.989935537032583,5.0452874716358815,-2.3548379696170088,2.996346711846229,3.277629884207515,2.5008166131255067,1.9486088829599524,3.5244637214625776,2.202819911698108,-1.2690199058889442,3.592827006672328,4.521573079643924,3.446880520725462,0,0,0,0,0,0,0,0,0,0,0,0,0,0,0,0,0,0,0,0,0,0,0,0,0,0,0,0,0,0
99.9999999999999,0_2_88_p0,8.037259816965086,0.6034512753374597,5.98993553703278,5.063346789592,-2.508586650741252,3.0406689665299527,3.660166728520492,2.590168313284645,2.235285046797248,3.442253938276948,2.8947311094558232,-1.4167554943139793,3.5928270066742,4.758626463581068,3.652018587909601,0,0,0,0,0,0,0,0,0,0,0,0,0,0,0,0,0,0,0,0,0,0,0,0,0,0,0,0,0,0
116.6666666666666,0_2_88_p0,8.117188767537936,0.5942513939837484,5.989935537032285,5.081406107548119,-2.6623353318654948,3.084991221213676,4.042703572833469,2.679520013443783,2.521961210634544,3.3600441550913187,3.586642307213539,-1.5644910827390142,3.592827006671717,4.995679847518215,3.85715665509374,0,0,0,0,0,0,0,0,0,0,0,0,0,0,0,0,0,0,0,0,0,0,0,0,0,0,0,0,0,0
133.33333333333331,0_2_88_p0,8.197117718110785,0.5850515126300371,5.989935537033217,5.0994654255042375,-2.816084012989738,3.129313475897399,4.425240417146446,2.768871713602921,2.808637374471839,3.2778343719056893,4.278553504971253,-1.712226671164049,3.592827006672965,5.232733231455359,4.062294722277878,0,0,0,0,0,0,0,0,0,0,0,0,0,0,0,0,0,0,0,0,0,0,0,0,0,0,0,0,0,0
150.0,0_2_88_p0,8.277046668683635,0.5758516312763259,9.291382112386083,5.6555542276564434,-3.243894638927974,3.4240252858563767,4.807777261459423,2.8821687193434937,3.418591472876909,3.473011717914344,5.507790644277597,-2.059613681418771,3.903672561857742,5.469786615392505,4.779377456462954,0,0,0,0,0,0,0,0,0,0,0,0,0,0,0,0,0,0,0,0,0,0,0,0,0,0,0,0,0,0
166.6666666666666,0_2_88_p0,8.356975619256485,0.5666517499226147,5.7895379578413495,5.919821585476013,-3.587684365007624,3.5486697417250355,5.1903141057724,2.748851484914665,3.978968277995202,3.4084347713651075,6.724368087401456,-2.4079524393714893,2.2671561720208984,5.706839999329651,5.303295281701951,0,0,0,0,0,0,0,0,0,0,0,0,0,0,0,0,0,0,0,0,0,0,0,0,0,0,0,0,0,0
183.3333333333333,0_2_88_p0,8.436904569829334,0.5574518685689034,2.612997820191014,6.264926413652278,-3.99796440176528,3.7128190204341847,5.572850950085377,2.7184973298540864,4.602018777313756,3.351673122268521,8.030927434674293,-2.804155675313557,1.3770203879578649,5.943893383266796,5.854424377227005,0,0,0,0,0,0,0,0,0,0,0,0,0,0,0,0,0,0,0,0,0,0,0,0,0,0,0,0,0,0
199.9999999999999,0_2_88_p0,8.516833520402184,0.5482519872151921,1.594626125621042,6.644294794564713,-4.4118312549480905,3.880345497657165,5.955387794398355,2.708852433593036,5.272295809765653,3.2588666539809035,9.34824535799803,-3.146349870178374,1.3122469172578286,6.180946767203942,6.394174928106128,0,0,0,0,0,0,0,0,0,0,0,0,0,0,0,0,0,0,0,0,0,0,0,0,0,0,0,0,0,0
216.6666666666666,0_2_88_p0,8.596762470975033,0.5390521058614809,1.9486052141116952,7.045246787003233,-4.78644165998447,4.028085218414269,6.337924638711332,2.701823834290156,5.982251949831967,3.099676788782738,10.659443118656746,-3.406533768759465,1.927873685795868,6.418000151141087,6.921316917822007,0,0,0,0,0,0,0,0,0,0,0,0,0,0,0,0,0,0,0,0,0,0,0,0,0,0,0,0,0,0
233.3333333333333,0_2_88_p0,8.676691421547883,0.5298522245077697,1.7272625948096312,7.534254589325014,-5.134564146235997,4.13327523865508,6.720461483024309,2.718758485510984,6.73521761391761,2.8884077548975946,11.9881750437386,-3.6430518281847872,3.56643764466181,6.655053535078233,7.471950816391699,0,0,0,0,0,0,0,0,0,0,0,0,0,0,0,0,0,0,0,0,0,0,0,0,0,0,0,0,0,0
249.9999999999999,0_2_88_p0,8.756620372120732,0.5206523431540584,1.1940172803130564,8.204481198517088,-5.501527599819562,4.176736090558334,7.102998327337286,2.6967303380417307,7.5450709923486,2.658449820738489,13.36809107307646,-3.90836534228277,6.456164001474518,6.892106919015378,8.07457616122894,0,0,0,0,0,0,0,0,0,0,0,0,0,0,0,0,0,0,0,0,0,0,0,0,0,0,0,0,0,0
266.66666666666663,0_2_88_p0,8.836549322693582,0.5114524618003471,0.8084694496978502,9.083560398192288,-5.93307254258205,4.272642234633199,7.4855351716502625,2.6456790366504697,8.412189167027154,2.577354148944916,14.848774807583611,-4.220266484594824,9.691333283962194,7.129160302952524,8.72299486538778,0,0,0,0,0,0,0,0,0,0,0,0,0,0,0,0,0,0,0,0,0,0,0,0,0,0,0,0,0,0
283.3333333333333,0_2_88_p0,8.916478273266431,0.5022525804466359,0.592728440092269,10.20925326063538,-6.464462224899802,4.488301852713237,7.868072015963239,2.60338815904832,9.350205667787629,2.8660558231629194,16.528735722132975,-4.635723721039804,12.234574221664625,7.366213686889669,9.47577134738365,0,0,0,0,0,0,0,0,0,0,0,0,0,0,0,0,0,0,0,0,0,0,0,0,0,0,0,0,0,0
300.0,0_2_88_p0,8.996407223839281,0.4930526990929246,0.3404339379620003,11.554785645873828,-7.118789638560697,4.8987500783297575,8.250608860276216,2.7331126960773027,10.223421755516387,3.3034112207740907,18.390007425010488,-5.152967804277788,13.859429186261105,7.603267070826814,10.2611115974864,0,0,0,0,0,0,0,0,0,0,0,0,0,0,0,0,0,0,0,0,0,0,0,0,0,0,0,0,0,0
316.6666666666666,0_2_88_p0,9.07633617441213,0.4838528177392134,0.3190559312967304,13.114010040171046,-7.876285998515427,5.3376592178998425,8.633145704589193,2.9231145475877147,10.95188169547619,3.8705003783492153,20.29943191343748,-5.753397802418316,14.752776399518009,7.84032045476396,10.959438158213777,0,0,0,0,0,0,0,0,0,0,0,0,0,0,0,0,0,0,0,0,0,0,0,0,0,0,0,0,0,0
333.3333333333333,0_2_88_p0,9.15626512498498,0.4746529363855021,0.2223081168862626,14.929057585693371,-8.732159725448767,5.724239406243143,9.015682548902172,3.044638189562639,11.737458486714798,4.534337982379959,22.23691230859725,-6.391834923512658,15.127425503676491,8.077373838701106,11.609834076903368,0,0,0,0,0,0,0,0,0,0,0,0,0,0,0,0,0,0,0,0,0,0,0,0,0,0,0,0,0,0
350.0,0_2_88_p0,9.408142229609716,0.4722853514349661,0.3978692012938502,17.0274643765281,-9.657869690907534,6.074560180681462,9.547596110785744,3.005681810441618,12.61649880265525,5.270265814831991,24.182029249488068,-7.030039474212896,15.487547162523397,8.40328937560881,12.246328614076804,0,0,0,0,0,0,0,0,0,0,0,0,0,0,0,0,0,0,0,0,0,0,0,0,0,0,0,0,0,0
366.6666666666666,0_2_88_p0,9.369800142788234,0.4650656535543168,1.5892540954935055,19.341706619867143,-10.554300751816402,6.3979508855594025,9.824930461817566,2.8589196521913696,13.400546558931744,6.105199985828521,26.071443713504216,-7.657748623285656,16.401878569332315,8.445302989500586,12.900079763578914,0,0,0,0,0,0,0,0,0,0,0,0,0,0,0,0,0,0,0,0,0,0,0,0,0,0,0,0,0,0
383.3333333333333,0_2_88_p0,9.296457585035943,0.4596242442738693,3.126206373297053,21.746256058457533,-11.302851435205143,6.6341917032964295,10.056774722946336,2.703005114218124,13.984726535876462,7.090321403974299,27.86449568890842,-8.243406584470748,17.653449157512075,8.469350687161809,13.54533397667349,0,0,0,0,0,0,0,0,0,0,0,0,0,0,0,0,0,0,0,0,0,0,0,0,0,0,0,0,0,0
399.9999999999999,0_2_88_p0,9.20949934405326,0.4561986685809442,4.600101270104704,24.177796528162645,-11.849731296657826,6.768278238034912,10.209736681955471,2.632753720471504,14.362764006809208,8.263397591416497,29.54547049137573,-8.690980276563337,18.292797968195977,8.556546894658162,14.115310991112077,0,0,0,0,0,0,0,0,0,0,0,0,0,0,0,0,0,0,0,0,0,0,0,0,0,0,0,0,0,0
416.6666666666666,0_2_88_p0,9.108134936359637,0.4536420930826068,5.9424199836963725,26.61445335548461,-12.227136425317008,6.8307805863840905,10.279914996758007,2.666585952615598,14.56033977939195,9.638462909001388,31.10926765964942,-8.931730618713189,17.777173035650975,8.641407657450243,14.547182755538612,0,0,0,0,0,0,0,0,0,0,0,0,0,0,0,0,0,0,0,0,0,0,0,0,0,0,0,0,0,0
433.3333333333333,0_2_88_p0,8.98919990004251,0.45106631943676,7.277316894205525,29.01900758611591,-12.528684929259036,6.87502237989201,10.289885122395487,2.710171796449777,14.583710454185614,11.192183195463045,32.60247065095527,-9.05479051449457,16.497314687125048,8.666934469018264,14.83116582371756,0,0,0,0,0,0,0,0,0,0,0,0,0,0,0,0,0,0,1,1,0,0,0,0,0,0,0,0,0,0
449.9999999999999,0_2_88_p0,8.866728278192333,0.4487983331310878,8.029274022804984,31.35797878454813,-12.853320084019908,6.979465534269787,10.26919554524621,2.825480126406127,14.434734295509692,12.87622933177667,34.09850374082724,-9.23125606503048,15.715669708556748,8.645457030314146,15.011232711492308,0,0,0,0,0,0,0,0,0,0,0,0,0,0,0,0,0,0,1,1,0,0,0,0,0,0,0,0,0,0
466.6666666666666,0_2_88_p0,8.762516473534578,0.4466438330718994,7.247116651833842,33.62261076405059,-13.227449131117844,7.206369817131597,10.233880577466998,2.9655160414835944,14.15421905675942,14.64095853131793,35.58683366468239,-9.504845265691175,16.562573418845833,8.66072131334917,15.158965023885788,0,0,0,0,0,0,1,1,0,0,0,0,0,0,0,0,0,0,1,1,0,0,0,0,0,0,0,0,0,0
483.33333333333326,0_2_88_p0,8.670709994946511,0.4433992254183832,4.96157701537742,35.80939004080709,-13.599104350278674,7.578295787089136,10.14724799348974,3.07171260296505,13.817713352495549,16.464174617389265,37.018687345012346,-9.794249169475638,18.12415519511988,8.700655243956353,15.290888972876726,0,0,0,0,0,0,1,1,0,0,0,0,0,0,0,0,0,0,1,1,0,0,0,0,0,0,0,0,0,0
499.9999999999999,0_2_88_p0,8.582906434499415,0.4381549154980615,2.7633676605352946,37.95729934905788,-13.9108089982067,8.055063784879348,10.109819440853732,3.1958183643056306,13.509822971205928,18.356173763888066,38.42301744968945,-10.063642128317742,18.75835362863137,8.728501255618776,15.32504419003841,0,0,0,0,0,0,1,1,0,0,0,0,0,0,0,0,0,0,1,1,0,0,0,0,0,0,0,0,0,0
516.6666666666666,0_2_88_p0,8.423596411471555,0.4271846919583846,2.002311027796324,40.15464739491833,-14.129291728517014,8.447650802295485,10.050833044278232,3.3292735644876283,13.303942745801413,20.14681206089924,39.85020165712196,-10.320373796661858,17.91310760332753,8.574935992709154,15.193938004276085,0,0,0,0,0,0,1,1,0,0,0,0,0,0,0,0,0,0,1,1,0,0,0,0,0,0,0,0,0,0
533.3333333333334,0_2_88_p0,8.332066807641349,0.4224641517576711,2.498571811445318,42.40240311825498,-14.223063049952682,8.622623620472353,10.021472802488804,3.415975012909018,13.204231108168688,21.68002608488393,41.253634173997895,-10.493238209095995,16.19377818644261,8.542108602402717,14.941026834092275,0,0,0,0,0,0,1,1,0,0,0,0,0,0,0,0,0,0,1,1,0,0,0,0,0,0,0,0,0,0
550.0,0_2_88_p0,8.209918446352857,0.4217095727518266,3.934874598946736,44.58018748205927,-14.15603358903692,8.669152804331445,10.019064851764652,3.4496143639608894,13.102688122925152,22.93093086834832,42.51458395847722,-10.458974105021202,14.798727061359967,8.54351201265681,14.642527048464338,0,0,0,0,0,0,1,1,0,0,0,0,0,0,0,0,0,0,1,1,0,0,0,0,0,0,0,0,0,0
566.6666666666667,0_2_88_p0,8.062380386679013,0.4203119780674798,4.09732215588838,46.55199342504998,-13.885398584825818,8.721584786508142,10.012211752435608,3.430402685939136,12.812531566671398,23.99802557273469,43.50684075950283,-10.15215040424194,14.498060661164804,8.51336401635694,14.289080277435785,0,0,0,0,0,0,1,1,0,0,0,0,0,0,0,0,1,1,1,1,0,0,0,0,0,0,0,0,0,0
583.3333333333335,0_2_88_p0,7.902921281182892,0.4099412890964551,3.160510093551636,48.206949140766696,-13.370106315556963,8.857828690991868,9.96550478430727,3.3942950223609287,12.1835470990638,24.97890298051005,44.09180997073216,-9.584476082148528,14.95579762022316,8.412862694335931,13.780606796779423,0,0,0,0,0,0,1,1,0,0,0,0,0,0,0,0,1,1,1,1,0,0,0,0,0,0,0,0,0,0
600.0000000000002,0_2_88_p0,7.746807176930519,0.3897288007185485,3.223882172692937,49.46215602178737,-12.627022445847212,9.107394201855463,9.853499774563884,3.396060372845155,11.291661398460692,25.8574742219186,44.14997100245505,-8.806507951977252,15.4471106085497,8.233657686679154,13.002625482845882,0,0,0,0,0,0,1,1,0,0,0,0,0,0,0,0,1,1,1,1,0,0,0,0,0,0,0,0,0,0
616.666666666667,0_2_88_p0,7.595529946656137,0.364331552977204,4.138141038282797,50.30748969066643,-11.78005406553708,9.476721708725766,9.667681111752866,3.4744913558563866,10.398892899572246,26.510998887704577,43.67121172129704,-7.893519275340806,15.836596825226794,8.00691322466303,12.091438083480348,0,0,0,0,0,0,1,1,0,0,0,0,0,0,0,0,1,1,1,1,0,0,0,0,0,0,0,0,0,0
633.3333333333336,0_2_88_p0,7.427809600722514,0.3360145599294163,5.131740610135856,50.786525566595074,-10.990809549296662,9.93517991040173,9.42298066692336,3.632294200969432,9.561377426964375,26.80252473745776,42.771655038087225,-6.951650142187457,16.360552463885792,7.780205070531561,11.199193092194797,0,0,0,0,0,0,1,1,0,0,0,0,0,0,0,0,1,1,1,1,0,0,0,0,0,0,0,0,0,0
650.0000000000003,0_2_88_p0,7.229531693606169,0.3021664098379303,5.490914118538544,50.91352562105748,-10.31050262691635,10.406673028048,9.173952231099843,3.8211290175799655,8.780984092278791,26.636483241799063,41.58524034593047,-6.093727916612191,16.86942992004392,7.557608573443868,10.288971232570384,0,0,0,0,0,0,1,1,0,0,0,0,0,0,0,0,1,1,1,1,0,0,0,0,0,0,0,0,0,0
666.6666666666671,0_2_88_p0,7.035803397249136,0.2631660963494748,4.613281235739528,50.685768003208295,-9.642913905315154,10.81070185359576,8.917636468374608,3.9393985874131854,8.049354268359362,25.982052608666155,40.19315485938032,-5.38040631042538,16.974119752942794,7.324635578783468,9.38360125627474,0,0,0,0,0,0,1,1,0,0,0,0,0,0,0,0,1,1,1,1,0,0,0,0,0,0,0,0,0,0
683.3333333333338,0_2_88_p0,6.871619272654588,0.226727200257198,4.516384783168703,50.19046877200662,-8.858681615568955,11.107481563787111,8.655686754718948,3.9282202074817287,7.373247217142605,24.927588508392294,38.66354606942045,-4.787200142443204,16.252323072718898,7.0786340966387575,8.567549812474457,0,0,0,0,0,0,1,1,0,0,0,0,0,0,0,0,1,1,1,1,0,0,0,0,0,0,0,0,0,0
700.0000000000005,0_2_88_p0,6.69630126650824,0.2031351280917808,7.344752237955443,49.60111392824951,-7.917142340518168,11.289895347959844,8.393183016334644,3.8263281921899583,6.80615021923051,23.677823556014943,37.066423808693095,-4.249410735247217,14.275111912068583,6.824042654089461,7.9426120667793905,0,0,0,0,0,0,1,1,0,0,0,0,0,0,0,0,1,1,1,1,0,0,0,0,0,0,0,0,0,0
716.6666666666672,0_2_88_p0,6.467252888504886,0.1964442665602551,8.914605080684549,49.02208214372922,-6.886027455459141,11.343848566119892,8.131167854884527,3.713235631605495,6.378639546032495,22.42425610438161,35.45072007942112,-3.735656632290989,11.252315410154011,6.546049312127311,7.518500631861485,0,0,0,0,0,0,1,1,0,0,0,0,0,0,0,0,0,0,1,1,0,0,0,0,0,0,0,0,0,0
733.3333333333339,0_2_88_p0,6.181752545245354,0.1952332316756816,7.323293569566217,48.36726496465053,-5.854767786911804,11.2539298940032,7.85389038413674,3.6416493479248833,6.05625244795568,21.186732531198587,33.79372794320828,-3.22599504697701,8.239336051945521,6.24875329431447,7.188899783232907,0,0,0,0,0,0,1,1,0,0,0,0,0,0,0,0,0,0,1,1,0,0,0,0,0,0,0,0,0,0
750.0000000000007,0_2_88_p0,5.8772343154357545,0.1913478903472326,4.1307445131669445,47.35569161720944,-4.839798422206124,11.056035765447248,7.556341002394422,3.608808773935329,5.747190187231776,19.81373443224432,31.94459752155111,-2.651034017951479,6.45164101351832,5.965854876913311,6.851646003212887,0,0,0,0,0,0,1,1,0,0,0,0,0,0,0,0,0,0,0,0,0,0,0,0,0,0,0,0,0,0
766.6666666666674,0_2_88_p0,5.597793942213242,0.1879597298346847,2.017292638655426,45.70683308875907,-3.7919729986202872,10.84647214741006,7.270124896499089,3.5692053167206907,5.363435780656629,18.213540582741704,29.75726293063004,-1.9604091523498288,5.839351055042799,5.720156016739583,6.488322179441628,0,0,0,0,0,0,1,1,0,0,0,0,0,0,0,0,0,0,0,0,0,0,0,0,0,0,0,0,0,0
783.333333333334,0_2_88_p0,5.360979464160161,0.184282226814723,1.8052410917801816,43.41434953652474,-2.676349835156832,10.699680088342609,6.980155492980519,3.4696928477008364,4.886704232928938,16.496413276533524,27.30411044504424,-1.2346717227962378,5.409710179591062,5.508042219871342,6.146349849575749,0,0,0,0,0,0,1,1,0,0,0,0,0,0,0,0,0,0,0,0,0,0,0,0,0,0,0,0,0,0
800.0000000000008,0_2_88_p0,5.15071696218775,0.178604245773359,1.975375191028818,40.7096052112963,-1.530515674275679,10.601979989000617,6.656469989925913,3.346320835319037,4.4058973729673,14.818563276159454,24.83089452307948,-0.6411469971717746,4.781953090306577,5.315371459869457,5.885012798385719,0,0,0,0,0,0,1,1,0,0,0,0,0,0,0,0,0,0,0,0,0,0,0,0,0,0,0,0,0,0
816.6666666666675,0_2_88_p0,4.9393637843060745,0.1720767525896228,1.3070518936942912,37.796474266091295,-0.4557537429580812,10.478531677567508,6.309894713988988,3.2616022041520933,4.081937412383645,13.19311425357428,22.54635591304753,-0.2962800084067402,3.862819270374518,5.118535338786978,5.736390974553997,0,0,0,0,0,0,1,1,0,0,0,0,0,0,0,0,0,0,0,0,0,0,0,0,0,0,0,0,0,0
833.3333333333343,0_2_88_p0,4.720482822150322,0.1698146205743195,1.1735495674875642,34.76071479370231,0.4523228768701422,10.241013939618014,5.929411853221428,3.195048966186973,4.0269024808512,11.566883940951453,20.517671370937656,-0.2138314057880283,3.587810609421855,4.900952071121975,5.70721432321148,0,0,0,0,0,0,1,1,0,0,0,0,0,0,0,0,0,0,0,0,0,0,0,0,0,0,0,0,0,0
850.000000000001,0_2_88_p0,4.509828357758863,0.1724390331429191,1.9906838211526443,31.65800012677263,1.1670062831061634,9.82103562522238,5.506573937099441,3.120404666790601,4.164191449205155,9.951610726532127,18.716674545382205,-0.3309779612631024,4.06614981911737,4.66807178681397,5.798928828209514,0,0,0,0,0,0,0,0,0,0,0,0,0,0,0,0,0,0,0,0,0,0,0,0,0,0,0,0,0,0
866.6666666666677,0_2_88_p0,4.347295602220051,0.1772056956876611,3.672060311445627,28.563036326124987,1.748042653798794,9.206671728748772,5.091712050518721,3.029480257761686,4.281260318250376,8.43390566258944,17.092885199893633,-0.5425322090196127,4.2965258646313504,4.424440668905404,5.819340912051868,0,0,0,0,0,0,0,0,0,0,0,0,0,0,0,0,0,0,0,0,0,0,0,0,0,0,0,0,0,0
883.3333333333344,0_2_88_p0,4.276223660552641,0.1807601871469131,6.213009968431484,25.54708380603474,2.289309225551794,8.513125695407087,4.739573572763996,2.923616105661389,4.363307802084027,7.100590041093253,15.588246028149646,-0.7459280761800086,4.556469834355458,4.184872366306519,5.641407898804282,0,0,0,0,0,0,0,0,0,0,0,0,0,0,0,0,0,0,0,0,0,0,0,0,0,0,0,0,0,0
900.0000000000011,0_2_88_p0,4.295779469108812,0.1864322839950835,7.930490614899132,22.662548912779844,2.8014069241241417,7.916998914991066,4.449894211228357,2.830780965395641,4.432830749805427,6.001009847851677,14.159782287573233,-0.8805767576147914,5.033691195091301,3.99652186141093,5.4066031167865845,0,0,0,0,0,0,0,0,0,0,0,0,0,0,0,0,0,0,0,0,0,0,0,0,0,0,0,0,0,0
916.666666666668,0_2_88_p0,4.354891368110841,0.1998505554813364,7.541821986266037,19.9411443415099,3.178710573712982,7.419228458558171,4.18272018552674,2.7524893811952102,4.5670000091683365,5.143295604003551,12.79905028925814,-0.9286337523725492,5.457038885144461,3.8457257716709545,5.2243220568018245,0,0,0,0,0,0,0,0,0,0,0,0,0,0,0,0,0,0,0,0,0,0,0,0,0,0,0,0,0,0
933.3333333333346,0_2_88_p0,4.387266842187591,0.2219721732197815,4.97904806906651,17.415677812239075,3.314825010590431,6.91631504721513,3.92112484175725,2.6428767516709124,4.842551108403328,4.516781010425492,11.48200341699247,-0.8896577728253888,6.025459598162427,3.701812763177133,5.07603473160269,0,0,0,0,0,0,0,0,0,0,0,0,0,0,0,0,0,0,0,0,0,0,0,0,0,0,0,0,0,0
950.0000000000013,0_2_88_p0,4.342582129215508,0.2525627619833386,1.5449625217081815,15.08912358988489,3.196589696584345,6.372934251111212,3.662589043540829,2.549392825559104,5.196223511884118,4.036212890854215,10.160915552595974,-0.7744771283534547,7.036190762465908,3.559781800180788,4.824423242543681,0,0,0,0,0,0,0,0,0,0,0,0,0,0,0,0,0,0,0,0,0,0,0,0,0,0,0,0,0,0
966.666666666668,0_2_88_p0,4.201613107049274,0.286194026306599,1.790717419789938,12.875777884844302,2.882172502593652,5.818058471686517,3.40555071751805,2.4948640618308344,5.479568957474184,3.555748210812581,8.84920909753905,-0.6196724468805721,7.809366344437701,3.3989932249770645,4.362441692532732,0,0,0,0,0,0,0,0,0,0,0,0,0,0,0,0,0,0,0,0,0,0,0,0,0,0,0,0,0,0
983.3333333333348,0_2_88_p0,3.982868717928283,0.3122428644470201,2.8060048181299275,10.774525369714976,2.444209477208862,5.351549702877784,3.1533242872897285,2.3995812654107334,5.5845403690720055,3.021280369769778,7.657070625476148,-0.480184546455235,7.629844366378999,3.1939671782066643,3.774521285678796,0,0,0,0,0,0,0,0,0,0,0,0,0,0,0,0,0,0,0,0,0,0,0,0,0,0,0,0,0,0
1000.0000000000014,0_2_88_p0,3.772695442736685,0.3244645418072774,2.764300873280156,8.921167824353132,1.9305574660622,5.043506044605316,2.9025280778551865,2.2504443610626104,5.4996219261156245,2.524318036650315,6.655439608308107,-0.4036702874135762,6.87119561966829,2.9907201293198096,3.2722227869646487,0,0,0,0,0,0,0,0,0,0,0,0,0,0,0,0,0,0,0,0,0,0,0,0,0,0,0,0,0,0
1016.666666666668,0_2_88_p0,3.646396109275006,0.3270537302179455,2.698652019031713,7.482650733776218,1.3525347478477294,4.784372483600603,2.617955588200068,2.0975966875038883,5.26398446468022,2.164543939064589,5.899641749092542,-0.4103873938239821,6.417095829323539,2.8541553572555203,2.966109733629281,0,0,0,0,0,0,0,0,0,0,0,0,0,0,0,0,0,0,0,0,0,0,0,0,0,0,0,0,0,0
1033.3333333333344,0_2_88_p0,3.5942944141669115,0.3306614720755883,2.559626039192914,6.514157976326391,0.7124898882324839,4.466507914843014,2.2974492284277623,1.9750044151777453,4.965353124120231,1.95177146729363,5.417104258195346,-0.4672566013495619,6.486629823194812,2.836411488959372,2.848954032346773,0,0,0,0,0,0,0,0,0,0,0,0,0,0,0,0,0,0,0,0,0,0,0,0,0,0,0,0,0,0
1050.0000000000011,0_2_88_p0,3.569453863800253,0.3339920015331802,2.01349145872549,5.915879446229892,0.0437831350488693,4.088187714290631,2.0468996825107686,1.8710369144860848,4.71982714945616,1.8201591025853872,5.163098593785416,-0.4871143451109966,6.404847185683443,2.878967642018797,2.808555735612912,0,0,0,0,0,0,0,0,0,0,0,0,0,0,0,0,0,0,0,0,0,0,0,0,0,0,0,0,0,0
1066.6666666666677,0_2_88_p0,3.546425989028147,0.3355702679242991,1.7370927138344967,5.549141578680794,-0.5868699311958788,3.696597171854304,1.8829633859053083,1.7416519026246589,4.534629648469041,1.720299669104944,5.025812677646477,-0.3903266260085451,5.575491630521364,2.8815741205332444,2.7005446936002704,0,0,0,0,0,0,0,0,0,0,0,0,0,0,0,0,0,0,0,0,0,0,0,0,0,0,0,0,0,0
1083.3333333333344,0_2_88_p0,3.5309336182269906,0.3352736094364722,2.43454243524488,5.366536213151477,-1.129126152225128,3.338361899107258,1.7905183994159073,1.6279177039331725,4.369761770869242,1.6938420322582188,4.9520098291409935,-0.1584607020872684,4.412714996425267,2.871054319755689,2.4914400696427084,0,0,0,0,0,0,0,0,0,0,0,0,0,0,0,0,0,0,0,0,0,0,0,0,0,0,0,0,0,0
1100.000000000001,0_2_88_p0,3.5382782769350083,0.332638309651236,3.815598951756831,5.397845504048025,-1.589101317070262,3.0736583333325385,1.7580345532819233,1.5750673766808028,4.219794462780165,1.753842714468672,5.027354215920748,0.1778443324829769,3.605255053941384,2.873671427958147,2.29442518533436,0,0,0,0,0,0,0,0,0,0,0,0,0,0,0,0,0,0,0,0,0,0,0,0,0,0,0,0,0,0
1116.6666666666677,0_2_88_p0,3.56834360499208,0.3270139485688664,3.828779942667573,5.664743980272457,-2.00940372255943,2.9395145061384382,1.757551541342701,1.521778211313732,4.0882826856646215,1.817981181045024,5.366782372612626,0.5745796781402827,2.986151819561816,2.8854328717042224,2.227107323237233,0,0,0,0,0,0,0,0,0,0,0,0,0,0,0,0,0,0,0,0,0,0,0,0,0,0,0,0,0,0
1133.3333333333342,0_2_88_p0,3.591791722476944,0.3207129485980907,2.335608654065425,6.14230951507359,-2.418195206362388,2.910903463256156,1.7682694779192658,1.4726096105453028,3.967460228967178,1.8350831415577515,5.977210049188985,0.9833766897345998,2.671654922960314,2.856348663198047,2.3298673629746127,0,0,0,0,0,0,0,0,0,0,0,0,0,0,0,0,0,0,0,0,0,0,0,0,0,0,0,0,0,0
1150.000000000001,0_2_88_p0,3.592498706360577,0.3164927263443334,1.292265228444936,6.781528508313255,-2.787736865207312,2.901339627593964,1.792884917340548,1.460171276285778,3.831252362847722,1.8618739552949743,6.759798328885777,1.3474879442044905,3.868247387468075,2.7899708453543623,2.52958795467224,0,0,0,0,0,0,0,0,0,0,0,0,0,0,0,0,0,0,0,0,0,0,0,0,0,0,0,0,0,0
1166.6666666666674,0_2_88_p0,3.59119566217658,0.3148188356845383,1.484712659042423,7.5448649193246515,-3.0432032432594034,2.915019451498495,1.8066449778862,1.490018173239893,3.607242977263381,1.9541556643816391,7.630852361730398,1.6351572868458422,4.777265897920159,2.724775218686482,2.7616358058015296,0,0,0,0,0,0,0,0,0,0,0,0,0,0,0,0,0,0,0,0,0,0,0,0,0,0,0,0,0,0
1183.333333333334,0_2_88_p0,3.6275051971390577,0.3147077577280679,2.235150420111692,8.350624097615174,-3.1191425478686536,3.005440667367771,1.818350785865892,1.595840519906294,3.243183943202926,2.08486542036703,8.616783205212636,1.8754998845142867,4.207781743737032,2.6999495622969283,3.0218764428275136,0,0,0,0,0,0,0,0,0,0,0,0,0,0,0,0,0,0,0,0,0,0,0,0,0,0,0,0,0,0
1200.000000000001,0_2_88_p0,3.7080390640973233,0.3142257070348405,2.4669642893543813,9.093189775782676,-2.9818691862677205,3.1791351410008577,1.816869121033159,1.7077847680733695,2.8211859966075084,2.21578667545384,9.809764401792505,2.1308197142549297,3.354575879813372,2.725714819738017,3.368292653349995,0,0,0,0,0,0,0,0,0,0,0,0,0,0,0,0,0,0,0,0,0,0,0,0,0,0,0,0,0,0
1216.6666666666672,0_2_88_p0,3.7997291584466737,0.3148141578638986,2.0563554297859383,9.796162307391816,-2.611613103125028,3.410808266019003,1.791938669325389,1.7973957828655904,2.4709883011313747,2.3789762367270684,11.238047668028214,2.443301379674441,3.475822253537879,2.765693072761912,3.870449709281539,0,0,0,0,0,0,0,0,0,0,0,0,0,0,0,0,0,0,0,0,0,0,0,0,0,0,0,0,0,0
1233.333333333334,0_2_88_p0,3.873813406077062,0.3169008490172242,1.6701894470996357,10.521606788481405,-2.022185494416849,3.6678510964565625,1.754355163722677,1.9431566989661664,2.2555569825734443,2.626120219232136,12.850714380733098,2.8140535100958224,4.042079194996685,2.807348158053568,4.528379515128193,0,0,0,0,0,0,0,0,0,0,0,0,0,0,0,0,0,0,0,0,0,0,0,0,0,0,0,0,0,0
1250.0000000000005,0_2_88_p0,3.922762701695157,0.3166713995287233,1.2290433281765731,11.28230892430566,-1.297109336782031,3.927985727118119,1.7108369480597554,2.169642623108972,2.1723061635117307,2.968970218201054,14.667197014143294,3.222456798507414,4.406032894679668,2.854654335433421,5.28131295420863,0,0,0,0,0,0,0,0,0,0,0,0,0,0,0,0,0,0,0,0,0,0,0,0,0,0,0,0,0,0
1266.666666666667,0_2_88_p0,3.94110185995139,0.3148984995018868,0.5805523322725727,11.995288360800114,-0.5731377508043646,4.261274753447474,1.667332799067459,2.451087194882163,2.181299648743748,3.373332345545818,16.65416703740864,3.657663523732743,4.714828934356115,2.9111322553162724,6.062865159398887,0,0,0,0,0,0,0,0,0,0,0,0,0,0,0,0,0,0,0,0,0,0,0,0,0,0,0,0,0,0
1283.3333333333337,0_2_88_p0,3.933681611036913,0.3200623851305913,1.6856141915406644,12.513831691110994,0.0192863700567045,4.721422704852767,1.672935266150541,2.7857085352768443,2.211582569872444,3.7672642037542063,18.641982681177662,4.120250989312645,4.606802212322801,2.978293631200489,6.765457374783189,0,0,0,0,0,0,0,0,0,0,0,0,0,0,0,0,0,0,0,0,0,0,0,0,0,0,0,0,0,0
1300.0000000000005,0_2_88_p0,3.938160161960497,0.337642897645477,2.5077970939378216,12.80395170151204,0.4168841575511244,5.304082109701217,1.7421212245403126,3.1935569154595567,2.19456132071268,4.121240329597519,20.47657973026888,4.603850909626666,3.713203418201502,3.023091562825852,7.4104171695406595,0,0,0,0,0,0,0,0,0,0,0,0,0,0,0,0,0,0,0,0,0,0,0,0,0,0,0,0,0,0
1316.666666666667,0_2_88_p0,3.968572505317384,0.3586612212949904,2.347314412945869,13.03128890542216,0.6443228420127707,5.982873433693108,1.7758132901898798,3.750096388098336,2.1606713308934995,4.485444259473359,22.174638841758977,5.089723047617648,2.8003294879998424,3.0374232606822043,8.203952569870065,0,0,0,0,0,0,0,0,0,0,0,0,0,0,0,0,0,0,0,0,0,0,0,0,0,0,0,0,0,0
1333.3333333333337,0_2_88_p0,3.9902169055747,0.3702101942947075,1.690023657885869,13.339038889518788,0.7838131952067342,6.728238712730573,1.7680444162466609,4.443836009615597,2.1589215335407816,4.84352264536023,23.798057399171554,5.544881241375444,2.379814869409684,3.0418302520857115,9.250702962638634,0,0,0,0,0,0,0,0,0,0,0,0,0,0,0,0,0,0,0,0,0,0,0,0,0,0,0,0,0,0
1350.0,0_2_88_p0,3.982034204113188,0.3675568706680894,0.957119538545162,13.653515917646104,0.92166738397424,7.465855292124973,1.7673347651215012,5.129853250797519,2.176331586885061,5.135167431402057,25.272174468059337,5.919311730084312,2.358526666835925,3.051437641749763,10.339692353108452,0,0,0,0,0,0,0,0,0,0,0,0,0,0,0,0,0,0,0,0,0,0,0,0,0,0,0,0,0,0
1366.6666666666667,0_2_88_p0,3.972510354727752,0.3768629971804873,1.4510038559022846,13.790120544206784,1.1045964817726617,8.109381266068882,1.761964791952844,5.731288189423033,2.195102994687949,5.363118540932344,26.477170953842435,6.173114982676349,2.9179031336865573,3.052434156415218,11.171224930354809,0,0,0,0,0,0,0,0,0,0,0,0,0,0,0,0,0,0,0,0,0,0,0,0,0,0,0,0,0,0
1383.3333333333333,0_2_88_p0,3.999139765003248,0.4005641781908468,1.9639649071972765,13.702859530467864,1.3402672535482076,8.596484846850789,1.759918520179193,6.224076816918563,2.2453184722342456,5.575399712892149,27.461900101541097,6.3302832007116026,3.934078591314296,3.044053047802583,11.647314032749197,0,0,0,0,0,0,0,0,0,0,0,0,0,0,0,0,0,0,0,0,0,0,0,0,0,0,0,0,0,0
1400.0,0_2_88_p0,4.073679886227575,0.4343229852266009,0.7851414642914337,13.520382956179322,1.6114900515685546,8.930305346266291,1.786382374106272,6.672792009656761,2.3958468945683533,5.780962668162379,28.41889894610631,6.480203181008261,4.929213107282479,3.0454895293781314,11.93438178613105,0,0,0,0,0,0,0,0,0,0,0,0,0,0,0,0,0,0,0,0,0,0,0,0,0,0,0,0,0,0
1416.6666666666663,0_2_88_p0,4.170777675431662,0.4725469401622913,1.6631006390393688,13.336714120790134,1.8678936127502968,9.137813202305605,1.833659252322284,7.155006818003721,2.692043375428883,5.953031847505456,29.4204458351802,6.687402156542969,5.880468896176621,3.018768932749799,12.182608752707235,0,0,0,0,0,0,0,0,0,0,0,0,0,0,0,0,0,0,0,0,0,0,0,0,0,0,0,0,0,0
1433.333333333333,0_2_88_p0,4.248578456926421,0.5123127813425643,3.6926941865217295,13.13271338088538,2.0408695912689185,9.241558248532533,1.8662942117141983,7.633095965427513,3.0777673361865743,6.044664130563039,30.28863300408382,6.919132113735327,7.388510573678091,2.9257519888963763,12.420945657002672,0,0,0,0,0,0,0,0,0,0,0,0,0,0,0,0,0,0,0,0,0,0,0,0,0,0,0,0,0,0
1449.9999999999995,0_2_88_p0,4.2706032667635725,0.5532912638239432,4.276707618543104,12.873317913383636,2.070897484459781,9.287769487591277,1.8919285431826025,8.060253770523103,3.4393615194726994,6.0421956009092845,30.76465287856942,7.089548095259414,8.937357857668133,2.825608781507091,12.60441636144744,0,0,0,0,0,0,0,0,0,0,0,0,0,0,0,0,0,0,0,0,0,0,0,0,0,0,0,0,0,0
1466.6666666666663,0_2_88_p0,4.2236480046422304,0.594834709200342,3.568350549044915,12.555598379885382,1.9090480605680715,9.275602184632486,1.9189669992259133,8.437409223505776,3.763198062311973,5.96588328869519,30.715813309406705,7.151226512357836,9.191641871808155,2.7516427251418394,12.641873558727088,0,0,0,0,0,0,0,0,0,0,0,0,0,0,0,0,0,0,0,0,0,0,0,0,0,0,0,0,0,0
1483.333333333333,0_2_88_p0,4.135414945901375,0.6326017146169706,2.4569631004614854,12.166450438722586,1.5365269006162834,9.158623966943908,1.928111297300195,8.775261964648488,4.117752349115139,5.821684985199021,30.13326321226858,7.121461919445023,8.224921445872388,2.716905133980831,12.436145464952666,0,0,0,0,0,0,0,0,0,0,0,0,0,0,0,0,0,0,0,0,0,0,0,0,0,0,0,0,0,0
1499.9999999999995,0_2_88_p0,4.047883842434638,0.6564523018322199,1.943590917875211,11.69092298989001,1.013378373802313,8.94766274537937,1.956853033237044,9.082698911138111,4.516231322455561,5.608868122045349,29.052208892012544,7.031773910808636,7.22043456414616,2.714893684277102,11.964288947722746,0,0,0,0,0,0,0,0,0,0,0,0,0,0,0,0,0,0,0,0,0,0,0,0,0,0,0,0,0,0
1516.666666666666,0_2_88_p0,3.979924267318175,0.6636008307072564,1.741868653349747,11.202929184910092,0.5047939922716872,8.67113068792073,2.0224389120096617,9.372569101048136,4.908782320938841,5.358507941991153,27.55560394753468,6.8837442081651385,6.930358307182095,2.714129403173724,11.301138113367768,0,0,0,0,0,0,0,0,0,0,0,0,0,0,0,0,0,0,0,0,0,0,0,0,0,0,0,0,0,0
1533.3333333333328,0_2_88_p0,3.932472702579385,0.6622517758604769,1.2024721262051647,10.91067480494412,0.2269142793284405,8.286303964730696,2.1046530359570625,9.6163423072165,5.242570258950467,5.106150742987512,25.778029987371667,6.66137349230807,7.398085811592313,2.7240186645870685,10.517063203200744,0,0,0,0,0,0,0,0,0,0,0,0,0,0,0,0,0,0,0,0,0,0,0,0,0,0,0,0,0,0
1549.999999999999,0_2_88_p0,3.893628994857065,0.6628924086089893,1.7636982460319488,10.996137502512536,0.2980018651991548,7.726583208012497,2.1929815711728926,9.705617864964935,5.490662754981662,4.830022354093778,23.84814676617839,6.350854197388839,8.224199869539097,2.7857536441723694,9.599070229762775,0,0,0,0,0,0,0,0,0,0,0,0,0,0,0,0,0,0,0,0,0,0,0,0,0,0,0,0,0,0
1566.666666666666,0_2_88_p0,3.8451513283065695,0.6624835420727803,3.04665854792432,11.347305045689929,0.630099834509566,7.003302662417862,2.291633829291478,9.516145566608728,5.661299697644089,4.487713432614124,21.86918365725288,5.945137254045175,8.662147513598606,2.894325244889944,8.69681283256092,0,0,0,0,0,0,0,0,0,0,0,0,0,0,0,0,0,0,0,0,0,0,0,0,0,0,0,0,0,0
1583.3333333333326,0_2_88_p0,3.790570009223777,0.6517626022776717,3.167965606875077,11.73550708933334,1.016447093287896,6.25826079386302,2.388523975381444,9.039310462330954,5.784062791131722,4.106463455651928,19.949216264614964,5.46370977973019,8.208847527575607,3.035390229369742,7.873719654374499,0,0,0,0,0,0,0,0,0,0,0,0,0,0,0,0,0,0,0,0,0,0,0,0,0,0,0,0,0,0
1599.999999999999,0_2_88_p0,3.7436907982800256,0.6363350322913276,1.7465299793489766,12.145356489645495,1.3283109949580327,5.614697325705766,2.467999308187941,8.438101925844672,5.904942666395059,3.7604485641062855,18.189286333955803,4.960854910369116,7.192245651293507,3.159746292322375,7.2222929292199645,0,0,0,0,0,0,0,0,0,0,0,0,0,0,0,0,0,0,0,0,0,0,0,0,0,0,0,0,0,0
1616.6666666666658,0_2_88_p0,3.722441833165021,0.6132340476448239,1.3116984153957354,12.701285111666,1.5763152910580829,5.126396873948716,2.552762584007068,7.90608966083125,6.027744477932035,3.49277717926582,16.609272545024027,4.483431328043743,6.270348667294945,3.2161801603842344,6.831869801029557,0,0,0,0,0,0,0,0,0,0,0,0,0,0,0,0,0,0,0,0,0,0,0,0,0,0,0,0,0,0
1633.3333333333323,0_2_88_p0,3.742764573232132,0.5834799832874635,2.05912483108382,13.382907842779858,1.7973732787259595,4.783574255271343,2.6640155690532485,7.474980222896058,6.085346302688661,3.273936351636311,15.122205379300503,4.020723523359442,5.233576574793131,3.231473665114375,6.664662309024935,0,0,0,0,0,0,0,0,0,0,0,0,0,0,0,0,0,0,0,0,0,0,0,0,0,0,0,0,0,0
1649.999999999999,0_2_88_p0,3.818346372246816,0.5648863593360837,1.2904322353852629,14.047031756750435,1.9955902834974244,4.5375823175809975,2.784692413946805,7.026453471125075,5.995775103859092,3.02792184310698,13.654094498509748,3.5144993511840203,3.1849681495826285,3.305709826986955,6.586049895590682,0,0,0,0,0,0,0,0,0,0,0,0,0,0,0,0,0,0,0,0,0,0,0,0,0,0,0,0,0,0
1666.6666666666656,0_2_88_p0,3.925195210261153,0.5586416145252796,2.028863141225913,14.677085978287389,2.1997685396380326,4.374482405372873,2.901425687323068,6.494824566189912,5.772264143614861,2.7852364566369925,12.244698094437828,2.927365150931541,1.1239016944299096,3.4440228197800744,6.5094055285440415,0,0,0,0,0,0,0,0,0,0,0,0,0,0,0,0,0,0,0,0,0,0,0,0,0,0,0,0,0,0
1683.3333333333323,0_2_88_p0,4.034648030453271,0.556293054535422,3.2097663453228886,15.372696843090027,2.457788022273154,4.330272696332599,3.0590222290362195,5.955801183302817,5.521689206630924,2.65822319036502,11.003797932734503,2.296970919986652,3.2237448542906875,3.59971725994047,6.421671855523935,0,0,0,0,0,0,0,0,0,0,0,0,0,0,0,0,0,0,0,0,0,0,0,0,0,0,0,0,0,0
1699.9999999999989,0_2_88_p0,4.160082688295662,0.562084020478835,3.1007949063534697,16.145197824878732,2.778112930127865,4.384520767915419,3.300739965969873,5.469504479876096,5.325682340085163,2.6521222327316583,9.99936577253861,1.7213848300875756,4.771702936520757,3.742432424646728,6.308791693397502,0,0,0,0,0,0,0,0,0,0,0,0,0,0,0,0,0,0,0,0,0,0,0,0,0,0,0,0,0,0
1716.6666666666656,0_2_88_p0,4.323657941673223,0.5810236795669494,2.7896930902532184,16.89151366676814,3.149492881520933,4.472759580981979,3.568974776378902,5.014943409044856,5.133443031070575,2.694575117529088,9.255993099051384,1.2791120032270578,5.411017027674723,3.837313835281307,6.15838103998712,0,0,0,0,0,0,0,0,0,0,0,0,0,0,0,0,0,0,0,0,0,0,0,0,0,0,0,0,0,0
1733.333333333332,0_2_88_p0,4.536290446859275,0.6110236372726185,3.032872817505341,17.54824284568356,3.5799258843275146,4.565397186063826,3.871791839499143,4.551462445721671,4.857532319836361,2.732831414510632,8.807834644963581,0.9504214009813852,5.54157722508823,3.891974188712609,6.016571037266552,0,0,0,0,0,0,0,0,0,0,0,0,0,0,0,0,0,0,0,0,0,0,0,0,0,0,0,0,0,0
1749.9999999999989,0_2_88_p0,4.799500466453726,0.6469379115094703,3.5360836886042226,18.15956403419196,4.0690724557068805,4.656633952995643,4.224687997382505,4.0641778282676615,4.553327948408909,2.76722878865756,8.644015993123174,0.6520981986227536,5.539016536571041,3.963366046258448,5.979181266955557,0,0,0,0,0,0,0,0,0,0,0,0,0,0,0,0,0,0,0,0,0,0,0,0,0,0,0,0,0,0
1766.6666666666654,0_2_88_p0,5.103932689839501,0.6861086215983605,4.2408741158788255,18.77986648629567,4.549824410173906,4.745032391118043,4.629759838020872,3.564948507811506,4.300017410917518,2.8361310013407635,8.718240609220166,0.3437658250647649,5.8465235678983,4.106752480237865,6.106660799904249,0,0,0,0,0,0,0,0,0,0,0,0,0,0,0,0,0,0,0,0,0,0,0,0,0,0,0,0,0,0
1783.333333333332,0_2_88_p0,5.436842186783695,0.7282596502447084,4.65591778746886,19.34239132160661,4.887826401739353,4.845519149377456,5.090758487925336,3.099425504742177,4.132176909028448,3.011727134520565,9.007141156959861,0.0329805123009805,6.580750947094297,4.312649439097589,6.391252470849296,0,0,0,0,0,0,0,0,0,0,0,0,0,0,0,0,0,0,0,0,0,0,0,0,0,0,0,0,0,0
1799.9999999999984,0_2_88_p0,5.804968763861496,0.77096864377164,3.765843401634023,19.67259280721242,4.987486152135155,4.980911908387858,5.587989704460963,2.739448225728606,4.0937752159614105,3.359402306574088,9.505772975438989,-0.2764436413136768,7.237314351706257,4.528657321839578,6.774275541383076,0,0,0,0,0,0,0,0,0,0,0,0,0,0,0,0,0,0,0,0,0,0,0,0,0,0,0,0,0,0
1816.6666666666647,0_2_88_p0,6.208139319066782,0.8091998900925849,1.6608666804107195,19.702776051255885,4.894118091867149,5.142534302141491,6.077471047894005,2.53343756999169,4.174683249171333,3.877000974097668,10.18513913520179,-0.5486885694309658,7.212597463944878,4.749795502151182,6.984225280430991,0,0,0,0,0,0,0,0,0,0,0,0,0,0,0,0,0,0,0,0,0,0,0,0,0,0,0,0,0,0
1833.333333333332,0_2_88_p0,6.60878958750905,0.8372283829019022,0.7278536770402205,19.50528521022484,4.7405240180601504,5.235286366402814,6.524411115367419,2.4998996224183934,4.270810116868391,4.503969008676785,11.05492897612472,-0.675957469791258,6.448849408480451,4.999975654305288,6.959454629278214,0,0,0,0,0,0,0,0,0,0,0,0,0,0,0,0,0,0,0,0,0,0,0,0,0,0,0,0,0,0
1849.9999999999984,0_2_88_p0,6.951567421965661,0.853955994392945,2.083369582473861,19.18300482003058,4.602159158901466,5.235749320411889,6.907872178221055,2.628505648524487,4.316269402592304,5.228949188692319,12.236822560544647,-0.5460833120086201,5.617235515567446,5.283226614259247,6.811407799456343,0,0,0,0,0,0,0,0,0,0,0,0,0,0,0,0,0,0,0,0,0,0,0,0,0,0,0,0,0,0
1866.666666666665,0_2_88_p0,7.214201181718098,0.8667936576527234,2.058366212109494,18.852073496029632,4.46489346722823,5.237367596224443,7.213997393870122,2.872603902796744,4.367456551437432,6.099235259700391,13.82334087024928,-0.1357109442921286,5.587599408616287,5.579054092594139,6.629310009827871,0,0,0,0,0,0,0,0,0,0,0,0,0,0,0,0,0,0,0,0,0,0,0,0,0,0,0,0,0,0
1883.333333333332,0_2_88_p0,7.413445598113387,0.8774805774877065,1.3608466509416757,18.646051148569065,4.312885834888313,5.276824502152991,7.455527999576523,3.162654515297092,4.515570460175213,7.095070000245968,15.74090314554143,0.4946675645842627,6.467571532643814,5.8710083970506535,6.427501494957134,0,0,0,0,0,0,0,0,0,0,0,0,0,0,0,0,0,0,0,0,0,0,0,0,0,0,0,0,0,0
1899.999999999998,0_2_88_p0,7.57885369885408,0.8875917647971064,1.7344415244493785,18.645012261503062,4.158118194427978,5.310979325182252,7.664719310436937,3.450278653360022,4.800563953735442,8.109719209292479,17.798869139539644,1.2865771659625145,7.56100116015779,6.146651956914791,6.245439314256426,0,0,0,0,0,0,0,0,0,0,0,0,0,0,0,0,0,0,0,0,0,0,0,0,0,0,0,0,0,0
1916.6666666666647,0_2_88_p0,7.74088550762716,0.9021760357858106,2.5832326208013248,18.839460125160738,4.005553075955341,5.3275354329996185,7.874692431086066,3.7650764940464274,5.188699931100777,9.025120138320306,19.86030400691907,2.226325028321245,8.3041102734525,6.4215693263960345,6.144705030433949,0,0,0,0,0,0,0,0,0,0,0,0,0,0,0,0,0,0,0,0,0,0,0,0,0,0,0,0,0,0
1933.333333333332,0_2_88_p0,7.928055472430921,0.9176299856012432,4.029809305785457,19.219136942172064,3.87720444856442,5.333868537100553,8.127551084387697,4.127897734900046,5.629606007826914,9.80589932279664,21.93604835395906,3.297549851526048,8.850050933293845,6.716357158857512,6.147816149986471,0,0,0,0,0,0,0,0,0,0,0,0,0,0,0,0,0,0,0,0,0,0,0,0,0,0,0,0,0,0
1949.999999999998,0_2_88_p0,8.142477207899692,0.9244369324152788,5.7662374035535855,19.869267798667973,3.840097944216189,5.331096682023378,8.40387805140725,4.4961287086244415,6.08654522191162,10.54652223782328,24.114228698899385,4.4182289344289325,10.06955723402043,7.018003863250497,6.254909153613545,0,0,0,0,0,0,0,0,0,0,0,0,0,0,0,0,0,0,0,0,0,0,0,0,0,0,0,0,0,0
1966.6666666666647,0_2_88_p0,8.349535433669683,0.9171054921883034,6.676276124285835,20.893819644872355,3.944499318683632,5.364612892376712,8.671681759512255,4.850127898428672,6.565505082533642,11.372339491648264,26.4024062435724,5.463221767916403,12.578443820342562,7.318031124936887,6.49100284251496,0,0,0,0,0,0,0,0,0,0,0,0,0,0,0,0,0,0,0,0,0,0,0,0,0,0,0,0,0,0
1983.3333333333312,0_2_88_p0,8.538710812015667,0.9030583176477788,6.571845016768369,22.26291337192128,4.164536448111342,5.430677601268576,8.949595341195502,5.215260401975241,7.094709121856227,12.353718260961775,28.700212944338475,6.3754981173189655,15.57918217569349,7.617489295076325,6.888628343537022,0,0,0,0,0,0,0,0,0,0,0,0,0,0,0,0,0,0,0,0,0,0,0,0,0,0,0,0,0,0
1999.9999999999973,0_2_88_p0,8.725079380937983,0.8954237879177834,5.917634464527174,23.79325319724556,4.418617291183986,5.466904476405063,9.22186346098582,5.613389809810385,7.652663994074357,13.464785175816855,30.945141327050425,7.201205837835927,17.362133759052874,7.911832304433905,7.458996499426423,0,0,0,0,0,0,0,0,0,0,0,0,0,0,0,0,0,0,0,0,0,0,0,0,0,0,0,0,0,0
2016.6666666666645,0_2_88_p0,8.921225238074742,0.8999891367662414,4.829242831601738,25.25007382819256,4.611277012563542,5.4472086344368815,9.447340664107095,6.045425795355225,8.291125082661868,14.578679225526187,33.11984097722268,7.990880329382307,16.906735931572413,8.199185049163683,8.227538482819702,0,0,0,0,0,0,0,0,0,0,0,0,0,0,0,0,0,0,1,2,0,0,0,0,0,0,0,0,0,0
2033.333333333331,0_2_88_p0,9.122563260124256,0.8902007421915368,3.420599263210995,26.49330574573604,4.67305458825073,5.402904826165895,9.666030055868791,6.523638964920038,9.117306532229971,15.50184391113342,35.175934458013536,8.757254697316158,15.269886850174396,8.486190821714972,9.249554294718996,0,0,0,0,0,0,0,0,0,0,0,0,0,0,0,0,0,0,1,2,0,0,0,0,0,0,0,0,0,0
2049.9999999999977,0_2_88_p0,9.293896589257391,0.8642734210388925,2.281933005412003,27.6040269444499,4.612130951301375,5.385976820349804,9.891134438226512,7.06786152730801,10.134313613853422,16.120830579938243,37.0036352960836,9.50819636114291,14.109451745695562,8.756855086316639,10.533833221074527,0,0,0,0,0,0,0,0,0,0,0,0,0,0,0,0,0,0,1,2,0,0,0,0,0,0,0,0,0,0
2066.666666666664,0_2_88_p0,9.396794906043256,0.8278998548843052,2.0995894067230267,28.799311160484606,4.523938170698821,5.425284814833957,10.101221997521394,7.677578809131897,11.2573378118196,16.500201033720998,38.437599564059774,10.190686111893443,13.96278539903743,8.962255826153886,11.963634364072796,0,0,0,0,0,0,0,0,0,0,0,0,0,0,0,0,0,0,1,2,0,0,0,0,0,0,0,0,0,0
2083.3333333333308,0_2_88_p0,9.438145900172067,0.7873127437497628,2.9646294507609414,30.19241885523708,4.521186100982484,5.525762016210822,10.272172072288562,8.308316591913696,12.405676804889447,16.789518112819138,39.2738261621255,10.632516498798015,14.563799434056763,9.118987555395217,13.329011960509463,0,0,0,0,0,0,0,0,0,0,0,0,0,0,0,0,0,0,1,2,0,0,0,0,0,0,0,0,0,0
2099.999999999997,0_2_88_p0,9.465726029890057,0.7460344207836723,4.035645344628558,31.71252252407394,4.657378419391059,5.667873364267285,10.395740963150455,8.883503702536922,13.489910318963773,17.052830685549566,39.33784985103416,10.651045004275108,15.188095597718146,9.290285191396253,14.453507554956646,0,0,0,0,0,0,0,0,0,0,0,0,0,0,0,0,0,0,1,2,0,0,0,0,0,0,0,0,0,0
2116.666666666664,0_2_88_p0,9.50556960521518,0.7055468658552292,3.787149881986728,33.15837192684346,4.913461985928175,5.781914927149222,10.495471176853302,9.365401561861413,14.454309905959766,17.20770425387028,38.65045824093736,10.21806084415802,15.401388442194447,9.45114227765341,15.353048444403251,0,0,0,0,0,0,1,2,0,0,0,0,0,0,0,0,0,0,1,2,0,0,0,0,0,0,0,0,0,0
2133.3333333333303,0_2_88_p0,9.550701605257265,0.6672318254113945,1.8133735485672904,34.33290085047806,5.229265466375162,5.838885518031087,10.576436409878813,9.795771700636164,15.349364569417771,17.193685139242753,37.458879796418856,9.46274415259022,15.873152181859435,9.564531221522133,16.147903292826143,0,0,0,0,0,0,1,2,0,0,0,0,0,0,0,0,0,0,1,2,0,0,0,0,1,1,0,0,0,0
2149.999999999997,0_2_88_p0,9.599580283474602,0.6352639152049432,1.3816960679495298,35.16066926039167,5.549470872635746,5.882454971130473,10.60951180861774,10.22186551579409,16.25988161626324,17.096573869779647,36.078399542178296,8.530078105650304,17.596270110458153,9.616979195667648,16.881655111283436,0,0,0,0,0,0,1,2,0,0,0,0,0,0,1,1,0,0,1,2,0,0,0,0,1,1,0,0,0,0
2166.666666666664,0_2_88_p0,9.6596132095421,0.6158977393991673,3.9783397846938895,35.64955701841642,5.845404922793089,5.965760404639235,10.570860294169576,10.583077382596866,17.193392685490856,17.003129900546412,34.7410419853293,7.479668541251966,20.165780616291013,9.62424989882724,17.523932610577976,0,0,0,0,0,0,1,2,0,0,0,0,0,0,1,1,0,0,1,2,0,0,0,0,1,1,0,0,0,0
2183.3333333333303,0_2_88_p0,9.728921427278854,0.610873951090082,6.862735769011233,35.79832351702691,6.085373408412021,6.094965623138306,10.514284098772997,10.829935229116954,18.088780531966343,16.88687347262003,33.47928408910696,6.291594371563217,21.86235356440409,9.62644582798476,18.05321154015997,0,0,0,0,0,0,1,2,0,0,0,0,0,0,1,1,0,0,1,2,0,0,0,0,1,1,0,0,0,0
2199.9999999999973,0_2_88_p0,9.791953551113991,0.6124134512029824,9.93561299528914,35.573117921680286,6.217379233194929,6.240316026271529,10.481836418025232,11.050365428599036,18.87450011095949,16.675681411922916,32.13761491562775,4.941834135283935,21.34674488255883,9.63486990841015,18.48873640425297,0,0,0,0,0,0,1,2,0,0,0,0,0,0,1,1,0,0,1,2,0,0,0,0,1,1,0,0,0,0
2216.666666666664,0_2_88_p0,9.82381212069386,0.6110019550649064,12.07881989295796,34.95764425076992,6.211753850540542,6.38280633345275,10.48983521901093,11.319019310824665,19.493087205273422,16.311499964533375,30.58706448603885,3.477485833143567,18.754142531432983,9.623924581134933,18.850365794292507,0,0,0,0,0,0,1,2,0,0,0,0,0,0,1,1,0,0,0,0,0,0,0,0,1,1,0,0,0,0
2233.3333333333303,0_2_88_p0,9.807469188130932,0.6054082291042514,12.14878328270744,33.99779992383409,6.09726378439988,6.530624392972946,10.519590387419727,11.611539892864048,19.913949025723745,15.784532507421268,28.862094578209845,2.0005188581437814,16.112218216852575,9.565363203403406,19.1175243997556,0,0,0,0,0,0,1,2,0,0,0,0,0,0,1,1,0,0,0,0,0,0,0,0,1,1,0,0,0,0
2249.999999999997,0_2_88_p0,9.735794418732777,0.6024324606660595,10.60492179046228,32.77468581055403,5.955486916773122,6.708496363246113,10.538649302946403,11.868690007178708,20.11973884542564,15.153775382374796,27.058049145971985,0.6004475461868434,15.33027497719176,9.456430896813922,19.174175753673698,0,0,0,0,0,0,1,2,0,0,0,0,0,0,1,1,0,0,0,0,0,0,0,0,1,1,0,0,0,0
2266.666666666664,0_2_88_p0,9.67353259943508,0.5967941974413873,9.0132860430265,31.374030812740337,5.910743381817024,6.932001100652549,10.502214939531385,12.038408810924247,20.054975574871,14.533264962973265,25.19649280154108,-0.659942032026579,16.37758644150581,9.329464596083126,18.82154672464207,0,0,0,0,0,0,0,0,0,0,0,0,0,0,1,1,0,0,0,0,0,0,0,0,1,1,0,0,0,0
2283.3333333333303,0_2_88_p0,9.643026057774817,0.5909239814145341,8.097094166874777,29.91855195516743,6.088569145210169,7.176007241629117,10.39961618544755,12.048571206072047,19.66139810261705,14.062639061106,23.239566301369543,-1.744207967288847,18.35609211464244,9.235745529420372,17.956717783608592,0,0,0,0,0,0,0,0,0,0,0,0,0,0,1,1,0,0,0,0,0,0,0,0,1,1,0,0,0,0
2299.999999999997,0_2_88_p0,9.623904092028535,0.5875578039710233,7.730523356683691,28.5768058761396,6.514802347503871,7.383176375476569,10.313068735953223,11.84038292114366,19.00699745318927,13.81701691854436,21.1945939728712,-2.6587022512641214,19.98000142899254,9.194687962276236,16.764778245786058,0,0,0,0,0,0,0,0,0,0,0,0,0,0,1,1,0,0,0,0,0,0,0,0,1,1,0,0,0,0
2316.666666666664,0_2_88_p0,9.592498862440388,0.5790272976575302,7.790194964829988,27.358772695293435,7.058543650166781,7.52304408195775,10.2103208426106,11.435295019054312,18.2719536906624,13.70970843283916,19.187140220147096,-3.423925081689339,20.46116175783739,9.140508837315783,15.577328546442963,0,0,0,0,0,0,0,0,0,0,0,0,0,0,1,1,0,0,0,0,0,0,0,0,1,1,0,0,0,0
2333.33333333333,0_2_88_p0,9.521452839929308,0.5733209073263196,8.006029567033359,26.09951662101096,7.52170005296692,7.611928181780015,10.04681423819385,10.917719372825813,17.580032915319748,13.534525092689885,17.373252111161804,-4.032866782814047,20.05260513083486,9.028961727246967,14.575286754687768,0,0,0,0,0,0,0,0,0,0,0,0,0,0,1,1,0,0,0,0,0,0,0,0,0,0,0,0,0,0
2349.9999999999964,0_2_88_p0,9.41103559401021,0.5737740653169506,7.659418102211994,24.664101155135096,7.784085291112048,7.648841180774828,9.862186180561611,10.37770697360525,16.93450091967102,13.140350254824206,15.873189278918602,-4.464582725372317,19.50275006621483,8.859018857187024,13.728534669505764,0,0,0,0,0,0,0,0,0,0,0,0,0,0,1,1,0,0,0,0,0,0,0,0,0,0,0,0,0,0
2366.666666666664,0_2_88_p0,9.284589284980996,0.5652091745516222,6.008624034171276,23.07146099654686,7.844457037770423,7.609226639818129,9.63291118483818,9.846754823790825,16.285686549788174,12.57557669578381,14.810286343047768,-4.717334618724443,18.963245053405707,8.643198471271784,12.877611860267775,0,0,0,0,0,0,0,0,0,0,0,0,0,0,1,1,0,0,0,0,0,0,0,0,0,0,0,0,0,0
2383.33333333333,0_2_88_p0,9.137807195694394,0.5427985407476607,3.55163244205344,21.446021514953813,7.762475199887445,7.508744024222722,9.380742282223864,9.3146919009358,15.59645138703418,12.00611919810341,14.045814291175583,-4.813917872546776,17.668956016614878,8.452911754625484,11.925251276546666,0,0,0,0,0,0,0,0,0,0,0,0,0,0,1,1,0,0,0,0,0,0,0,0,0,0,0,0,0,0
2399.9999999999964,0_2_88_p0,8.929920918777496,0.5092245081691491,2.441454219310733,19.85408349308474,7.586964241357732,7.383636182199077,9.135513479586493,8.808428327990661,14.83286214197734,11.533925852268403,13.373831752873215,-4.8029549453043865,15.15508333435612,8.30274026762405,10.915635435848149,0,0,0,0,0,0,0,0,0,0,0,0,0,0,0,0,0,0,0,0,0,0,0,0,0,0,0,0,0,0
2416.666666666663,0_2_88_p0,8.637378372794588,0.4706200083354115,2.763052539957206,18.264552369842736,7.323573133394019,7.241275657224443,8.88545195301427,8.378371750226867,13.969326527995682,11.166074039949274,12.68381105816982,-4.754652571266441,12.456740466775296,8.153674240220703,9.950893186669871,0,0,0,0,0,0,0,0,0,0,0,0,0,0,0,0,0,0,0,0,0,0,0,0,0,0,0,0,0,0
2433.3333333333294,0_2_88_p0,8.292758375609084,0.4308262264961045,3.0197135441533054,16.646859310550777,6.973725899753346,7.071024981647327,8.592713952762738,8.023210311058994,13.024838680789564,10.882499985400862,11.969212251060698,-4.701994059527842,10.675942182311308,7.994852471523452,9.043542357545284,0,0,0,0,0,0,0,0,0,0,0,0,0,0,0,0,0,0,0,0,0,0,0,0,0,0,0,0,0,0
2449.9999999999964,0_2_88_p0,7.95167304049145,0.3879866801715121,3.8726347595596,15.030362460523031,6.574685087742903,6.862046803128427,8.18080810595302,7.684604781973836,12.077149832047269,10.64134257770852,11.268997779947217,-4.592972881774736,8.86937227873377,7.761941817184071,8.175594572104433,0,0,0,0,0,0,0,0,0,0,0,0,0,0,0,0,0,0,0,0,0,0,0,0,0,0,0,0,0,0
2466.666666666663,0_2_88_p0,7.656227266427756,0.3469040368217871,5.349868458243486,13.457274890495338,6.164129915305477,6.602588946595128,7.810994417169726,7.313405189520286,11.2303810706225,10.369114923919623,10.55016960383582,-4.3493015194310445,6.28752869421464,7.551520781045544,7.305724063451946,0,0,0,0,0,0,0,0,0,0,0,0,0,0,0,0,0,0,0,0,0,0,0,0,0,0,0,0,0,0
2483.3333333333294,0_2_88_p0,7.337262353473231,0.3093084705553706,5.280350842091011,11.944788712486952,5.741482860634032,6.28167553443855,7.445908501980001,6.892048384548405,10.527319413010812,9.993991752556376,9.74027421770836,-3.9587020068772247,3.8849983573648585,7.344746217994703,6.404400011850795,0,0,0,0,0,0,0,0,0,0,0,0,0,0,0,0,0,0,0,0,0,0,0,0,0,0,0,0,0,0
2499.999999999996,0_2_88_p0,7.015322748013265,0.2813690284734107,3.3747445418816184,10.540652408314946,5.287738531876991,5.890471287841314,7.112870708643767,6.4246694315229504,9.928749423454349,9.483830257447895,8.893024961085729,-3.4878600382838902,2.1011191085190566,7.116430105760791,5.540247947101161,0,0,0,0,0,0,0,0,0,0,0,0,0,0,0,0,0,0,0,0,0,0,0,0,0,0,0,0,0,0
2516.6666666666624,0_2_88_p0,6.729692176966482,0.2650321056337736,2.088438575099561,9.343532330725132,4.787963632376951,5.434193194938658,6.838981326196802,5.949876269979369,9.366734546878384,8.841164839216354,8.101289197886036,-3.0248231361900424,1.1361624678284037,6.857099994240275,4.8300342951906,0,0,0,0,0,0,0,0,0,0,0,0,0,0,0,0,0,0,0,0,0,0,0,0,0,0,0,0,0,0
2533.3333333333294,0_2_88_p0,6.496684469365949,0.2540860905576098,1.7633833313206757,8.435526677528316,4.221039765152746,4.934515734473908,6.635427937029778,5.561455405039463,8.723849281236264,8.121101576410858,7.384395221566077,-2.628644118797529,1.5412808891087817,6.573925715306499,4.364438422803382,0,0,0,0,0,0,0,0,0,0,0,0,0,0,0,0,0,0,0,0,0,0,0,0,0,0,0,0,0,0
2549.999999999996,0_2_88_p0,6.317291119002138,0.2444886014888887,1.1012750501736714,7.661557625559048,3.56656533039041,4.54245543514397,6.479072249734089,5.356740689868024,8.10727346703563,7.406824404000134,6.769168116568113,-2.319674876823005,1.920941616719426,6.287374505923404,4.039817736800206,0,0,0,0,0,0,0,0,0,0,0,0,0,0,0,0,0,0,0,0,0,0,0,0,0,0,0,0,0,0
2566.6666666666624,0_2_88_p0,6.184251635301573,0.2333951408401777,0.6250294779370918,6.817788300850008,2.8513078877174443,4.314977117389666,6.336074988030067,5.317853846216568,7.632802247916697,6.70438290484463,6.330906334540195,-2.0787887482150644,2.12307758703247,6.007554203026458,3.622134515002251,0,0,0,0,0,0,0,0,0,0,0,0,0,0,0,0,0,0,0,0,0,0,0,0,0,0,0,0,0,0
2583.333333333329,0_2_88_p0,6.081044801033558,0.2192889428591483,0.5750440579557994,5.927378684338226,2.155889331742177,4.151007704480369,6.194499546967517,5.33589923091558,7.108284089352974,6.029913653711319,6.087503395187114,-1.8483356345373667,2.286105965228603,5.724116602932071,3.045739644201981,0,0,0,0,0,0,0,0,0,0,0,0,0,0,0,0,0,0,0,0,0,0,0,0,0,0,0,0,0,0
2599.999999999996,0_2_88_p0,5.986117686697857,0.2050479452460471,0.4840186430366746,5.114209678901443,1.55082110224055,3.990912114776602,6.03984426920655,5.331177661664942,6.523699823762124,5.441385325920668,6.008452162930122,-1.5728392623505585,2.4137946728423105,5.424089785551648,2.5154973744988136,0,0,0,0,0,0,0,0,0,0,0,0,0,0,0,0,0,0,0,0,0,0,0,0,0,0,0,0,0,0
2616.6666666666624,0_2_88_p0,5.937762480068738,0.201497715046974,0.3116079750122644,4.441946067899709,1.054436660910314,3.849435385472031,5.963019482646083,5.29995187565494,5.974257382756815,4.975363818581995,5.892926619230834,-1.254949785951114,2.320875413341175,5.274786017477799,2.2936397101861217,0,0,0,0,0,0,0,0,0,0,0,0,0,0,0,0,0,0,0,0,0,0,0,0,0,0,0,0,0,0
2633.333333333329,0_2_88_p0,5.841052066810503,0.1943972546488281,0.2196652899215098,3.892718764626295,0.6537781733409258,3.730668482229536,5.809369909525158,5.25021075382175,5.478257782087817,4.586764460015744,5.652646919543919,-0.950414671289879,2.225487209102808,4.976178481330116,2.338885693840247,0,0,0,0,0,0,0,0,0,0,0,0,0,0,0,0,0,0,0,0,0,0,0,0,0,0,0,0,0,0
2649.9999999999955,0_2_88_p0,5.74434165355227,0.1872967942506821,0.102986555975645,3.458782534105399,0.3416963964281485,3.619082658232404,5.655720336404231,5.185533431235442,5.019333179491544,4.211575234722349,5.256203329883659,-0.7010374928676992,2.470350212905905,4.677570945182433,2.476608016405768,0,0,0,0,0,0,0,0,0,0,0,0,0,0,0,0,0,0,0,0,0,0,0,0,0,0,0,0,0,0
2666.666666666662,0_2_88_p0,5.647631240294037,0.1801963338525362,0.4528845232651673,3.164241971374944,0.1271818574115857,3.5034841155928564,5.502070763283305,5.162856721336703,4.686961726309433,3.8285843526921353,4.6523969338724855,-0.489036736195488,2.4707363577178927,4.37896340903475,2.485876334341636,0,0,0,0,0,0,0,0,0,0,0,0,0,0,0,0,0,0,0,0,0,0,0,0,0,0,0,0,0,0
2683.3333333333285,0_2_88_p0,5.550920827035803,0.1730958734543903,0.9275603154122996,2.9841436045242613,0.004527302045858,3.351693735278922,5.348421190162378,5.206925823345636,4.332029654087306,3.4243723778359594,3.9075521726086553,-0.2769428157428142,1.9559401143547883,4.080355872887067,2.519941472943143,0,0,0,0,0,0,0,0,0,0,0,0,0,0,0,0,0,0,0,0,0,0,0,0,0,0,0,0,0,0
2699.999999999996,0_2_88_p0,5.45421041377757,0.1659954130562444,1.5797961030194645,2.830543807958068,-0.061593966774126,3.131333850679946,5.194771617041452,5.2583555760437255,3.9644266098970826,2.9973202831934804,3.234271132940882,-0.0740803647337885,1.139083296807094,3.781748336739384,2.531377105511613,0,0,0,0,0,0,0,0,0,0,0,0,0,0,0,0,0,0,0,0,0,0,0,0,0,0,0,0,0,0
2716.666666666662,0_2_88_p0,5.357500000519336,0.1588949526580985,2.178264713278424,2.7737961966132643,-0.0831244332660504,3.0078358698909824,5.0411220439205255,5.436994677215538,3.745762972057644,2.6971271785302573,3.0019412535587,0.0629602399189367,0.5692234260386119,3.4831408005917,2.6599739621150693,0,0,0,0,0,0,0,0,0,0,0,0,0,0,0,0,0,0,0,0,0,0,0,0,0,0,0,0,0,0
2733.3333333333285,0_2_88_p0,5.260789587261103,0.1517944922599526,1.692283231992615,2.7483081870979724,-0.0724476287329879,2.935992504224177,4.887472470799599,5.631987539233483,3.535292007270922,2.526733808249316,3.0402442714953875,0.1295563343581138,1.1910990852210686,3.184533264444015,2.855519949674536,0,0,0,0,0,0,0,0,0,0,0,0,0,0,0,0,0,0,0,0,0,0,0,0,0,0,0,0,0,0
2749.999999999995,0_2_88_p0,5.164079174002869,0.1446940318618067,0.7306748225503705,2.7795361953876525,-0.0302955272076702,2.932913424210291,4.733822897678673,5.885032550550715,3.349900996323341,2.4901266078289965,3.236173804501641,0.1239465038493678,2.2647298030704555,2.885925728296332,3.0861714136856584,0,0,0,0,0,0,0,0,0,0,0,0,0,0,0,0,0,0,0,0,0,0,0,0,0,0,0,0,0,0
2766.666666666661,0_2_88_p0,5.067368760744635,0.1375935714636608,2.2102760509313786,2.870169246019444,0.0200841971180807,2.994947989924857,4.580173324557747,6.203716682713141,3.246927795107391,2.556981942157714,3.480098658633686,0.0655345300519913,3.379553925258949,2.5873181921486488,3.3211499100339763,0,0,0,0,0,0,0,0,0,0,0,0,0,0,0,0,0,0,0,0,0,0,0,0,0,0,0,0,0,0
2783.3333333333285,0_2_88_p0,4.970658347486402,0.1304931110655149,2.9620943075820327,2.930357743798841,0.0580578720085044,3.122369304810773,4.426523751436821,6.53539175933326,3.3381337655716345,2.639173179675653,3.7955443769444575,-0.0286813506823762,3.947741159658625,2.2887106560009656,3.506608367185585,0,0,0,0,0,0,0,0,0,0,0,0,0,0,0,0,0,0,0,0,0,0,0,0,0,0,0,0,0,0
2799.999999999995,0_2_88_p0,4.873947934228168,0.123392650667369,2.5331563342296843,2.885643290999399,0.0926316793912748,3.197527792168353,4.272874178315894,6.804438928412864,3.4421374432241296,2.633362212521755,4.194591923339633,-0.139563114946725,3.214441267393704,1.9901031198532824,3.6115720145232153,0,0,0,0,0,0,0,0,0,0,0,0,0,0,0,0,0,0,0,0,0,0,0,0,0,0,0,0,0,0
2816.666666666661,0_2_88_p0,4.777237520969935,0.1162921902692231,1.859845046291444,2.7803869316362664,0.1419509187936116,3.17097557445956,4.119224605194968,7.017498052183315,3.3446303945781586,2.5725064400699287,4.59265102178787,-0.2502024549508522,2.052587508956593,1.6914955837055992,3.710193309841944,0,0,0,0,0,0,0,0,0,0,0,0,0,0,0,0,0,0,0,0,0,0,0,0,0,0,0,0,0,0
2833.333333333328,0_2_88_p0,4.6805271077117006,0.1091917298710772,2.290436011553166,2.773036933748078,0.220730141862215,3.1378703448342216,3.9655750320740415,7.442843989606791,3.377659161310972,2.600862893260716,5.043106128235484,-0.441087703358541,1.8185981186879896,1.392888047557916,3.9545883068266656,0,0,0,0,0,0,0,0,0,0,0,0,0,0,0,0,0,0,0,0,0,0,0,0,0,0,0,0,0,0
2849.9999999999945,0_2_88_p0,4.583816694453468,0.1020912694729313,2.29043601155394,2.765686935859889,0.2995093649308186,3.104765115208884,3.811925458953115,7.868189927030269,3.410687928043786,2.629219346451502,5.493561234683098,-0.6319729517662296,1.818598118688172,1.0942805114102327,4.198983303811386,0,0,0,0,0,0,0,0,0,0,0,0,0,0,0,0,0,0,0,0,0,0,0,0,0,0,0,0,0,0
2866.666666666661,0_2_88_p0,4.487106281195234,0.0949908090747854,2.290436011553352,2.7583369379717007,0.3782885879994221,3.0716598855835446,3.6582758858321887,8.293535864453744,3.4437166947766,2.657575799642288,5.944016341130713,-0.8228582001739182,1.8185981186876183,0.7956729752625495,4.443378300796107,0,0,0,0,0,0,0,0,0,0,0,0,0,0,0,0,0,0,0,0,0,0,0,0,0,0,0,0,0,0
2883.333333333328,0_2_88_p0,4.390395867937,0.0878903486766395,2.2904360115539624,2.750986940083512,0.4570678110680255,3.0385546559582064,3.504626312711263,8.71888180187722,3.476745461509413,2.6859322528330747,6.394471447578328,-1.0137434485816066,1.8185981186890323,0.4970654391148663,4.687773297780828,0,0,0,0,0,0,0,0,0,0,0,0,0,0,0,0,0,0,0,0,0,0,0,0,0,0,0,0,0,0
2899.9999999999945,0_2_88_p0,4.293685454678768,0.0807898882784936,2.2904360115540494,2.7436369421953235,0.535847034136629,3.005449426332868,3.3509767395903367,9.144227739300698,3.5097742282422275,2.7142887060238605,6.844926554025943,-1.2046286969892954,1.818598118688164,0.1984579029671831,4.932168294765549,0,0,0,0,0,0,0,0,0,0,0,0,0,0,0,0,0,0,0,0,0,0,0,0,0,0,0,0,0,0
2916.666666666661,0_2_88_p0,4.196975041420533,0.0736894278803477,2.2904360115524143,2.736286944307135,0.6146262572052325,2.972344196707529,3.1973271664694103,9.569573676724175,3.542802994975041,2.742645159214647,7.295381660473557,-1.3955139453969845,1.818598118688172,-0.1001496331805018,5.17656329175027,0,0,0,0,0,0,0,0,0,0,0,0,0,0,0,0,0,0,0,0,0,0,0,0,0,0,0,0,0,0
2933.333333333328,0_2_88_p0,4.1002646281623,0.0665889674822017,2.290436011554448,2.7289369464189464,0.693405480273836,2.9392389670821912,3.043677593348484,9.994919614147651,3.575831761707855,2.771001612405433,7.745836766921172,-1.5863991938046726,1.8185981186899007,-0.398757169328185,5.42095828873499,0,0,0,0,0,0,0,0,0,0,0,0,0,0,0,0,0,0,0,0,0,0,0,0,0,0,0,0,0,0
