Time,TrialID,Head_speed,LKnee_speed,RShoulder_speed,RHip_speed,RHeel_speed,LElbow_speed,RKnee_speed,RWrist_speed,RWrist_vert_vel,LWrist_speed,LWrist_vert_vel,LAnkle_speed,LHip_speed,RElbow_speed,LShoulder_speed,LHeel_speed,RAnkle_speed,Head_speed_movement,Head_speed_event,LKnee_speed_movement,LKnee_speed_event,RShoulder_speed_movement,RShoulder_speed_event,RHip_speed_movement,RHip_speed_event,RHeel_speed_movement,RHeel_speed_event,LElbow_speed_movement,LElbow_speed_event,RKnee_speed_movement,RKnee_speed_event,RWrist_speed_movement,RWrist_speed_event,LWrist_speed_movement,LWrist_speed_event,LAnkle_speed_movement,LAnkle_speed_event,LHip_speed_movement,LHip_speed_event,RElbow_speed_movement,RElbow_speed_event,LShoulder_speed_movement,LShoulder_speed_event,LHeel_speed_movement,LHeel_speed_event,RAnkle_speed_movement,RAnkle_speed_event,RWrist_vert_vel_movement,RWrist_vert_vel_movement_event,LWrist_vert_vel_movement,LWrist_vert_vel_movement_event
16.6666666666666,0_1_tpose_0,0.1022093611116986,3.4963613967094607,2.149051420360437,1.453560129895077,4.139897573763379,5.340358633022187,5.485786709239044,1.2620209614827147,0.5213477726574639,3.00147530513046,-1.407772232338957,1.6699384316770058,2.1402235885246785,2.8645036557205468,1.14829596564347,1.3932989918346423,3.094273196297671,0,0,0,0,0,0,0,0,0,0,0,0,0,0,0,0,0,0,0,0,0,0,0,0,0,0,0,0,0,0,0,0,0,0
33.3333333333333,0_1_tpose_0,0.2722283807377543,3.468542938699905,2.201974169203728,1.4888991566231082,4.011854652973143,5.251709319199345,5.307258221377417,1.5653139360807538,0.4045847257739469,3.0741252855474426,-1.373499781344579,1.8163438489604984,2.0948046305576624,3.111289471276829,1.2309876646888511,1.4553236811536834,3.0312155585122253,0,0,0,0,0,0,0,0,0,0,0,0,0,0,0,0,0,0,0,0,0,0,0,0,0,0,0,0,0,0,0,0,0,0
50.0,0_1_tpose_0,0.4422474003638101,3.4407244806903496,2.254896918047019,1.5242381833511391,3.883811732182906,5.163060005376504,5.128729733515791,1.8686069106787928,0.28782167889043,3.146775265964425,-1.3392273303502011,1.962749266243991,2.0493856725906463,3.3580752868331105,1.3136793637342328,1.5173483704727242,2.96815792072678,0,0,0,0,0,0,0,0,0,0,0,0,0,0,0,0,0,0,0,0,0,0,0,0,0,0,0,0,0,0,0,0,0,0
66.6666666666666,0_1_tpose_0,0.6122664199898658,3.412906022680794,2.30781966689031,1.55957721007917,3.755768811392669,5.074410691553663,4.950201245654164,2.171899885276832,0.171058632006913,3.2194252463814084,-1.3049548793558232,2.109154683527484,2.00396671462363,3.6048611023893926,1.3963710627796142,1.5793730597917652,2.905100282941334,0,0,0,0,0,0,0,0,0,0,0,0,0,0,0,0,0,0,0,0,0,0,0,0,0,0,0,0,0,0,0,0,0,0
83.3333333333333,0_1_tpose_0,0.7822854396159216,3.3850875646712386,2.360742415733601,1.5949162368072007,3.627725890602433,4.985761377730822,4.771672757792538,2.4751928598748707,0.0542955851233961,3.2920752267983917,-1.2706824283614453,2.255560100810976,1.9585477566566143,3.851646917945674,1.4790627618249954,1.641397749110806,2.8420426451558884,0,0,0,0,0,0,0,0,0,0,0,0,0,0,0,0,0,0,0,0,0,0,0,0,0,0,0,0,0,0,0,0,0,0
99.9999999999999,0_1_tpose_0,0.9523044592419774,3.3572691066616827,2.413665164576892,1.6302552635352316,3.499682969812196,4.89711206390798,4.593144269930912,2.7784858344729098,-0.0624674617601208,3.364725207215374,-1.2364099773670674,2.4019655180944683,1.9131287986895984,4.098432733501957,1.5617544608703766,1.703422438429847,2.778985007370443,0,0,0,0,0,0,0,0,0,0,0,0,0,0,0,0,0,0,0,0,0,0,0,0,0,0,0,0,0,0,0,0,0,0
116.6666666666666,0_1_tpose_0,1.122323478868033,3.329450648652127,2.4665879134201822,1.6655942902632626,3.371640049021959,4.808462750085139,4.414615782069285,3.081778809070949,-0.1792305086436377,3.437375187632357,-1.2021375263726894,2.548370935377961,1.8677098407225825,4.345218549058238,1.644446159915758,1.765447127748888,2.715927369584997,0,0,0,0,0,0,0,0,0,0,0,0,0,0,0,0,0,0,0,0,0,0,0,0,0,0,0,0,0,0,0,0,0,0
133.33333333333331,0_1_tpose_0,1.292342498494089,3.301632190642571,2.519510662263473,1.7009333169912932,3.2435971282317224,4.719813436262298,4.23608729420766,3.385071783668988,-0.2959935555271549,3.5100251680493395,-1.1678650753783115,2.694776352661453,1.8222908827555664,4.592004364614522,1.7271378589611397,1.8274718170679292,2.6528697317995515,0,0,0,0,0,0,0,0,0,0,0,0,0,0,0,0,0,0,0,0,0,0,0,0,0,0,0,0,0,0,0,0,0,0
150.0,0_1_tpose_0,1.3379874050635754,3.584649720403206,2.672858102812945,1.7441732525764448,3.313939276018056,4.86142801685862,4.348781038930579,3.723657018858688,-0.3637490547016008,3.8320902178465,-1.1426340432332605,2.7192839750385787,1.8466325486318689,4.8021868056600985,1.8178055889354856,1.9272328117593247,2.696499508468176,0,0,0,0,0,0,0,0,0,0,0,0,0,0,0,0,0,0,0,0,0,0,0,0,0,0,0,0,0,0,0,0,0,0
166.6666666666666,0_1_tpose_0,1.3240509852546998,3.620195072454191,2.594932375466202,1.695069018843797,3.138645828838337,4.571631240056529,4.120929564307609,3.78286727285984,-0.4615594919155025,3.9740063707054873,-1.0128100620128984,2.5831141992244966,1.759912830913284,4.641127475291705,1.8055320744197307,1.8295858840092356,2.5709239804243884,0,0,0,0,0,0,0,0,0,0,0,0,0,0,0,0,0,0,0,0,0,0,0,0,0,0,0,0,0,0,0,0,0,0
183.3333333333333,0_1_tpose_0,1.3037287822432546,3.567027264379612,2.4758881974387386,1.7167559785050908,3.043638615242367,4.410371663203927,3.968530026372688,3.744211892092304,-0.5783646194020461,4.205955660081687,-0.8749604154179257,2.481760058640625,1.7621366200083972,4.613907136745615,1.834028746234876,1.808263057503422,2.5596696048088985,0,0,0,0,0,0,0,0,0,0,0,0,0,0,0,0,0,0,0,0,0,0,0,0,0,0,0,0,0,0,0,0,0,0
199.9999999999999,0_1_tpose_0,1.2719119452867256,3.439769079757361,2.3279057765648257,1.779390518601427,3.077357867021596,4.317994291853723,3.892623095985452,3.70826921566912,-0.7144924827870384,4.4333099465710495,-0.7452330207408566,2.406331001331335,1.866723048145783,4.665530798716675,1.903527756663494,1.8451411270060945,2.645910758437556,0,0,0,0,0,0,0,0,0,0,0,0,0,0,0,0,0,0,0,0,0,0,0,0,0,0,0,0,0,0,0,0,0,0
216.6666666666666,0_1_tpose_0,1.248396603773306,3.3331819735857406,2.2322014048901395,1.8793486735215,3.2748023150594685,4.154311047061715,3.781357125742202,3.706509041776637,-0.8639290730198629,4.524669790364761,-0.6361966738138009,2.323944609815406,2.022472449416226,4.676218469286028,1.9842927032523,1.8652369588720272,2.831805215125736,0,0,0,0,0,0,0,0,0,0,0,0,0,0,0,0,0,0,0,0,0,0,0,0,0,0,0,0,0,0,0,0,0,0
233.3333333333333,0_1_tpose_0,1.242288474030605,3.370330889762135,2.1717408946504326,2.025704967418867,3.6280446834103057,3.849008736520576,3.5456587644616624,3.722009692360556,-1.0189178971575736,4.443293686094684,-0.5378870792245406,2.201377864676258,2.148500343262104,4.586506673815501,2.0291571326100457,1.828381762607312,3.1097401687012107,0,0,0,0,0,0,0,0,0,0,0,0,0,0,0,0,0,0,0,0,0,0,0,0,0,0,0,0,0,0,0,0,0,0
249.9999999999999,0_1_tpose_0,1.2448334304137292,3.510955362142629,2.12613368206068,2.204075470952068,4.086759959946595,3.5476752116290062,3.3689896376116493,3.7574024699886888,-1.1793828803897335,4.2750872077469655,-0.4257324783927823,2.073328608180492,2.2182928581864028,4.439403799716679,2.01579090615838,1.7422278875170618,3.401873685021813,0,0,0,0,0,0,0,0,0,0,0,0,0,0,0,0,0,0,0,0,0,0,0,0,0,0,0,0,0,0,0,0,0,0
266.66666666666663,0_1_tpose_0,1.2317018294370687,3.6278923654177535,2.1252411584817352,2.3626346217915986,4.555897941323599,3.26874927517906,3.2703355797473974,3.8208550060895545,-1.3474815272214995,4.1070489355460245,-0.286430953108401,1.95860145599865,2.2249643447401093,4.285599767688718,1.9721981561676825,1.639656953480781,3.5828891326630297,0,0,0,0,0,0,0,0,0,0,0,0,0,0,0,0,0,0,0,0,0,0,0,0,0,0,0,0,0,0,0,0,0,0
283.3333333333333,0_1_tpose_0,1.1006586770066322,3.5430023377722493,2.261578707738025,2.436242687269348,4.886539403252234,3.2572744807184035,2.94578547631908,3.869040044007301,-1.4273121519246348,4.025980706392391,-0.0274764409361907,1.8466345783456932,2.170492904067808,4.348371505650945,1.9902873509010188,1.6271709053266297,3.6455113783948665,0,0,0,0,0,0,0,0,0,0,0,0,0,0,0,0,0,0,0,0,0,0,0,0,0,0,0,0,0,0,0,0,0,0
300.0,0_1_tpose_0,1.0999233564009914,3.60992137423164,2.430241404601205,2.458832229958554,5.125038563953415,3.146019291574572,2.868992717965191,3.8415652485163134,-1.4819234200846867,3.987190856473245,0.2163635397844818,1.6862841606855596,2.093411040108692,4.428600850523353,2.008268623277294,1.6333748823203855,3.698211056813233,0,0,0,0,0,0,0,0,0,0,0,0,0,0,0,0,0,0,0,0,0,0,0,0,0,0,0,0,0,0,0,0,0,0
316.6666666666666,0_1_tpose_0,1.156475218396853,3.682462901398568,2.4564559900468144,2.4170317731217623,5.330235381115603,3.0038675742868475,2.869284291094808,3.764796993844792,-1.461658196750331,3.9992019955544222,0.4398539844003802,1.5151779746993737,1.993069634045809,4.367287640208404,1.999161112919516,1.6529562412363328,3.767961341944252,0,0,0,0,0,0,0,0,0,0,0,0,0,0,0,0,0,0,0,0,0,0,0,0,0,0,0,0,0,0,0,0,0,0
333.3333333333333,0_1_tpose_0,1.2156071768266778,3.634185452316157,2.384899844670181,2.334470404720335,5.537153300492695,2.8581571142361533,2.833923655797037,3.702510521412554,-1.3628168050531668,4.063076717991426,0.6497685976700267,1.378106150688091,1.88889317406702,4.101942044251448,1.948034262406992,1.6806214912709427,3.8219602717138055,0,0,0,0,0,0,0,0,0,0,0,0,0,0,0,0,0,0,0,0,0,0,0,0,0,0,0,0,0,0,0,0,0,0
350.0,0_1_tpose_0,1.2803879982562187,3.7072822189180528,2.273935797090203,2.2594844132979435,5.709010378036197,2.747883871513696,2.769183570505146,3.629859122340908,-1.2105032897612729,4.16461560345682,0.8541844203116772,1.29232418920671,1.8158151361198376,3.754804579345058,1.874322105708208,1.6880705735063544,3.796783019404034,0,0,0,0,0,0,0,0,0,0,0,0,0,0,0,0,0,0,0,0,0,0,0,0,0,0,0,0,0,0,0,0,0,0
366.6666666666666,0_1_tpose_0,1.3248137296686886,3.8708187530359353,2.159481719128149,2.213666101443379,5.750732983586531,2.71300086344192,2.7015048268381348,3.448869594403686,-1.0229843936810237,4.3564965877421535,1.06114410595472,1.1881202841776524,1.750229040113823,3.449938913307184,1.819536998279666,1.645337839761414,3.678199831664699,0,0,0,0,0,0,0,0,0,0,0,0,0,0,0,0,0,0,0,0,0,0,0,0,0,0,0,0,0,0,0,0,0,0
383.3333333333333,0_1_tpose_0,1.42383702701824,3.906814018876293,2.08526299417272,2.183887223823115,5.7998628976456335,2.6745844718473326,2.640979321702576,3.2115816631316774,-0.8166661931776478,4.698199715721094,1.2655763934104938,1.2376591024190635,1.7558853285364266,3.3172082287165403,1.785986607696485,1.5605054659880897,3.6311566260678982,0,0,0,0,0,0,0,0,0,0,0,0,0,0,0,0,0,0,0,0,0,0,0,0,0,0,0,0,0,0,0,0,0,0
399.9999999999999,0_1_tpose_0,1.637087949840747,3.774034890697632,2.000894950037027,2.2607352790422217,5.922247225218382,2.702210922665044,2.5880252476746275,3.056246002526807,-0.620834122455912,5.053486831281557,1.4356609897450985,1.5818650634404097,1.8501774199644836,3.3829858181636894,1.72059932067421,1.4878474607312342,3.739775192565676,0,0,0,0,0,0,0,0,0,0,0,0,0,0,0,0,0,0,0,0,0,0,0,0,0,0,0,0,0,0,0,0,0,0
416.6666666666666,0_1_tpose_0,1.8229418634866792,3.628382195780812,1.9618474127172305,2.326106544653763,6.039906989967531,2.747453985172036,2.580007345143856,2.970029718015982,-0.4580876599306488,5.198687436056329,1.5363049928691443,2.0512333198406028,1.9615835708229683,3.4611986493656173,1.6878781356817016,1.4849044336489372,3.8042151045199257,0,0,0,0,0,0,0,0,0,0,0,0,0,0,0,0,0,0,0,0,0,0,0,0,0,0,0,0,0,0,0,0,0,0
433.3333333333333,0_1_tpose_0,1.9284547904951792,3.5371663268155715,2.1514010209076813,2.278243877361265,6.098845084278731,2.6013836288168424,2.63994616918803,2.9546468416592275,-0.3235238608732877,5.0761185134960405,1.5672227425394245,2.5002110081357904,2.031196374472496,3.3480340008804497,1.6971433140286838,1.4604163864752602,3.770466990055947,0,0,0,0,0,0,0,0,0,0,0,0,0,0,0,0,0,0,0,0,0,0,0,0,0,0,0,0,0,0,0,0,0,0
449.9999999999999,0_1_tpose_0,2.039776184950107,3.512184631334837,2.510115428133245,2.149252873163225,6.082551626797437,2.341923385484759,2.7332072216751384,2.9904201656604776,-0.1920121508032015,4.878099790515252,1.5683119043365927,2.85799684867456,1.987600863833622,3.1152784795890085,1.6984124756081125,1.4109753464892694,3.684174410058215,0,0,0,0,0,0,0,0,0,0,0,0,0,0,0,0,0,0,0,0,0,0,0,0,0,0,0,0,0,0,0,0,0,0
466.6666666666666,0_1_tpose_0,2.1868644221376767,3.574024949720427,2.84565311920146,2.036060601405439,5.990431457520979,2.203238714293236,2.812251086402518,3.104533924733369,-0.0394388182995514,4.877062774494073,1.5800036456997295,3.1343817993226075,1.8361519941367248,2.994315528304123,1.6574118961488231,1.3589873457052408,3.592031109498353,0,0,0,0,0,0,0,0,0,0,0,0,0,0,0,0,0,0,0,0,0,0,0,0,0,0,0,0,0,0,0,0,0,0
483.33333333333326,0_1_tpose_0,2.367363801423521,3.5396849969016646,3.0966824591803923,1.9234047243245,5.805523439935809,2.3170445699053395,2.8053708525857983,3.2908480385857684,0.144242531491287,5.141113904530156,1.6005689420478897,3.4009454132149126,1.7000974307300432,3.067809088679207,1.5870019620380524,1.342978126150392,3.4902697254938038,0,0,0,0,0,0,0,0,0,0,0,0,0,0,0,0,0,0,0,0,0,0,0,0,0,0,0,0,0,0,0,0,0,0
499.9999999999999,0_1_tpose_0,2.5296256770698475,3.3605837036242496,3.278344728654413,1.7573147115141845,5.4770484011975,2.502528806115513,2.788165057567728,3.4378462766481874,0.3628355099539398,5.485444900866504,1.6030692478734814,3.662331500241275,1.6241785290167805,3.202979787977106,1.5235294470843808,1.373176095833989,3.34104205531051,0,0,0,0,0,0,0,0,0,0,0,0,0,0,0,0,0,0,0,0,0,0,0,0,0,0,0,0,0,0,0,0,0,0
516.6666666666666,0_1_tpose_0,2.6237637688973767,3.185115142438738,3.3935084100567785,1.527681011163978,5.0094262269910494,2.6449395955917665,2.9526398108540173,3.47270018059057,0.615686892954288,5.74174442487727,1.5794468744275922,3.8847178114800496,1.622568962806448,3.2608176772675863,1.4797371671827992,1.4049114283162798,3.122738505950876,0,0,0,0,0,0,0,0,0,0,0,0,0,0,0,0,0,0,0,0,0,0,0,0,0,0,0,0,0,0,0,0,0,0
533.3333333333334,0_1_tpose_0,2.6533349262892707,3.111074973021694,3.4471748601462204,1.3625616599651833,4.527873278473074,2.742740442648887,3.2924397333679094,3.4631776633881195,0.8773955947644386,5.913479182956633,1.5368805272145951,4.054883185076083,1.732357832388984,3.2686244233274526,1.4182333574272414,1.4051751495161549,2.928236214271353,0,0,0,0,0,0,0,0,0,0,0,0,0,0,0,0,0,0,0,0,0,0,0,0,0,0,0,0,0,0,0,0,0,0
550.0,0_1_tpose_0,2.6562035442616416,3.082020681943583,3.5017316662087774,1.296236648045299,4.142930615473284,2.6249419979603403,3.6715574145790537,3.495393400390742,1.0994536490185094,6.029764411043536,1.4694127915582516,4.147603117113417,1.889982023898028,3.28992817750088,1.331625766719276,1.3630985440892602,2.9323835856339224,0,0,0,0,0,0,0,0,0,0,0,0,0,0,0,0,0,0,0,0,0,0,0,0,0,0,0,0,0,0,0,0,0,0
566.6666666666667,0_1_tpose_0,2.6562698485033684,3.0190261012560056,3.603874685889848,1.2694984261205222,3.841162339145116,2.406207704956065,3.909344520740977,3.569397048163673,1.248740934108862,6.079080211847978,1.356873376934739,4.185870510796686,2.062739447710933,3.346109014900175,1.2912635143022138,1.2789251209342922,2.902705856477064,0,0,0,0,0,0,0,0,0,0,0,0,0,0,0,0,0,0,0,0,0,0,0,0,0,0,0,0,0,0,0,0,0,0
583.3333333333335,0_1_tpose_0,2.70535552585317,3.019680472420584,3.7392894974278,1.286366432945335,3.5881448237753824,2.4005480141075517,3.9443644353423535,3.624875453094796,1.3303188073844396,6.076560921935142,1.183003402489656,4.210050729248468,2.271366244209691,3.4657693839701875,1.3228739046833706,1.1742397576469918,2.8089442756213945,0,0,0,0,0,0,0,0,0,0,0,0,0,0,0,0,0,0,0,0,0,0,0,0,0,0,0,0,0,0,0,0,0,0
600.0000000000002,0_1_tpose_0,2.777257256838367,3.0486032308390296,3.907653178360393,1.32579929441078,3.4752521956290945,2.7007766006816647,3.9473686237966903,3.61003507370446,1.3553914624295402,6.0038071496967165,0.9411980300113516,4.237550445292349,2.49478241462165,3.5308503160435007,1.3916339410102274,1.075344609974899,2.7337481856745343,0,0,0,0,0,0,0,0,0,0,0,0,0,0,0,0,0,0,0,0,0,0,0,0,0,0,0,0,0,0,0,0,0,0
616.666666666667,0_1_tpose_0,2.860073652820657,2.970718662893026,4.085672509809781,1.3795739635615607,3.6061774337533543,3.1025394563643847,3.990154013757437,3.533208821059802,1.311285751885381,5.761189849719952,0.6329913929587588,4.330472065191449,2.739631312003595,3.5594175297358603,1.4489147878736133,1.0233024589406372,2.819537694550794,0,0,0,0,0,0,0,0,0,0,0,0,0,0,0,0,0,0,0,0,0,0,0,0,0,0,0,0,0,0,0,0,0,0
633.3333333333336,0_1_tpose_0,2.8865853790306626,2.876022699850441,4.24144396424908,1.4277814713654722,3.8048017439093886,3.5186228141657963,4.048516324072957,3.572596596739668,1.206079434182317,5.301374416304897,0.2891243149117747,4.321912531018221,2.928946305593446,3.643230470194759,1.490764609961591,1.054631978916355,2.9809107113402407,0,0,0,0,0,0,0,0,0,0,0,0,0,0,0,0,0,0,0,0,0,0,0,0,0,0,0,0,0,0,0,0,0,0
650.0000000000003,0_1_tpose_0,2.800439111391362,2.84480070653351,4.441371781235319,1.399591281320527,3.995821253732088,3.845398035130133,4.134562724914825,3.641465814094154,1.111994471339801,4.757241081411793,-0.0191480279848548,4.161304534277384,3.0153412766581957,3.835960191351983,1.553945175163279,1.1471429043274213,3.102000054546537,0,0,0,0,0,0,0,0,0,0,0,0,0,0,0,0,0,0,0,0,0,0,0,0,0,0,0,0,0,0,0,0,0,0
666.6666666666671,0_1_tpose_0,2.7227963346866537,2.784213631385379,4.636512440186983,1.3782382692445108,4.136653233212868,4.098372213438267,4.187935031027272,3.676336611367304,1.1117580504015785,4.334831642927039,-0.2236940611670666,3.971116450900265,2.996660208694032,4.171522844462819,1.5419957013938168,1.2078604702823603,3.158129919109933,0,0,0,0,0,0,0,0,0,0,0,0,0,0,0,0,0,0,0,0,0,0,0,0,0,0,0,0,0,0,0,0,0,0
683.3333333333338,0_1_tpose_0,2.785394984007594,2.853218443974466,4.668341661904153,1.398493678595004,4.176075678959663,4.345850015886274,4.095780988804014,3.7503318405396935,1.2185695366695366,4.154264659720423,-0.3147218176325175,3.796142557713487,2.935607337660964,4.60006224673486,1.4426540491076592,1.1692901359427603,3.13820244805397,0,0,0,0,0,0,0,0,0,0,0,0,0,0,0,0,0,0,0,0,0,0,0,0,0,0,0,0,0,0,0,0,0,0
700.0000000000005,0_1_tpose_0,2.866729359711448,3.008676208040753,4.563271483092612,1.4462274010075211,4.073185959905006,4.513437912915011,3.830613200947974,3.789070137614536,1.3670221799885127,4.064280637336339,-0.3441145202856156,3.653610351910587,2.9049164720276943,4.966308722780909,1.3166221135931375,1.1044011250499033,3.0415571385136837,0,0,0,0,0,0,0,0,0,0,0,0,0,0,0,0,0,0,0,0,0,0,0,0,0,0,0,0,0,0,0,0,0,0
716.6666666666672,0_1_tpose_0,2.8168116047203258,3.0519756759545924,4.385886068538947,1.4367955698736958,3.79474531280056,4.489326959728387,3.581980940442487,3.67910695152704,1.470302488402321,3.824695561343648,-0.3721898012629702,3.5257866838007623,2.89737241919314,5.099473666979797,1.2057317803254866,1.0634265475497462,2.848628982296538,0,0,0,0,0,0,0,0,0,0,0,0,0,0,0,0,0,0,0,0,0,0,0,0,0,0,0,0,0,0,0,0,0,0
733.3333333333339,0_1_tpose_0,2.6309132387403795,2.9746233589285005,4.211344516156657,1.3720189465676411,3.377575230141133,4.399215175252301,3.533382307702172,3.504917943048913,1.4874888647954485,3.404100645894521,-0.4139972401333773,3.370684635581833,2.849836599063284,5.075546831449554,1.148692159735691,1.0295230910391595,2.565719116642653,0,0,0,0,0,0,0,0,0,0,0,0,0,0,0,0,0,0,0,0,0,0,0,0,0,0,0,0,0,0,0,0,0,0
750.0000000000007,0_1_tpose_0,2.476604442674529,2.859805646460647,4.07835376695631,1.306605107036943,3.1147431726466355,4.246898653650807,3.4224142355715723,3.304236344497208,1.4413253500404186,3.0043332335632984,-0.4435090053213183,3.191005694516455,2.7816155358266093,5.006801122909413,1.1475586792075252,0.9883143219493442,2.2843784633310165,0,0,0,0,0,0,0,0,0,0,0,0,0,0,0,0,0,0,0,0,0,0,0,0,0,0,0,0,0,0,0,0,0,0
766.6666666666674,0_1_tpose_0,2.5464936397082205,2.7569845020560875,3.960634804831493,1.3351638301679871,3.10545373791429,4.0484604181083785,3.16806813660493,3.1591624053570784,1.3783744513147795,2.7898392443059112,-0.4341164917663258,3.0391369799873558,2.71992953047408,4.97781690549578,1.1546074785220892,0.95246770981873,2.179953002807627,0,0,0,0,0,0,0,0,0,0,0,0,0,0,0,0,0,0,0,0,0,0,0,0,0,0,0,0,0,0,0,0,0,0
783.333333333334,0_1_tpose_0,2.803418826266616,2.6605274136573738,3.791758362604879,1.4012153671252836,3.2220397502600973,3.9286738900071625,2.84034829899018,3.1139799207036294,1.3266688247220728,2.7209851513381165,-0.3795451793534363,2.9564064115648603,2.632426431248005,5.022842970932081,1.1647383944962135,0.9313242580759185,2.2680722548338146,0,0,0,0,0,0,0,0,0,0,0,0,0,0,0,0,0,0,0,0,0,0,0,0,0,0,0,0,0,0,0,0,0,0
800.0000000000008,0_1_tpose_0,3.062006019966752,2.564433777127669,3.5525633234142213,1.4270366446417273,3.2547974402979194,3.973417463244025,2.508831663524048,3.0555772704693416,1.2910260387124766,2.7261102870393934,-0.2890389490037399,2.934491852693787,2.521843677103984,5.028306701195965,1.1843929795511297,0.9377751768648608,2.249004640808036,0,0,0,0,0,0,0,0,0,0,0,0,0,0,0,0,0,0,0,0,0,0,0,0,0,0,0,0,0,0,0,0,0,0
816.6666666666675,0_1_tpose_0,3.223514550317783,2.5125131357477835,3.329494031461718,1.4156742001808778,3.1498276517883927,4.01507210796514,2.2860963004501245,2.930782969180884,1.2650691152888485,2.86515309565059,-0.1696668923958033,2.9243022062835733,2.4526287765399206,4.927893595330018,1.1588078046226429,0.9604203715740796,2.196826140619276,0,0,0,0,0,0,0,0,0,0,0,0,0,0,0,0,0,0,0,0,0,0,0,0,0,0,0,0,0,0,0,0,0,0
833.3333333333343,0_1_tpose_0,3.1767173592339524,2.500380201430718,3.221104595577161,1.429262643753433,3.0589330914051764,4.048920094370382,2.250370144259782,2.733909329695123,1.2336015654859294,3.1290162236250594,-0.0109397776441966,2.9195891544531145,2.4164164651902684,4.738649417323959,1.0611131130946811,0.9593574650179963,2.1814326111759126,0,0,0,0,0,0,0,0,0,0,0,0,0,0,0,0,0,0,0,0,0,0,0,0,0,0,0,0,0,0,0,0,0,0
850.000000000001,0_1_tpose_0,2.9834840236821125,2.448435867356337,3.1151300568985354,1.492555736105372,2.960364180766745,4.088688539253263,2.2768355681241195,2.5396156988295777,1.1871248031039583,3.406824461525994,0.2008781162642496,2.9507164020486694,2.355792368503045,4.698529397999078,0.9089877417709832,0.9161403776316674,2.171786335725925,0,0,0,0,0,0,0,0,0,0,0,0,0,0,0,0,0,0,0,0,0,0,0,0,0,0,0,0,0,0,0,0,0,0
866.6666666666677,0_1_tpose_0,2.7945579933137754,2.544648869438821,2.9679555300227314,1.5398906384180795,2.8346506118563872,4.135776182307517,2.280097910032424,2.461518518697484,1.1433994447080331,3.664163843128726,0.4527784081986761,3.0180062881071885,2.239815135276753,4.80136818515273,0.75238791023566,0.8399877660125555,2.066411639227122,0,0,0,0,0,0,0,0,0,0,0,0,0,0,0,0,0,0,0,0,0,0,0,0,0,0,0,0,0,0,0,0,0,0
883.3333333333344,0_1_tpose_0,2.660437757327004,2.80571723771297,2.836643202836088,1.5519825060107293,2.7125965463142983,4.205242974721215,2.255230582095056,2.311809762392818,1.1196390269887029,3.9137323519182288,0.7024019128858983,3.0843542527703147,2.105766934205604,4.933083933941724,0.6336955746904274,0.7446061769149732,1.884243891410002,0,0,0,0,0,0,0,0,0,0,0,0,0,0,0,0,0,0,0,0,0,0,0,0,0,0,0,0,0,0,0,0,0,0
900.0000000000011,0_1_tpose_0,2.559425588591288,3.0352258421352487,2.699805476708978,1.5438953130373492,2.5857261731428567,4.276625975848251,2.1774070817875053,2.088422258622221,1.088573570445159,4.159010325738152,0.9085329112070842,3.0408603309992777,2.019896293827664,4.967650341094002,0.563474520567184,0.639354883154183,1.6667584831025142,0,0,0,0,0,0,0,0,0,0,0,0,0,0,0,0,0,0,0,0,0,0,0,0,0,0,0,0,0,0,0,0,0,0
916.666666666668,0_1_tpose_0,2.460721746860176,3.147561401730152,2.542159961919709,1.5105064071819512,2.467044494570227,4.308220888284019,2.08367239199762,1.924530727082332,1.0069527868608383,4.384779217547833,1.0620194631816011,2.8660358067228677,1.9933380604374076,4.839717838859792,0.5379514908568195,0.5691031564180329,1.4943742325569231,0,0,0,0,0,0,0,0,0,0,0,0,0,0,0,0,0,0,0,0,0,0,0,0,0,0,0,0,0,0,0,0,0,0
933.3333333333346,0_1_tpose_0,2.2971471936617247,3.018581319338474,2.3914693895768764,1.4859522035639698,2.402935572022566,4.293602030543475,2.0223505961048893,1.7523454748120608,0.8764810094666179,4.546268693425906,1.1866533673073174,2.5852271054389107,1.9587390222320549,4.607796864881571,0.5096699931995772,0.5335606193852199,1.514581325401577,0,0,0,0,0,0,0,0,0,0,0,0,0,0,0,0,0,0,0,0,0,0,0,0,0,0,0,0,0,0,0,0,0,0
950.0000000000013,0_1_tpose_0,2.130397089423829,2.876756042599693,2.2422339945304874,1.4829360338363702,2.4035089746224387,4.274078697438287,2.0052920945754837,1.5826561757050244,0.7504465141396269,4.714072566108519,1.3177047057423463,2.468795089224596,1.891050009401588,4.432716695397154,0.4644448130691044,0.4870046106293284,1.6807072387656052,0,0,0,0,0,0,0,0,0,0,0,0,0,0,0,0,0,0,0,0,0,0,0,0,0,0,0,0,0,0,0,0,0,0
966.666666666668,0_1_tpose_0,2.077980027956081,2.850000468336228,2.1156394029938097,1.4863621916357594,2.437462957301884,4.2885436923918485,1.9748669242256216,1.486607795429185,0.688711488551435,5.003032890901242,1.478365719832485,2.5580855077605285,1.845979806450248,4.392222356468317,0.4553781967140348,0.4716287257391223,1.843234474577922,0,0,0,0,0,0,0,0,0,0,0,0,0,0,0,0,0,0,0,0,0,0,0,0,0,0,0,0,0,0,0,0,0,0
983.3333333333348,0_1_tpose_0,2.1600650829425314,2.9765382084654046,2.023447746628616,1.520664142251894,2.4805145148204493,4.311109572341559,1.9226678231219465,1.419109157393431,0.704429250852337,5.420835755258789,1.6604338930038658,2.7754065567899056,1.8782867933693976,4.3734624610503126,0.4608968067361349,0.5465268771735724,1.8924339199726077,0,0,0,0,0,0,0,0,0,0,0,0,0,0,0,0,0,0,0,0,0,0,0,0,0,0,0,0,0,0,0,0,0,0
1000.0000000000014,0_1_tpose_0,2.279472172055842,3.2249459696752822,1.9955984429440663,1.5968932438429049,2.4234394830936683,4.401630777381694,1.8691977071919728,1.4542476538010929,0.7498919788157268,5.840515167575976,1.821308555758808,2.981473940710856,1.9478179609496773,4.318923640891224,0.4486023966451083,0.67706663476308,1.8402890491483463,0,0,0,0,0,0,0,0,0,0,0,0,0,0,0,0,0,0,0,0,0,0,0,0,0,0,0,0,0,0,0,0,0,0
1016.666666666668,0_1_tpose_0,2.3194109012855613,3.4621039059911745,2.031366154310022,1.634136211786314,2.2581438881464027,4.581507206201573,1.749288266319639,1.5583148694906812,0.7547209108346155,6.123620205133474,1.90490097757714,3.0694976632329425,1.9789127679026024,4.260439891249984,0.4335972643036997,0.7746698006563736,1.775259649266007,0,0,0,0,0,0,0,0,0,0,0,0,0,0,0,0,0,0,0,0,0,0,0,0,0,0,0,0,0,0,0,0,0,0
1033.3333333333344,0_1_tpose_0,2.296835433771947,3.589436238748332,2.0841401369488723,1.5942086991081434,2.0282178081343933,4.718057259800034,1.6168492925502538,1.6324831297941955,0.6725310152573428,6.235606104329988,1.8802611108954437,3.0763597249695165,1.9959209918528185,4.198113305281294,0.4371420954845455,0.7926648283064213,1.7063176070412072,0,0,0,0,0,0,0,0,0,0,0,0,0,0,0,0,0,0,0,0,0,0,0,0,0,0,0,0,0,0,0,0,0,0
1050.0000000000011,0_1_tpose_0,2.29708940616612,3.655896159531872,2.1211714037972325,1.5711654982251255,1.990264744852548,4.662656451828283,1.561534818853614,1.7440374263404468,0.4969486399592295,6.181011787360851,1.7740497679358964,3.0997522584352497,2.0762297775297824,4.1790022019757895,0.4875847424684062,0.7778614233012524,1.69309416671343,0,0,0,0,0,0,0,0,0,0,0,0,0,0,0,0,0,0,0,0,0,0,0,0,0,0,0,0,0,0,0,0,0,0
1066.6666666666677,0_1_tpose_0,2.3807067054465016,3.770220794979722,2.110036492896395,1.6610496914235482,2.198406580529489,4.727584725551791,1.5730942471498337,1.9236655842806345,0.2531279523351847,5.911585234359896,1.6449639123804294,3.250065225547119,2.247119235357439,4.318290406821851,0.616145582695248,0.7821198835428084,1.7828952579959187,0,0,0,0,0,0,0,0,0,0,0,0,0,0,0,0,0,0,0,0,0,0,0,0,0,0,0,0,0,0,0,0,0,0
1083.3333333333344,0_1_tpose_0,2.54667569253252,3.9905905876561834,2.072825009351932,1.8173823873324648,2.4447049835676333,4.708599799195162,1.5963317812245428,2.1509007633351453,-0.0137964193948931,5.471669666347446,1.5142744867490483,3.550536549716006,2.523370014750119,4.5598804851463495,0.8199016246713342,0.829642512244968,1.8981412869397456,0,0,0,0,0,0,0,0,0,0,0,0,0,0,0,0,0,0,0,0,0,0,0,0,0,0,0,0,0,0,0,0,0,0
1100.000000000001,0_1_tpose_0,2.7344356074117218,4.20930887544555,2.066034136835897,1.9687616514892208,2.633784534933561,4.418089609598496,1.6550859866439578,2.3760860476167496,-0.2550938677516902,4.984765839447068,1.361262873197883,3.8925441955372335,2.843866101548952,4.588643417164938,1.051239087256131,0.9362948104483864,2.017223127594324,0,0,0,0,0,0,0,0,0,0,0,0,0,0,0,0,0,0,0,0,0,0,0,0,0,0,0,0,0,0,0,0,0,0
1116.6666666666677,0_1_tpose_0,2.909012545022244,4.315587137280593,2.05605229226856,2.0947732700004504,2.6981850838677897,3.896235056197591,1.720230451649912,2.544585410024644,-0.4437728564182857,4.6230403600038805,1.1877215773028762,4.187943796207998,3.118944426231463,4.377877245376398,1.2461682060599335,1.0581329757935125,2.107045600350253,0,0,0,0,0,0,0,0,0,0,0,0,0,0,0,0,0,0,0,0,0,0,0,0,0,0,0,0,0,0,0,0,0,0
1133.3333333333342,0_1_tpose_0,3.0924792395757077,4.329970105081135,1.98631643983089,2.1827854269008657,2.671000936067431,3.315462381491922,1.7793705194809428,2.6571401163917385,-0.5827092503616966,4.406023292683346,1.0338767915403175,4.4102008036169495,3.304262846373869,4.07732447314049,1.3783624146235465,1.1450938178253725,2.120743391364376,0,0,0,0,0,0,0,0,0,0,0,0,0,0,0,0,0,0,0,0,0,0,0,0,0,0,0,0,0,0,0,0,0,0
1150.000000000001,0_1_tpose_0,3.309669803819515,4.408504485812396,1.927085904034908,2.23368248506719,2.631715549055424,2.847922746666532,1.8606698558405912,2.7799438869720623,-0.6920621323491943,4.234841723760146,0.9216216724296392,4.573160922874308,3.428537275115201,3.889451367216663,1.4887696908856023,1.2136758643226653,2.116257878666764,0,0,0,0,0,0,0,0,0,0,0,0,0,0,0,0,0,0,0,0,0,0,0,0,0,0,0,0,0,0,0,0,0,0
1166.6666666666674,0_1_tpose_0,3.564762411330568,4.6380594933266135,1.92068932997849,2.30469397718066,2.626633602029348,2.509694447317952,2.013043958633062,2.95319590996336,-0.8090409509307879,4.041081563404372,0.817469617886383,4.735334816564382,3.5648249316229115,3.845922679343918,1.636093083197725,1.2905221936504905,2.177929844103085,0,0,0,0,0,0,0,0,0,0,0,0,0,0,0,0,0,0,0,0,0,0,0,0,0,0,0,0,0,0,0,0,0,0
1183.333333333334,0_1_tpose_0,3.8322917908018046,4.958380931252034,1.922252663189229,2.448688213495915,2.644040167372361,2.234370199573088,2.220491993180934,3.1855243515903435,-0.972782505623892,3.866209131318717,0.6766588380448099,4.914405970187096,3.723548034108789,3.840107557518644,1.8449179155281108,1.415685898354389,2.265907181156324,0,0,0,0,0,0,0,0,0,0,0,0,0,0,0,0,0,0,0,0,0,0,0,0,0,0,0,0,0,0,0,0,0,0
1200.000000000001,0_1_tpose_0,4.058179731212931,5.126699562522274,1.9242661907820984,2.628386375807548,2.6845225170525984,2.061669695176428,2.407970169700035,3.479003765119329,-1.1863629724870914,3.742757470279429,0.5015908579504481,4.864148844412479,3.83965730426543,3.7837064222055714,2.062674857602269,1.5675127819020274,2.3593966805353794,0,0,0,0,0,0,0,0,0,0,0,0,0,0,0,0,0,0,0,0,0,0,0,0,0,0,0,0,0,0,0,0,0,0
1216.6666666666672,0_1_tpose_0,4.164437512157707,5.183752789184029,1.9322487223386,2.788099637884776,2.756641196158044,1.9952312069871585,2.522364500452893,3.85860502023189,-1.4234583118761566,3.651381212476177,0.3260693505750331,4.677161180572542,3.886731304593024,3.730994449253527,2.224574365324241,1.7169385129390984,2.4531697841538183,0,0,0,0,0,0,0,0,0,0,0,0,0,0,0,0,0,0,0,0,0,0,0,0,0,0,0,0,0,0,0,0,0,0
1233.333333333334,0_1_tpose_0,4.104584866280796,5.2224732738665,1.954713843814157,2.88504650746067,2.844452606419491,1.9286210618559,2.585269589701141,4.3447261997282665,-1.6644346928607627,3.5853130756356597,0.1642303392907183,4.435287071010007,3.8792589319209023,3.7723840454524673,2.362733866490071,1.857558772759558,2.562700782370148,0,0,0,0,0,0,0,0,0,0,0,0,0,0,0,0,0,0,0,0,0,0,0,0,0,0,0,0,0,0,0,0,0,0
1250.0000000000005,0_1_tpose_0,3.9645098435865935,5.203808787989511,1.947507192370368,2.9287210842308418,2.891877932273875,1.836590943967361,2.672493374541433,4.897905065039635,-1.9022306136315348,3.5049832199674333,0.0025221870694167,4.227459134466491,3.838081457968463,3.912648905982816,2.506023481091918,1.9838054744403808,2.6920250683482783,0,0,0,0,0,0,0,0,0,0,0,0,0,0,0,0,0,0,0,0,0,0,0,0,0,0,0,0,0,0,0,0,0,0
1266.666666666667,0_1_tpose_0,3.795213369428561,5.095590822263846,1.9091804237082275,2.9797450821010765,2.972528969822756,1.70828204714139,2.763371753595921,5.438532179912471,-2.1223260143364,3.364489679489002,-0.1653557818542456,4.189605389333279,3.804395161804696,4.1498636277847085,2.635378941752811,2.0810882307965395,2.7545815695380607,0,0,0,0,0,0,0,0,0,0,0,0,0,0,0,0,0,0,0,0,0,0,0,0,0,0,0,0,0,0,0,0,0,0
1283.3333333333337,0_1_tpose_0,3.576137000341836,4.940268391935285,1.928082815559528,3.0575935509018426,3.120961592207489,1.6057903201995325,2.801791591519561,5.886435677481677,-2.2882126587296745,3.189650557278022,-0.3192884420830715,4.281839521490787,3.7797261473486574,4.415257274315766,2.70584732794336,2.1422102099510023,2.7300505173005587,0,0,0,0,0,0,0,0,0,0,0,0,0,0,0,0,0,0,0,0,0,0,0,0,0,0,0,0,0,0,0,0,0,0
1300.0000000000005,0_1_tpose_0,3.277273997037515,4.809300879291186,2.0622058690274008,3.075848196202529,3.089707698704586,1.6736758693994576,2.7740206719248466,6.178045036811389,-2.352235014350468,3.070914658197262,-0.4390915699109935,4.298046411405276,3.678582306319538,4.629350546005379,2.659722557843573,2.166441248352464,2.6611990827406435,0,0,0,0,0,0,0,0,0,0,0,0,0,0,0,0,0,0,0,0,0,0,0,0,0,0,0,0,0,0,0,0,0,0
1316.666666666667,0_1_tpose_0,2.9096030091216774,4.78828839827119,2.2844647030520853,2.9358990521687303,2.8484488703657416,1.6359043557111763,2.7332743239208668,6.3029828262378205,-2.288102079728004,3.0387095217772733,-0.5238762626662716,4.0260157797769125,3.4225956404834794,4.749755122363068,2.4946150335341564,2.18618485956216,2.553309166238242,0,0,0,0,0,0,0,0,0,0,0,0,0,0,0,0,0,0,0,0,0,0,0,0,0,0,0,0,0,0,0,0,0,0
1333.3333333333337,0_1_tpose_0,2.6167528904534056,4.84109923851749,2.435604974313118,2.772738255093393,2.667688980361927,1.4682276884495764,2.7999349855523112,6.32524295343054,-2.118939618614673,3.0247851780745787,-0.5706668344223343,3.7189964302493,3.121400739826641,4.850827282794399,2.2741889657069763,2.1618355849255666,2.404678686975756,0,0,0,0,0,0,0,0,0,0,0,0,0,0,0,0,0,0,0,0,0,0,0,0,0,0,0,0,0,0,0,0,0,0
1350.0,0_1_tpose_0,2.3988971699695285,4.8638731165323605,2.4561775075123573,2.575717226766934,2.598131983901232,1.2991589870781413,2.909218168104053,6.327755896379717,-1.90635068044772,2.9968139618376126,-0.5610865175014949,3.380233419264785,2.8284317153115177,5.0491091872275895,2.066968449877918,2.0700825844162165,2.261587121424422,0,0,0,0,0,0,0,0,0,0,0,0,0,0,0,0,0,0,0,0,0,0,0,0,0,0,0,0,0,0,0,0,0,0
1366.6666666666667,0_1_tpose_0,2.2129564923869327,4.826583328012132,2.4415728236219367,2.4079231974329884,2.7175666981759825,1.2166416802425808,3.0302069903269206,6.340902995821878,-1.7066711634156173,2.9075022211376136,-0.4872522681154205,3.0682488130904133,2.606802730230343,5.337454903712804,1.9528153219152835,1.99794020133698,2.1813625405100674,0,0,0,0,0,0,0,0,0,0,0,0,0,0,0,0,0,0,0,0,0,0,0,0,0,0,0,0,0,0,0,0,0,0
1383.3333333333333,0_1_tpose_0,2.0183560709000674,4.731701364877639,2.5719480298140565,2.359840623722877,3.055592691579238,1.232796781278409,3.159410484370566,6.335812893256486,-1.5427102699501736,2.7721424045248755,-0.3836491016214375,2.909609358124853,2.513791689476643,5.498321436616807,1.940378341633345,1.993406397458717,2.1954141401408847,0,0,0,0,0,0,0,0,0,0,0,0,0,0,0,0,0,0,0,0,0,0,0,0,0,0,0,0,0,0,0,0,0,0
1400.0,0_1_tpose_0,1.7974872781393458,4.559984285383704,2.7726589548821687,2.3998586599328964,3.5475894172688744,1.2762875895590216,3.1991662619206624,6.266331148822301,-1.4001029601145334,2.630129735264985,-0.3080014316513846,2.9408161709336698,2.5327869977175834,5.312757161953035,1.9518154114960609,2.018538667384283,2.2507498234965158,0,0,0,0,0,0,0,0,0,0,0,0,0,0,0,0,0,0,0,0,0,0,0,0,0,0,0,0,0,0,0,0,0,0
1416.6666666666663,0_1_tpose_0,1.5636205721401466,4.314138686927464,2.916884844135958,2.4499782702748765,4.03952163886827,1.3112087274384052,3.025803058051571,6.142231065688993,-1.2307929213732036,2.6227562360309937,-0.2796334996416837,3.10768990163037,2.591952003142671,5.014823525924236,1.8853681466631744,2.001861240108039,2.221888222422666,0,0,0,0,0,0,0,0,0,0,0,0,0,0,0,0,0,0,0,0,0,0,0,0,0,0,0,0,0,0,0,0,0,0
1433.333333333333,0_1_tpose_0,1.3501926375591524,4.086329205648407,2.976766588359092,2.483334111132012,4.4098306565910566,1.3480880043356387,2.819990314954955,5.983663210597157,-0.996452720693656,2.7459017437652933,-0.2785387673376653,3.3486707876052604,2.654756232012353,4.843330262192202,1.743228707830407,1.911165965407412,2.0865031191214976,0,0,0,0,0,0,0,0,0,0,0,0,0,0,0,0,0,0,0,0,0,0,0,0,0,0,0,0,0,0,0,0,0,0
1449.9999999999995,0_1_tpose_0,1.1993913807706968,3.9879424225578095,3.009731224080788,2.488546740117,4.628644476851223,1.360212158920405,2.673484843853205,5.789920185365542,-0.7214202383322161,2.9145626627218,-0.307050269501915,3.615164932018519,2.737111129172157,4.789129757214127,1.6154340252652868,1.799579857282639,1.8807821886114,0,0,0,0,0,0,0,0,0,0,0,0,0,0,0,0,0,0,0,0,0,0,0,0,0,0,0,0,0,0,0,0,0,0
1466.6666666666663,0_1_tpose_0,1.1589292584730062,3.996280481381259,3.0415300359573725,2.4719857086322112,4.754305996343781,1.4496284834080488,2.739296971208164,5.577261251871255,-0.4614788118793821,3.088315440630077,-0.3901323383165413,3.84035134467353,2.8757229644794804,4.762281530948092,1.5191096035547529,1.680160942805157,1.6669196881295822,0,0,0,0,0,0,0,0,0,0,0,0,0,0,0,0,0,0,0,0,0,0,0,0,0,0,0,0,0,0,0,0,0,0
1483.333333333333,0_1_tpose_0,1.2611057823107743,4.020437995267332,3.0728193537326924,2.47929960598297,4.900894104368603,1.5627047160369778,2.9774202239981857,5.3993639591863865,-0.2372128565062757,3.242314837871075,-0.5127407718829898,4.135599119687099,3.0978628121254124,4.690166480772478,1.4295393260576663,1.536800333097558,1.5304270782110774,0,0,0,0,0,0,0,0,0,0,0,0,0,0,0,0,0,0,0,0,0,0,0,0,0,0,0,0,0,0,0,0,0,0
1499.9999999999995,0_1_tpose_0,1.4186922392605488,4.015609803480338,3.1013159168396425,2.552139347103558,5.1717269222604685,1.684030209347033,3.231455338925857,5.312039773888661,-0.0247810353764208,3.380287049223824,-0.6034770419790063,4.562240496732031,3.4029870395337865,4.580175122058034,1.3417034445844152,1.401211021679668,1.4912655922197091,0,0,0,0,0,0,0,0,0,0,0,0,0,0,0,0,0,0,0,0,0,0,0,0,0,0,0,0,0,0,0,0,0,0
1516.666666666666,0_1_tpose_0,1.5633502264673191,3.9614014942464486,3.1297422190935253,2.674555963687894,5.543716407128524,1.8723310974620029,3.4663220219644844,5.306898353834837,0.2082106671484002,3.509395724273163,-0.5939160623111744,4.98989504381694,3.717995276363164,4.388980752158334,1.2595249063680083,1.3352120064621562,1.5009302483880556,0,0,0,0,0,0,0,0,0,0,0,0,0,0,0,0,0,0,0,0,0,0,0,0,0,0,0,0,0,0,0,0,0,0
1533.3333333333328,0_1_tpose_0,1.6917477790984723,3.8804661939352383,3.1445139856409554,2.7884246755719344,5.920773122913988,2.1259886674210837,3.748557618280714,5.2992711645341775,0.4662832077180364,3.632891326739617,-0.4805992673870219,5.292507286714458,3.936675108629336,4.192998556740741,1.1998565027429005,1.3433312868413618,1.5140543113695284,0,0,0,0,0,0,0,0,0,0,0,0,0,0,0,0,0,0,0,0,0,0,0,0,0,0,0,0,0,0,0,0,0,0
1549.999999999999,0_1_tpose_0,1.8132030880431973,3.9107359483855,3.121857363739452,2.8574766261106808,6.214712520867559,2.304231421417856,4.06684888644346,5.171883411268381,0.7080656224395356,3.7452762059384,-0.3299498081876927,5.421517466969959,4.015055782002641,4.106730937445645,1.1834221619678928,1.34888963062812,1.529540999712793,0,0,0,0,0,0,0,0,0,0,0,0,0,0,0,0,0,0,0,0,0,0,0,0,0,0,0,0,0,0,0,0,0,0
1566.666666666666,0_1_tpose_0,1.905096176104821,3.8465972258291856,3.084163311693959,2.8774125685774186,6.330246028191278,2.3339415860095314,4.287702797473775,4.847610465399902,0.8642597506370127,3.8149584826756193,-0.2403775908168844,5.408325527986419,4.045351269312915,4.138275537954884,1.1896879970241592,1.2890310217059748,1.5450108445959998,0,0,0,0,0,0,0,0,0,0,0,0,0,0,0,0,0,0,0,0,0,0,0,0,0,0,0,0,0,0,0,0,0,0
1583.3333333333326,0_1_tpose_0,1.8420796166491364,3.59417898122156,3.105819777658094,2.8616614695124456,6.321403246777194,2.3321086123388404,4.211309766513933,4.829563156738296,0.9033689242212494,3.870537070698014,-0.2850647692938615,5.415697440488229,4.075172998814811,4.260913712211356,1.2160418892715883,1.23842821298324,1.5458790309426154,0,0,0,0,0,0,0,0,0,0,0,0,0,0,0,0,0,0,0,0,0,0,0,0,0,0,0,0,0,0,0,0,0,0
1599.999999999999,0_1_tpose_0,1.811904922235575,3.237542295373011,3.2284360855644367,2.8329837277477026,6.35791453936216,2.5165080418838257,3.987925768706173,5.142701185387719,0.8645438242055709,4.027002045698509,-0.4753116381575079,5.351134398307135,4.0377555132532414,4.448457206389557,1.2657885415337375,1.2391793525514778,1.5429244933392887,0,0,0,0,0,0,0,0,0,0,0,0,0,0,0,0,0,0,0,0,0,0,0,0,0,0,0,0,0,0,0,0,0,0
1616.6666666666658,0_1_tpose_0,1.7949288773494243,3.01774090358492,3.356501105340687,2.8272330308023115,6.322770821315848,2.723730280170098,3.751594555917592,5.638438671871665,0.7996275933861713,4.239359879422918,-0.7741912376505214,5.17132580497299,3.9106792353613287,4.696783081674765,1.311715887976481,1.2370982715203622,1.5548426476877797,0,0,0,0,0,0,0,0,0,0,0,0,0,0,0,0,0,0,0,0,0,0,0,0,0,0,0,0,0,0,0,0,0,0
1633.3333333333323,0_1_tpose_0,1.7717221110843615,2.9899453201088617,3.2770128522185766,2.8855460245696074,6.075109839845421,2.8209834160436897,3.5472308848754093,6.230781111008591,0.7228335393942176,4.476528860096142,-1.1064721183197177,5.026903808470788,3.781680760046672,5.044059872485833,1.3493185007450352,1.2063249688737174,1.6317965727822494,0,0,0,0,0,0,0,0,0,0,0,0,0,0,0,0,0,0,0,0,0,0,0,0,0,0,0,0,0,0,0,0,0,0
1649.999999999999,0_1_tpose_0,1.735406936065966,3.060390000366969,3.0593652246045755,2.9600881166554385,5.542924979820121,2.845405017828625,3.4326481335838235,6.865753362030921,0.6285880185632862,4.8653764992823385,-1.3706480089365516,4.7452774009091225,3.610919706070432,5.5117717972402005,1.4044762615813118,1.1701600234734042,1.8032879450527783,0,0,0,0,0,0,0,0,0,0,0,0,0,0,0,0,0,0,0,0,0,0,0,0,0,0,0,0,0,0,0,0,0,0
1666.6666666666656,0_1_tpose_0,1.6861229837269955,3.1400697261965176,2.860130237950018,2.9285132742557183,4.837842545440177,2.936448203719074,3.41966185269039,7.4803211336220095,0.515183409544947,5.334651668794926,-1.5075374475548136,4.391399304293142,3.321714439684309,5.8700550069802135,1.5133542487604843,1.1676950650335405,2.001314913702469,0,0,0,0,0,0,0,0,0,0,0,0,0,0,0,0,0,0,0,0,0,0,0,0,0,0,0,0,0,0,0,0,0,0
1683.3333333333323,0_1_tpose_0,1.628291523200021,3.1610963250632604,2.713291604619194,2.71243983692572,4.377484834247968,3.1978246784229336,3.5750026854188586,8.018897027389903,0.387576715869124,5.748472394579915,-1.5388251575116492,4.169591739309158,3.043249190547631,6.040756629090668,1.6578694903195428,1.2133340740966816,2.0402433404455587,0,0,0,0,0,0,0,0,0,0,0,0,0,0,0,0,0,0,0,0,0,0,0,0,0,0,0,0,0,0,0,0,0,0
1699.9999999999989,0_1_tpose_0,1.574142341752668,3.069389080950524,2.6007838405117965,2.528520175307201,4.13012483389603,3.616227944567723,3.937065505487528,8.44727189006975,0.2585672492828627,6.070325063894285,-1.5104824990097006,4.077039087862984,2.871771429981584,6.163144380975227,1.7755490141326256,1.2649588844921351,1.9189205012250568,0,0,0,0,0,0,0,0,0,0,0,0,0,0,0,0,0,0,0,0,0,0,0,0,0,0,0,0,0,0,0,0,0,0
1716.6666666666656,0_1_tpose_0,1.5328277802898045,2.875542954236088,2.4976163141865846,2.3971681974574905,4.0229241644346745,4.010625508098038,4.350343583031548,8.730219383248963,0.1452204819164538,6.332998587027964,-1.44457028545489,4.014269705489075,2.746304468405635,6.292434145501822,1.8540766141766023,1.2741410331015626,1.8124061611868725,0,0,0,0,0,0,0,0,0,0,0,0,0,0,0,0,0,0,0,0,0,0,0,0,0,0,0,0,0,0,0,0,0,0
1733.333333333332,0_1_tpose_0,1.4774495097420044,2.606602042213555,2.3771828514335405,2.2934384927002123,3.95659051640684,4.301511397438631,4.710239377071481,8.848348043536003,0.0611470439529712,6.5740281831556855,-1.359265298047734,3.879205894197531,2.611332309441806,6.419379714946975,1.9066949052327309,1.2218428885464845,1.7786820204756963,0,0,0,0,0,0,0,0,0,0,0,0,0,0,0,0,0,0,0,0,0,0,0,0,0,0,0,0,0,0,0,0,0,0
1749.9999999999989,0_1_tpose_0,1.3783642391603603,2.385893377116408,2.252543108838104,2.1635126526408466,3.7355156727154553,4.439909621579089,5.021130295141128,8.83645038340916,0.0102353045616467,6.838783500653417,-1.2882660431685364,3.668531373461453,2.4918000307192028,6.5125316475764485,1.9593111724068848,1.166345313074147,1.7648993804998554,0,0,0,0,0,0,0,0,0,0,0,0,0,0,0,0,0,0,0,0,0,0,0,0,0,0,0,0,0,0,0,0,0,0
1766.6666666666654,0_1_tpose_0,1.235516871500336,2.3670063664453256,2.1215941865691392,2.018761730261206,3.3079711003650965,4.423306042495334,5.2625959685846855,8.768979280301576,-0.0163519787791415,7.190318446389854,-1.2576986530182976,3.4586604542933075,2.435098482559024,6.533619951027531,2.0231582814021416,1.1330211606351128,1.7820074708618394,0,0,0,0,0,0,0,0,0,0,0,0,0,0,0,0,0,0,0,0,0,0,0,0,0,0,0,0,0,0,0,0,0,0
1783.333333333332,0_1_tpose_0,1.0644380136263594,2.525581334847068,1.9896239348701312,1.9248732188278532,2.944678057512069,4.329236080172225,5.383872936290691,8.72548902288983,-0.0363199175420945,7.639196351193391,-1.2601867854899167,3.335948273067326,2.457360779257379,6.523801239591373,2.0884520693849837,1.1086081079072063,1.8470828021075532,0,0,0,0,0,0,0,0,0,0,0,0,0,0,0,0,0,0,0,0,0,0,0,0,0,0,0,0,0,0,0,0,0,0
1799.9999999999984,0_1_tpose_0,0.9115835149742022,2.494989296061979,1.8635074836235097,1.9143928709508955,2.791842111543678,4.29322918322553,5.406705410332172,8.765783257824962,-0.0611433159353539,8.140216000098045,-1.250243529437571,3.354177490255177,2.5434539299441337,6.549035191899735,2.141739196658308,1.099072854306792,1.9084058169160776,0,0,0,0,0,0,0,0,0,0,0,0,0,0,0,0,0,0,0,0,0,0,0,0,0,0,0,0,0,0,0,0,0,0
1816.6666666666647,0_1_tpose_0,0.8362617700845673,2.436508947467018,1.7097873140778082,1.985459733742856,2.81823462646257,4.418383726010946,5.458932826710912,8.896018162294528,-0.0838986948516551,8.724482618584064,-1.1549289793725162,3.497891452090974,2.566151663705838,6.566523478649865,2.1763503402233138,1.2105373813999336,1.9751320484883967,0,0,0,0,0,0,0,0,0,0,0,0,0,0,0,0,0,0,0,0,0,0,0,0,0,0,0,0,0,0,0,0,0,0
1833.333333333332,0_1_tpose_0,0.8509271099953974,2.5703809580421875,1.4844750444090025,2.014515863510979,2.803811727747981,4.609230258503727,5.665854215965396,8.741739941697105,-0.0993571614562045,9.392082255167123,-0.918356867410234,3.353849950866853,2.461846470030608,6.512550471927722,2.172523933845372,1.3786970347979592,2.1025324603937974,0,0,0,0,0,0,0,0,0,0,0,0,0,0,0,0,0,0,0,0,0,0,0,0,0,0,0,0,0,0,0,0,0,0
1849.9999999999984,0_1_tpose_0,0.7783079548830056,2.7654791474122105,1.2292012633270544,2.033241190508252,2.730938760776397,4.601477261697529,5.961909524146403,8.502928904175546,-0.1131858900184357,9.985387460761055,-0.5452964995833239,3.21632902652248,2.3823310018698507,6.346196699364253,2.1411953093696385,1.5360853662603722,2.236328679161809,0,0,0,0,0,0,0,0,0,0,0,0,1,1,0,0,0,0,0,0,0,0,0,0,0,0,0,0,0,0,0,0,0,0
1866.666666666665,0_1_tpose_0,0.682977422310334,2.7802170276465104,1.0354310265745488,1.9769951807895847,2.61210027653325,4.547404865692125,6.372025178764753,8.247226827061692,-0.105962296428274,10.422011704014167,-0.0894642497365227,3.3234337943108243,2.43935860859976,6.063817790898573,2.090614950189628,1.6863647310997842,2.2598817693729814,0,0,0,0,0,0,0,0,0,0,0,0,1,1,0,0,0,0,0,0,0,0,0,0,0,0,0,0,0,0,0,0,0,0
1883.333333333332,0_1_tpose_0,0.6147618134814564,2.551150670682839,0.9620532182826116,1.925246007490062,2.4705361791924885,4.530708824946903,6.839816246442186,7.991659897746949,-0.0350822844113524,10.61482580337896,0.3671148828351186,3.5122171620549203,2.634037196382545,5.692752075953949,2.0222871254259704,1.8236016105649693,2.209135583731337,0,0,0,0,0,0,0,0,0,0,0,0,1,1,0,0,0,0,0,0,0,0,0,0,0,0,0,0,0,0,0,0,0,0
1899.999999999998,0_1_tpose_0,0.5891856221293763,2.3320640396324204,0.9467040836254332,1.9598684212019173,2.478446329488982,4.476411222181455,7.145957792117196,7.741608068581232,0.1046763256536709,10.419838516790694,0.7308820432954677,3.818432631743383,2.930907003958355,5.290326763147345,1.9348468489728765,1.8864015541383947,2.2299241067801687,0,0,0,0,0,0,0,0,0,0,0,0,1,1,0,0,0,0,0,0,0,0,0,0,0,0,0,0,0,0,0,0,0,0
1916.6666666666647,0_1_tpose_0,0.5837084236035086,2.1500663471393504,0.936617413617532,2.134380016921244,2.887862425077134,4.390778791177072,7.184812230131368,7.49836748882127,0.263854992272052,9.890129420668138,0.9505310849809894,4.071245971395685,3.2885353370249417,4.929458158420104,1.839873201922478,1.88029611478796,2.33742278759142,0,0,0,0,0,0,0,0,0,0,0,0,1,1,0,0,0,0,0,0,0,0,0,0,0,0,0,0,0,0,0,0,0,0
1933.333333333332,0_1_tpose_0,0.5895226294927376,2.207970895845873,0.9890686519207328,2.438050734373659,3.477327104378005,4.314740604938184,7.381317096006124,7.270573712253142,0.3967637900226473,9.334313828002855,1.0532891663671102,4.103596881848784,3.5295106051072667,4.669338067656609,1.7622946058479834,1.9256868508244431,2.5455669685455966,0,0,0,0,0,0,0,0,0,0,0,0,1,1,0,0,0,0,0,0,0,0,0,0,0,0,0,0,0,0,0,0,0,0
1949.999999999998,0_1_tpose_0,0.6020678944619802,2.5290518347595,1.0739239247018657,2.676139198587688,4.112714856307301,4.192998305160947,7.652496188656695,7.07280609281082,0.507414810980941,8.83527629045281,1.111433589285151,4.041347367079575,3.6175888321131455,4.486789707963012,1.7136584482797812,2.014257700300172,2.7911333069357687,0,0,0,0,0,0,0,0,0,0,0,0,1,1,0,0,0,0,0,0,0,0,0,0,0,0,0,0,0,0,0,0,0,0
1966.6666666666647,0_1_tpose_0,0.6248504505184748,2.828648388334466,1.1435914280112456,2.8564298474749714,4.572470138465059,3.962680312224415,7.897298688853678,6.898091935669459,0.6223150440340334,8.390578179159633,1.183051877650693,4.007241268218968,3.660960359893099,4.334156480410182,1.6689081406255677,2.106453329613363,2.953343901772847,0,0,0,0,0,0,0,0,0,0,0,0,1,1,0,0,0,0,0,0,0,0,0,0,0,0,0,0,0,0,0,0,0,0
1983.3333333333312,0_1_tpose_0,0.6616326192485843,2.973462886802307,1.1643937660567665,2.942027280543729,4.745294546121894,3.650362672894226,8.098558913354328,6.6871787677112025,0.7436244492994194,7.998294672044121,1.2825250769883667,3.9923220427346258,3.657837121504613,4.190651235562005,1.5744546843156089,2.151186153782338,2.997390756692541,0,0,0,0,0,0,0,0,0,0,0,0,1,1,0,0,0,0,0,0,0,0,0,0,0,0,0,0,0,0,0,0,0,0
1999.9999999999973,0_1_tpose_0,0.7148812495114173,3.0021788572130577,1.1214799226369612,2.9350174814573142,4.704606320162606,3.405684433946971,8.245470099776785,6.3484123796603775,0.8444281431847589,7.660615910425016,1.3907475180344335,3.915389639960424,3.5322274774252644,4.0719760562463065,1.4949594187382047,2.0933450612765783,3.064339812512874,0,0,0,0,0,0,0,0,0,0,0,0,1,1,0,0,0,0,0,0,0,0,0,0,0,0,0,0,0,0,0,0,0,0
2016.6666666666645,0_1_tpose_0,0.7889370111830143,2.96503998295522,1.082364136602084,2.9271695825904764,4.803771040458821,3.3091005875576758,8.287889961312839,5.847489440545366,0.8935441959206563,7.359883749311489,1.4774997824593643,3.733005141435733,3.317762778994317,4.0428594225208325,1.4560282931041195,2.0510805817994884,3.268575603641916,0,0,0,0,0,0,0,0,0,0,0,0,1,1,0,0,0,0,0,0,0,0,0,0,0,0,0,0,0,0,0,0,0,0
2033.333333333331,0_1_tpose_0,0.8820624848586511,2.8708738248788226,1.1015790532275724,2.950045549975081,5.050131002009086,3.2778002573890497,8.164851469938407,5.271689940879309,0.8879884015258401,7.050221936374971,1.5194397527978896,3.4742591669283733,3.165028980390143,4.095660339600074,1.409416957209289,2.099350754641537,3.5371165741818813,0,0,0,0,0,0,0,0,0,0,0,0,1,1,0,0,0,0,0,0,0,0,0,0,0,0,0,0,0,0,0,0,0,0
2049.9999999999977,0_1_tpose_0,0.9803605773166828,2.802417126798341,1.1713431802694845,2.993503136866289,5.324095246631751,3.1830774743182326,7.882405886712471,4.827666127571629,0.8682369481730294,6.677427395155152,1.505176273870784,3.326560609985357,3.152894009864892,4.144450551903741,1.3373732079790297,2.156619416300378,3.7315776169039134,0,0,0,0,0,0,0,0,0,0,0,0,1,1,0,0,0,0,0,0,0,0,0,0,0,0,0,0,0,0,0,0,0,0
2066.666666666664,0_1_tpose_0,1.072860973314803,2.7472438727310484,1.2881542639271706,3.0247956950057384,5.547169712767351,2.9876671888610646,7.561609384237838,4.650093529052816,0.8809998647846717,6.186975454076859,1.4210649152784671,3.4281767435240806,3.243131790658679,4.181434560974736,1.3454387951426148,2.0798055916107367,3.75543165892586,0,0,0,0,0,0,0,0,0,0,0,0,1,1,0,0,0,0,0,0,0,0,0,0,0,0,0,0,0,0,0,0,0,0
2083.3333333333308,0_1_tpose_0,1.1610236127674227,2.58569690602634,1.4475824578245495,3.0009847440541555,5.6739537806843785,2.792061378522562,7.349130130907948,4.548830540542204,0.9276966569869692,5.558767434070716,1.2543071021249288,3.6462242215715936,3.2644132785126354,4.201566818565953,1.3933408380686712,2.093420598906594,3.821865819703523,0,0,0,0,0,0,0,0,0,0,0,0,1,1,0,0,0,0,0,0,0,0,0,0,0,0,0,0,0,0,0,0,0,0
2099.999999999997,0_1_tpose_0,1.260182434317751,2.4907914805309304,1.6005095779910967,3.0229877507144223,5.6937426295048335,2.6925212779117045,7.280815460386314,4.231474147179916,0.9630837301477604,4.87139606735499,1.0183923559180408,3.779763100982392,3.2062462857485707,4.212831595919337,1.4267070020888737,2.166347774976983,3.949810704406913,0,0,0,0,0,0,0,0,0,0,0,0,1,1,0,0,0,0,0,0,0,0,0,0,0,0,0,0,0,0,0,0,0,0
2116.666666666664,0_1_tpose_0,1.402728737245647,2.481617971979305,1.696100075768125,3.097415956359598,5.624133154214013,2.6154259246101432,7.255800982234375,3.825320831301677,0.936069089716954,4.276056349833254,0.7531288734507359,3.693313602943805,3.1324947620020662,4.242888770404665,1.4119902397615598,2.2304654020259758,4.089181676468763,0,0,0,0,0,0,0,0,0,0,0,0,1,1,0,0,0,0,0,0,0,0,0,0,0,0,0,0,0,0,0,0,0,0
2133.3333333333303,0_1_tpose_0,1.599365206843285,2.5620366541812025,1.7168260702151434,3.017989730022599,5.675816313619905,2.508598850125211,7.177551567365784,3.434049552688218,0.8290916243589042,3.928470149262688,0.5035299253128553,3.4027068902401565,2.907122624195688,4.323925047990147,1.3535201785381257,2.257398698566901,4.083916820360872,0,0,0,0,0,0,0,0,0,0,0,0,1,1,0,0,0,0,0,0,0,0,0,0,0,0,0,0,0,0,0,0,0,0
2149.999999999997,0_1_tpose_0,1.816764822547891,2.5859582408924964,1.699076009840602,2.743544030347371,5.8068193036782825,2.448265875113442,7.118632125952633,3.062426746519003,0.6677506405240707,3.879988446687414,0.3080450252709219,3.044936324023466,2.524751386303578,4.469358161579306,1.2994950774291238,2.2579167532932245,3.8089125343239214,0,0,0,0,0,0,0,0,0,0,0,0,1,1,0,0,0,0,0,0,0,0,0,0,0,0,0,0,0,0,0,0,0,0
2166.666666666664,0_1_tpose_0,2.0119485646782858,2.582878168023189,1.6785804970074127,2.485402575830045,5.579236895018475,2.397333836177894,7.134245183549757,2.713515630541292,0.5021599294154565,3.936372537933173,0.1924726500116666,2.798954170288063,2.174898543143765,4.642210730045268,1.2489390792245427,2.2126436171448947,3.4390586381511774,0,0,0,0,0,0,0,0,0,0,0,0,1,1,0,0,0,0,0,0,0,0,0,0,0,0,0,0,0,0,0,0,0,0
2183.3333333333303,0_1_tpose_0,2.1288890264746843,2.422651140182308,1.6342023858408652,2.2953861633646406,5.038384630216565,2.2998500330286804,6.863650962331072,2.468314461096354,0.3697837802348339,3.78270325726878,0.1529754908191097,2.693257885079457,1.9300058894842504,4.745958656977422,1.2214189561413948,2.126108081980288,3.1038169235496342,0,0,0,0,0,0,0,0,0,0,0,0,1,1,0,0,0,0,0,0,0,0,0,0,0,0,0,0,0,0,0,0,0,0
2199.9999999999973,0_1_tpose_0,2.152144166167218,2.1839830199669144,1.578778508420865,2.1269842882741035,4.544135205767237,2.1820697045177564,6.490483670634139,2.357311447436824,0.258195417576666,3.7003151191733528,0.1368431926594343,2.619558449021007,1.7458529759502746,4.737815192225581,1.239007770980109,2.014571555829356,2.8508135863938286,0,0,0,0,0,0,0,0,0,0,0,0,1,1,0,0,0,0,0,0,0,0,0,0,0,0,0,0,0,0,0,0,0,0
2216.666666666664,0_1_tpose_0,2.138302463403312,1.953985309375784,1.5475793140358027,1.9920027337922772,4.1357572911579785,2.08984495876455,6.084811060147657,2.310451395890463,0.1205162776372577,3.637069027095821,0.0745953488448451,2.5028734646276227,1.5957182451884109,4.678516839806451,1.3029193457646209,1.9124143227726136,2.782286185277305,0,0,0,0,0,0,0,0,0,0,0,0,1,1,0,0,0,0,0,0,0,0,0,0,0,0,0,0,0,0,0,0,0,0
2233.3333333333303,0_1_tpose_0,2.124803714581477,1.801185862356992,1.570985759888161,2.019533366995929,3.859087073262261,2.0638586626512483,5.690529543213582,2.264232272279498,-0.0630740588605719,3.5654325475589324,-0.0525797301515284,2.372775581610143,1.4925812967517755,4.635102616173312,1.4249043435590805,1.8951383012361616,2.9419186406057243,0,0,0,0,0,0,0,0,0,0,0,0,0,0,0,0,0,0,0,0,0,0,0,0,0,0,0,0,0,0,0,0,0,0
2249.999999999997,0_1_tpose_0,2.0938522973926923,1.7355034152745992,1.642419839966022,2.1813453146506454,3.9672602542307023,2.0469882400763533,5.341126599062494,2.233963922245215,-0.2635564550876031,3.5108133900058704,-0.2130581660534791,2.30186300835232,1.4575225409051071,4.597252424118001,1.5201695003232345,1.9502591402916352,3.1909112384404037,0,0,0,0,0,0,0,0,0,0,0,0,0,0,0,0,0,0,0,0,0,0,0,0,0,0,0,0,0,0,0,0,0,0
2266.666666666664,0_1_tpose_0,2.0728403775766258,1.6707979530644046,1.6958058378902034,2.3217976283213897,4.141890671921435,1.9871091482573977,5.040914070665868,2.264086739201493,-0.4386577301137687,3.499056313874116,-0.3811075997571515,2.3558072915116366,1.4812456330894546,4.546078428365612,1.5773598506514703,1.963840916526842,3.3641127331120413,0,0,0,0,0,0,0,0,0,0,0,0,0,0,0,0,0,0,0,0,0,0,0,0,0,0,0,0,0,0,0,0,0,0
2283.3333333333303,0_1_tpose_0,2.127515052244113,1.679368248623364,1.6862285150470548,2.390906406141449,4.144223924579883,1.9266047263839616,4.780469633471554,2.36220073712267,-0.5779870781461666,3.5156515647890587,-0.554830278684251,2.499973712816336,1.494182185962586,4.388237614271256,1.6664668188468394,1.9566339074496617,3.469517940963165,0,0,0,0,0,0,0,0,0,0,0,0,0,0,0,0,0,0,0,0,0,0,0,0,0,0,0,0,0,0,0,0,0,0
2299.999999999997,0_1_tpose_0,2.261913091918588,1.870503779400241,1.6461887377548547,2.435179651334208,4.031299847986199,1.9112296213062092,4.591801845971067,2.4495924859042564,-0.7054270594363119,3.5249150016753177,-0.7215247982812458,2.535567796699308,1.4755082291878092,4.106724209243287,1.802334039984373,2.0331359159395674,3.564610788390304,0,0,0,0,0,0,0,0,0,0,0,0,0,0,0,0,0,0,0,0,0,0,0,0,0,0,0,0,0,0,0,0,0,0
2316.666666666664,0_1_tpose_0,2.417363000878609,1.97542372828882,1.6218189427598304,2.4591170875831865,3.921000380798583,1.9631319339353184,4.538549218724479,2.4663866109976595,-0.8183682695444734,3.512985490624359,-0.8239508919045822,2.355601649222476,1.44767436440979,3.807066956854408,1.866047994485994,2.1317678499921167,3.6411792369745646,0,0,0,0,0,0,0,0,0,0,0,0,0,0,0,0,0,0,0,0,0,0,0,0,0,0,0,0,0,0,0,0,0,0
2333.33333333333,0_1_tpose_0,2.536739236198694,2.02016269890288,1.6383545822163896,2.418474476677789,3.8604817396547655,2.0978809039435578,4.4571930410337215,2.445932934459857,-0.8635407713625601,3.52277825057094,-0.7955029480025163,2.129545092121429,1.4617686468799729,3.5883591846737843,1.906870970560317,1.977418178340512,3.521120158376085,0,0,0,0,0,0,0,0,0,0,0,0,0,0,0,0,0,0,0,0,0,0,0,0,0,0,0,0,0,0,0,0,0,0
2349.9999999999964,0_1_tpose_0,2.6102723568390824,2.2058384803381608,1.682909160006942,2.465741008161772,3.802428271449152,2.2615241037084703,4.2606294959119175,2.521358417068288,-0.8109240390530718,3.611967085050837,-0.6414750047639984,2.091607814819188,1.5522562918599652,3.4324589020625607,1.975847738828454,1.7528915823395494,3.3566627891594685,0,0,0,0,0,0,0,0,0,0,0,0,0,0,0,0,0,0,0,0,0,0,0,0,0,0,0,0,0,0,0,0,0,0
2366.666666666664,0_1_tpose_0,2.6547589942368552,2.424500341754312,1.7116128968727802,2.5841250178293063,3.817430607257269,2.423295107874152,3.923169026471383,2.648023549369696,-0.7004236182031691,3.772954095364082,-0.4446593034333768,2.3208651683096333,1.6833408739019458,3.2481365009038976,2.0732232712491943,1.5563708652671902,3.24429676240698,0,0,0,0,0,0,0,0,0,0,0,0,0,0,0,0,0,0,0,0,0,0,0,0,0,0,0,0,0,0,0,0,0,0
2383.33333333333,0_1_tpose_0,2.7166823610400885,2.6329837098840816,1.6915129144705852,2.7382254593580657,3.8611932433688048,2.555000367734465,3.5784003213303794,2.7819236627942927,-0.5863939354709742,3.9708149149070167,-0.2801572722906164,2.697972109699714,1.8688831156307013,3.0174436981636257,2.1684318222393024,1.381720450898308,3.201440876129147,0,0,0,0,0,0,0,0,0,0,0,0,0,0,0,0,0,0,0,0,0,0,0,0,0,0,0,0,0,0,0,0,0,0
2399.9999999999964,0_1_tpose_0,2.8271561215637857,2.863894740240716,1.7237388417148192,2.8959290876966275,3.831572794309777,2.590342375384952,3.3796648189305984,2.934328804034291,-0.4842815198327709,4.138966661791467,-0.1647319297649619,3.0299787923738064,2.07242578303625,2.808225228248284,2.218548690556064,1.2716715371852367,3.201676282317988,0,0,0,0,0,0,0,0,0,0,0,0,0,0,0,0,0,0,0,0,0,0,0,0,0,0,0,0,0,0,0,0,0,0
2416.666666666663,0_1_tpose_0,2.98499336528823,3.206423721944047,1.7913308118870053,2.916974119120741,3.8383598696108985,2.5139981138186704,3.4219880651453813,3.1409961549719165,-0.397540367651346,4.279260278956448,-0.0891856482473373,3.1675383772967765,2.157896261047899,2.611862857400992,2.2196345227071963,1.2644565339421323,3.188733085511774,0,0,0,0,0,0,0,0,0,0,0,0,0,0,0,0,0,0,0,0,0,0,0,0,0,0,0,0,0,0,0,0,0,0
2433.3333333333294,0_1_tpose_0,3.179703562476602,3.6016006076897686,1.810888655485246,2.887087090812914,3.7422417065606295,2.398394361523197,3.400512129097818,3.3951240716832443,-0.3487974554438445,4.430587939984257,-0.0452443732379351,3.1871644336481677,2.1678225680976544,2.47052885782114,2.1366478281720376,1.2554771857669718,3.144713872115831,0,0,0,0,0,0,0,0,0,0,0,0,0,0,0,0,0,0,0,0,0,0,0,0,0,0,0,0,0,0,0,0,0,0
2449.9999999999964,0_1_tpose_0,3.3880849015436043,3.8715569580663063,1.8023358166958083,2.95942240116594,3.4841483422155166,2.282350018057708,3.182174271511736,3.672384976401001,-0.342474298960483,4.350684891924148,-0.0040170726736903,3.2630597441976072,2.221834024621373,2.470494711122131,2.0120855586500457,1.2595518577257758,3.174654926359825,0,0,0,0,0,0,0,0,0,0,0,0,0,0,0,0,0,0,0,0,0,0,0,0,0,0,0,0,0,0,0,0,0,0
2466.666666666663,0_1_tpose_0,3.5499394058802087,4.14886992045733,1.8188937850443512,3.146352006237257,3.346101464199351,2.2319665910444773,2.8584095087657277,3.915272600143428,-0.338881791791274,4.179547568753725,0.0767022513792385,3.4155817564792126,2.309800673841848,2.4750815992002533,1.9280124942234904,1.3149760341950132,3.2082866394225973,0,0,0,0,0,0,0,0,0,0,0,0,0,0,0,0,0,0,0,0,0,0,0,0,0,0,0,0,0,0,0,0,0,0
2483.3333333333294,0_1_tpose_0,3.641228473854992,4.5327937007291705,1.8652835702756163,3.271391296501439,3.385991338826912,2.2452341406113083,2.4720224707435143,4.068752248821911,-0.3005499972058423,3.961912153297888,0.2025446573266767,3.51887129976729,2.357416324601733,2.3737970198233964,1.9103187049682488,1.377118820255651,3.1560021416546955,0,0,0,0,0,0,0,0,0,0,0,0,0,0,0,0,0,0,0,0,0,0,0,0,0,0,0,0,0,0,0,0,0,0
2499.999999999996,0_1_tpose_0,3.690638255410081,4.913108341244921,1.901285755503667,3.269864851491483,3.320968507593718,2.266012606981744,2.072310296459283,4.182421731644488,-0.22834491241148,3.695069126015233,0.3465963732878599,3.4545235872851165,2.320255589985125,2.2481163588603885,1.9149132359373016,1.410908350027478,2.97153806102484,0,0,0,0,0,0,0,0,0,0,0,0,0,0,0,0,0,0,0,0,0,0,0,0,0,0,0,0,0,0,0,0,0,0
2516.6666666666624,0_1_tpose_0,3.692077670382608,5.154915894162013,1.9024155522557704,3.181513768337219,3.08982599585491,2.259067468554148,1.7656053525309696,4.364936383420698,-0.1423004829276168,3.3905550658509083,0.5029522303922616,3.3562203905188475,2.277927102639294,2.1889200145791965,1.905720873302581,1.418106679531889,2.639925034244965,0,0,0,0,0,0,0,0,0,0,0,0,0,0,0,0,0,0,0,0,0,0,0,0,0,0,0,0,0,0,0,0,0,0
2533.3333333333294,0_1_tpose_0,3.5976740658660247,5.152396203510127,1.8825445249267347,3.066424347929774,2.7369694971071814,2.221551991917165,1.6448223761574112,4.652373883881111,-0.0532947764463288,3.116758192866288,0.6905641747050681,3.386066888415905,2.35788694391175,2.251632821858233,1.8856528917401103,1.378086086007423,2.247687686317015,0,0,0,0,0,0,0,0,0,0,0,0,0,0,0,0,0,0,0,0,0,0,0,0,0,0,0,0,0,0,0,0,0,0
2549.999999999996,0_1_tpose_0,3.407617948140703,5.087195245562948,1.854095448511095,2.937353295042866,2.3644565169101464,2.1936473146074285,1.7127664596375274,4.998154259784597,0.0297378206071315,2.983030914786334,0.8943984884293262,3.5584866319398305,2.5302715477857807,2.411677244891842,1.8761186835688115,1.254427678964803,1.9582546748179517,0,0,0,0,0,0,0,0,0,0,0,0,0,0,0,0,0,0,0,0,0,0,0,0,0,0,0,0,0,0,0,0,0,0
2566.6666666666624,0_1_tpose_0,3.173664456528586,5.190475016691822,1.8051740407519408,2.8545726936644926,2.1463981823280385,2.225607167316551,1.8057203222714568,5.348076971556969,0.0708878881670786,3.056284701973386,1.032563806711993,3.831244625966267,2.724253287554744,2.546407722997881,1.8719959268400723,1.1741413299938546,1.8314974808789837,0,0,0,0,0,0,0,0,0,0,0,0,0,0,0,0,0,0,0,0,0,0,0,0,0,0,0,0,0,0,0,0,0,0
2583.333333333329,0_1_tpose_0,3.0098254930026624,5.3214968520436665,1.716931118637378,2.872601055386183,2.053568570544356,2.315361774487059,1.9816082869849616,5.6436118892950375,0.0432405875791631,3.263467214519804,1.0219828254172847,4.0842718211700735,2.8700481147887515,2.531791468888186,1.8205204417458405,1.2074293534309652,1.772419550181416,0,0,0,0,0,0,0,0,0,0,0,0,0,0,0,0,0,0,0,0,0,0,0,0,0,0,0,0,0,0,0,0,0,0
2599.999999999996,0_1_tpose_0,2.98709159114416,5.160883185126172,1.5884857137686046,2.7692753679995614,2.0160695320767905,2.43512950624707,2.258375848224838,5.757384258532379,0.001756820347154,3.429458567429996,0.8751213755748228,4.170319446329507,2.9162541344799373,2.383576038107881,1.7083481766278896,1.228764072650685,1.6558611882890566,0,0,0,0,0,0,0,0,0,0,0,0,0,0,0,0,0,0,0,0,0,0,0,0,0,0,0,0,0,0,0,0,0,0
2616.6666666666624,0_1_tpose_0,2.969013301656169,4.926467050693091,1.4727261188589833,2.59057437549302,2.1038128732715755,2.5404326841769285,2.6345005257050245,5.726783224151407,0.0358560086389659,3.440506431049636,0.6907210449016163,4.044819762787106,2.8581709868555887,2.233882151259441,1.5827142831897698,1.2059290132573874,1.549429084466139,0,0,0,0,0,0,0,0,0,0,0,0,0,0,0,0,0,0,0,0,0,0,0,0,0,0,0,0,0,0,0,0,0,0
2633.333333333329,0_1_tpose_0,2.8531702789442224,4.743607943784014,1.487308515506046,2.408447148813676,2.109155423037322,2.5867843498016705,3.032419207398169,5.659258310694908,0.1501044936476464,3.2633649150853627,0.5499712298354792,3.7712808343872286,2.7259396590446427,2.196635903871867,1.4817875797144386,1.188379568214304,1.4944631736102083,0,0,0,0,0,0,0,0,0,0,0,0,0,0,0,0,0,0,0,0,0,0,0,0,0,0,0,0,0,0,0,0,0,0
2649.9999999999955,0_1_tpose_0,2.7050463755060776,4.477949815504591,1.5366126400523512,2.293098691275719,1.9937390665014365,2.604528838366857,3.341292661711209,5.555208442112244,0.2700715707901585,2.971874933345972,0.4596827486507432,3.4493478605053043,2.5758648860434823,2.273485446391234,1.4050285532942095,1.1900318553754463,1.5131365896836528,0,0,0,0,0,0,0,0,0,0,0,0,0,0,0,0,0,0,0,0,0,0,0,0,0,0,0,0,0,0,0,0,0,0
2666.666666666662,0_1_tpose_0,2.560481644345516,4.206480437329072,1.5536433848811917,2.260162282030493,1.839741427028336,2.663314587776689,3.4542086055908783,5.36610330974491,0.3515964562060752,2.702579475029875,0.3895794060996928,3.302110960783028,2.486264044580928,2.4251630626344967,1.3457158731884933,1.191473451012957,1.5422378960955272,0,0,0,0,0,0,0,0,0,0,0,0,0,0,0,0,0,0,0,0,0,0,0,0,0,0,0,0,0,0,0,0,0,0
2683.3333333333285,0_1_tpose_0,2.425145276405269,3.963636747322499,1.5494277178932283,2.215700419444031,1.7663699911053492,2.6802642462308635,3.393431734011961,5.051125150021436,0.4274795305156909,2.558612044817721,0.3222406909821636,3.283035337530587,2.4848601209895227,2.524977971543759,1.3101691017464665,1.1745124955643411,1.5492069948027802,0,0,0,0,0,0,0,0,0,0,0,0,0,0,0,0,0,0,0,0,0,0,0,0,0,0,0,0,0,0,0,0,0,0
2699.999999999996,0_1_tpose_0,2.294993853092506,3.685378471075664,1.5116143448500172,2.0653669104374144,1.7071775499516444,2.672374396264759,3.3845360928224357,4.633982517090128,0.5529110401688666,2.51628440646254,0.2531846385351889,3.2276205934252884,2.4830418013059585,2.496223114106389,1.2599948343439742,1.1251781914068149,1.4546858385915564,0,0,0,0,0,0,0,0,0,0,0,0,0,0,0,0,0,0,0,0,0,0,0,0,0,0,0,0,0,0,0,0,0,0
2716.666666666662,0_1_tpose_0,2.1614183851254336,3.401999123111154,1.433670156754406,1.7998449251279582,1.589293439012763,2.656567808346693,3.394781014900519,4.243454895466603,0.7401437524847071,2.5770587056273118,0.1731480697561171,3.1141054540754523,2.4539409209583907,2.53037739515247,1.1758186689598868,1.0393795957998024,1.283478027730126,0,0,0,0,0,0,0,0,0,0,0,0,0,0,0,0,0,0,0,0,0,0,0,0,0,0,0,0,0,0,0,0,0,0
2733.3333333333285,0_1_tpose_0,2.046704491817322,3.1703752860106014,1.3350265398120589,1.5024709279670243,1.4503165695453577,2.6618867867692906,3.505673249292759,3.989905802371088,0.9538396432083708,2.7334166250242315,0.0777267757664363,3.037599713847872,2.435261649692308,2.629043088081489,1.0760852103139142,0.9399357868995464,1.061438092538625,0,0,0,0,0,0,0,0,0,0,0,0,0,0,0,0,0,0,0,0,0,0,0,0,0,0,0,0,0,0,0,0,0,0
2749.999999999995,0_1_tpose_0,1.9944803220615368,2.9536648607163296,1.2364216490092166,1.2825097929258036,1.2943795817347372,2.7059878390730674,3.785246353649765,3.812601770563004,1.150963238861929,2.917149205514164,-0.0228804740965885,3.0734273633916342,2.458963119270673,2.74696883551057,0.9878409602416398,0.8718606359827081,0.8514613473740282,0,0,0,0,0,0,0,0,0,0,0,0,0,0,0,0,0,0,0,0,0,0,0,0,0,0,0,0,0,0,0,0,0,0
2766.666666666661,0_1_tpose_0,2.0032676576714903,2.7390419771666457,1.1638796855856874,1.168690417603087,1.1587158496846544,2.743498408254383,4.033569197555644,3.5601718162854854,1.3166318346427088,3.0444970625800054,-0.1187197008439116,3.0684114683484696,2.43954466145948,2.820237669539898,0.920199881965515,0.8376240077751015,0.7004913966733072,0,0,0,0,0,0,0,0,0,0,0,0,0,0,0,0,0,0,0,0,0,0,0,0,0,0,0,0,0,0,0,0,0,0
2783.3333333333285,0_1_tpose_0,2.0282345266081254,2.8843394792553774,1.1151700814477676,1.0988980519368623,1.1792218137644634,2.718716337900643,4.105190376373374,3.278282523251608,1.4632653544878482,3.0675582830021644,-0.2093655289335179,2.9101296746165213,2.269849038435232,2.755868028520488,0.8537515276120613,0.8064518725850282,0.6230932577527726,0,0,0,0,0,0,0,0,0,0,0,0,0,0,0,0,0,0,0,0,0,0,0,0,0,0,0,0,0,0,0,0,0,0
2799.999999999995,0_1_tpose_0,2.0457315444708724,3.15751893567827,1.073413722156647,1.041334578185976,1.389108657016224,2.6443571967832407,4.066299662124786,3.017839194145985,1.6029870930990633,2.972840813828338,-0.2902621220563907,2.6468380866114884,2.0128563122784,2.612991772647787,0.7703767310983372,0.7861140833107557,0.5580895284133184,0,0,0,0,0,0,0,0,0,0,0,0,0,0,0,0,0,0,0,0,0,0,0,0,0,0,0,0,0,0,0,0,0,0
2816.666666666661,0_1_tpose_0,2.058626464842194,3.3663565330816527,1.0580570339004869,0.9792383102039852,1.625135303257878,2.4952898468765987,4.123879407065714,2.7361804308797635,1.7238078847174985,2.757558386699129,-0.3461375722706571,2.3785528009969727,1.7897274555334808,2.513420562928084,0.6803279751415718,0.7382443013396655,0.5036875087336259,0,0,0,0,0,0,0,0,0,0,0,0,0,0,0,0,0,0,0,0,0,0,0,0,0,0,0,0,0,0,0,0,0,0
2833.333333333328,0_1_tpose_0,2.0686634964879733,3.4261102212634684,1.0768527072489067,0.9691948106628904,1.7848606716023587,2.286099357172944,4.236387835140307,2.429993335515133,1.7732276647193823,2.487030482494364,-0.3748703808777884,2.221485092089544,1.674742519489785,2.596775558938758,0.6133326517344512,0.6817149186315012,0.4808535993860696,0,0,0,0,0,0,0,0,0,0,0,0,0,0,0,0,0,0,0,0,0,0,0,0,0,0,0,0,0,0,0,0,0,0
2849.9999999999945,0_1_tpose_0,2.1293439393854454,3.341341695747292,1.1359179745273895,0.9727180598380688,1.8442499413502684,2.081623195404232,4.334571385064439,2.3582786707331573,1.682266884812311,2.317163661988461,-0.4035281857206181,2.1497237764618053,1.6370762465034283,2.8777391048095566,0.6068179319522982,0.6396960843852809,0.4777383771051421,0,0,0,0,0,0,0,0,0,0,0,0,0,0,0,0,0,0,0,0,0,0,0,0,0,0,0,0,0,0,0,0,0,0
2866.666666666661,0_1_tpose_0,2.238210598458021,3.4283621928013748,1.2354168556835232,0.9385821867050088,1.8049064477660208,1.9855565022038903,4.438863047166612,2.4447477784649063,1.4445977444462232,2.343009886448632,-0.4588592602676239,2.047028826774393,1.5891070955868107,3.220991960991338,0.6631739466759875,0.6314678635741466,0.4876120728588205,0,0,0,0,0,0,0,0,0,0,0,0,0,0,0,0,0,0,0,0,0,0,0,0,0,0,0,0,0,0,0,0,0,0
2883.333333333328,0_1_tpose_0,2.352480498314122,3.668238983851862,1.2949648551906587,0.9866736815303352,1.7228853343637822,2.0832284042069893,4.618796928041832,2.515965417131901,1.144131969512112,2.540208202911012,-0.5321818496348467,2.0727857862312598,1.5563831881645207,3.453881225572361,0.7590932510393975,0.6378185914618102,0.5003386485436517,0,0,0,0,0,0,0,0,0,0,0,0,0,0,0,0,0,0,0,0,0,0,0,0,0,0,0,0,0,0,0,0,0,0
2899.9999999999945,0_1_tpose_0,2.3950959840368657,3.950335005945361,1.3006338308675056,1.1289926050308814,1.6555550427551913,2.3225482063480776,4.941812367725074,2.539000411250137,0.8791962882997897,2.8452176480776954,-0.5894528504070649,2.3715766025346894,1.6541161644169793,3.485644941139048,0.8663203194565303,0.6409808762307541,0.4780480989787577,0,0,0,0,0,0,0,0,0,0,0,0,0,0,0,0,0,0,0,0,0,0,0,0,0,0,0,0,0,0,0,0,0,0
2916.666666666661,0_1_tpose_0,2.3649495556828213,3.978252801179207,1.293327794418769,1.2837012501553762,1.6447712092154276,2.5462776472090107,5.371752246808264,2.524851899361908,0.6866723832572901,3.2081151713171194,-0.6096869470606107,2.702064580974508,1.8168203845756783,3.35562819531277,0.970841168847466,0.7290460475900595,0.4366646579772335,0,0,0,0,0,0,0,0,0,0,0,0,0,0,0,0,0,0,0,0,0,0,0,0,0,0,0,0,0,0,0,0,0,0
2933.333333333328,0_1_tpose_0,2.297256867908042,3.830517682656976,1.3015112129887516,1.4151420015829683,1.637031044618816,2.716144515344552,5.725916362760066,2.5048082191966152,0.5339362890581338,3.5506066490444472,-0.6045508984822177,2.95793344486562,1.9382868753147544,3.3378167586932066,1.062157235793402,0.8690813901473773,0.4189695648933185,0,0,0,0,0,0,0,0,0,0,0,0,0,0,0,0,0,0,0,0,0,0,0,0,0,0,0,0,0,0,0,0,0,0
2949.9999999999945,0_1_tpose_0,2.2379959230547746,3.877589072740048,1.317186674362642,1.532877624339102,1.6258743695244926,2.840701681238344,5.799221698163544,2.5138014488782288,0.3620459538339354,3.7640365467678873,-0.5933258949206475,3.162565578873666,1.994537416606252,3.4231573866576053,1.1349171554666075,0.9722101850650088,0.4383975069893543,0,0,0,0,0,0,0,0,0,0,0,0,0,0,0,0,0,0,0,0,0,0,0,0,0,0,0,0,0,0,0,0,0,0
2966.666666666661,0_1_tpose_0,2.2054060192164666,3.989771253511067,1.3052358193146838,1.6535310746330316,1.625409535972313,2.912714458648212,5.845016581724006,2.5455951021769163,0.1425572744508801,3.730064834930612,-0.5680025489543267,3.339283092794438,1.989528719787491,3.388547811197851,1.1973066246465174,0.996859378334449,0.4387319310509932,0,0,0,0,0,0,0,0,0,0,0,0,0,0,0,0,0,0,0,0,0,0,0,0,0,0,0,0,0,0,0,0,0,0
2983.333333333328,0_1_tpose_0,2.1805188516370664,3.998684852761071,1.2937926440033376,1.7439804023380994,1.6095658583005878,2.859773302906838,5.964026062276316,2.598723031937762,-0.1066854607974863,3.817520025753568,-0.5100685354902279,3.460085007529926,1.9522457702769391,3.331309993934805,1.2584056198850253,0.9770458811007232,0.4235172037176582,0,0,0,0,0,0,0,0,0,0,0,0,1,2,0,0,0,0,0,0,0,0,0,0,0,0,0,0,0,0,0,0,0,0
2999.999999999994,0_1_tpose_0,2.140832346333799,3.943130461803127,1.319516445653556,1.7280073092074195,1.6072963063886287,2.736914803193702,6.166442326077341,2.677567292770896,-0.3558870075184693,3.971287301602822,-0.433197947278793,3.4507807214070256,1.896943028579283,3.3216640244222875,1.3208866906985328,0.9840896902534584,0.4186337243889969,0,0,0,0,0,0,0,0,0,0,0,0,1,2,0,0,0,0,0,0,0,0,0,0,0,0,0,0,0,0,0,0,0,0
3016.666666666661,0_1_tpose_0,2.0675915063925623,3.945412965211772,1.347493920809871,1.7765070597988075,1.6562979766345456,2.6821011041287366,6.470296669531658,2.8136777457001445,-0.5945121287469077,4.005127021931895,-0.3811722791510243,3.3666215676231386,1.829516574760329,3.2812087171667725,1.376771526731959,1.0589464252967766,0.4820897040530539,0,0,0,0,0,0,0,0,0,0,0,0,1,2,0,0,0,0,0,0,0,0,0,0,0,0,0,0,0,0,0,0,0,0
3033.333333333328,0_1_tpose_0,2.006961658751283,3.85524943993541,1.348755811757143,1.9525026250462123,1.7424493786305657,2.841051981894504,6.814350299241006,2.9692093549103467,-0.8203016522892401,3.879163426451368,-0.3851065571250211,3.4944267882992204,1.903645094938304,3.3423244072638347,1.4190127447809815,1.1625849462075872,0.6145329109170232,0,0,0,0,0,0,0,0,0,0,0,0,1,2,0,0,0,0,0,0,0,0,0,0,0,0,0,0,0,0,0,0,0,0
3049.999999999994,0_1_tpose_0,2.0438024955283423,3.817029945867894,1.3341637965946975,2.215144240206516,1.8743356944555505,3.325407686025127,7.0592308073117405,3.267842111933212,-1.007656591255691,4.033039264790426,-0.4356668984183126,3.819049345772352,2.105045402343556,3.575944026677401,1.4498167448940489,1.2154145085693342,0.7905882996838565,0,0,0,0,0,0,0,0,0,0,0,0,1,2,0,0,0,0,0,0,0,0,0,0,0,0,0,0,0,0,0,0,0,0
3066.6666666666606,0_1_tpose_0,2.2766694969557983,3.524992850664299,1.4162360769357452,2.382860923987717,1.9221765572541376,3.5035591228766743,7.054855444327033,3.679392456694564,-1.0720340920476965,4.196288358691674,-0.3607021932375226,4.007577904072352,2.181288559499975,3.9056797705179433,1.486105174999274,1.317874961871803,0.8767361856756125,0,0,0,0,0,0,0,0,0,0,0,0,1,2,0,0,0,0,0,0,0,0,0,0,0,0,0,0,0,0,0,0,0,0
3083.333333333328,0_1_tpose_0,2.4909677488892563,3.3674402835413195,1.4729309066503766,2.5165600544381133,2.051023998473568,3.631408868347709,6.9239341168770725,4.213592774852952,-1.0580549365276135,4.352817273976754,-0.2567268102594232,4.126024013625509,2.2367470816669126,4.101651088617942,1.5313586494833595,1.4172486264206476,0.962284434222203,0,0,0,0,0,0,0,0,0,0,0,0,1,2,0,0,0,0,0,0,0,0,0,0,0,0,0,0,0,0,0,0,0,0
3099.999999999994,0_1_tpose_0,2.559653040730265,3.416511436133252,1.525313464191535,2.626290133023729,2.304490282538797,3.663144160914804,6.662033165707513,4.631785519468749,-0.943368064444828,4.429426658371137,-0.1094084259115819,4.224847975819265,2.30408232336624,4.17210362973366,1.548731922895552,1.519778211967379,1.0528743532967324,0,0,0,0,0,0,0,0,0,0,0,0,1,2,0,0,0,0,0,0,0,0,0,0,0,0,0,0,0,0,0,0,0,0
3116.6666666666606,0_1_tpose_0,2.564406657904017,3.333245287865494,1.5839117711172392,2.7735823438784024,2.54238048661663,3.606942125064204,6.279686965397427,4.971896506417449,-0.7594629857199865,4.395166343289575,0.0680786270907207,4.422771714761829,2.4336298231742197,4.2312259884513885,1.5245587654334811,1.6139304250500417,1.1414317763336213,0,0,0,0,0,0,0,0,0,0,0,0,1,2,0,0,0,0,0,0,0,0,0,0,0,0,0,0,0,0,0,0,0,0
3133.333333333327,0_1_tpose_0,2.5907247378175047,3.095373208615763,1.6557243085687896,2.855089083507695,2.755411674279748,3.4836328891487893,5.794075477290697,5.32511448852669,-0.5643983117380399,4.287233481144453,0.2408483168069969,4.557551464958751,2.579562625969881,4.38479024241442,1.4698635976417842,1.7109982019942518,1.2322742572251968,0,0,0,0,0,0,0,0,0,0,0,0,0,0,0,0,0,0,0,0,0,0,0,0,0,0,0,0,0,0,0,0,0,0
3149.9999999999936,0_1_tpose_0,2.650341026565551,2.888681948196984,1.7442833759809149,2.84154738081359,3.0012143159220788,3.337709122089993,5.239385350197727,5.739071785465026,-0.3953732377609578,4.159241736078855,0.3794960298007561,4.50258494735696,2.6285928874051474,4.670493873308957,1.4065197086631989,1.814343256551616,1.3278466783881386,0,0,0,0,0,0,0,0,0,0,0,0,0,0,0,0,0,0,0,0,0,0,0,0,0,0,0,0,0,0,0,0,0,0
3166.66666666666,0_1_tpose_0,2.754585957898361,2.8772691124089493,1.8435719588210449,2.790453569690949,3.2979418128976934,3.2217568376840786,4.734267521498568,6.221905935697317,-0.2584157897973546,4.035362301289489,0.4802745942243841,4.3502031068994125,2.6241565179894213,5.093281124223142,1.3530579767561444,1.8325423172691764,1.4330709949058344,0,0,0,0,0,0,0,0,0,0,0,0,0,0,0,0,0,0,0,0,0,0,0,0,0,0,0,0,0,0,0,0,0,0
3183.333333333327,0_1_tpose_0,3.0361934314474994,2.8538972041787107,2.051487951246799,2.788273229419371,3.7662798226244822,3.2238388863604515,4.452419184723276,6.8100400151576,-0.0741388169008872,4.003096256330629,0.5715937932665824,4.27659742615541,2.728113482855272,5.647681535129139,1.3013633116044931,1.8598290237624024,1.5500919020236812,0,0,0,0,0,0,0,0,0,0,0,0,0,0,0,0,0,0,0,0,0,0,0,0,0,0,0,0,0,0,0,0,0,0
3199.999999999993,0_1_tpose_0,3.3178009049966373,2.830525295948472,2.2594039436725537,2.7860928891477927,4.234617832351272,3.225920935036823,4.170570847947985,7.398174094617886,0.11013815599558,3.97083021137177,0.6629129923087808,4.202991745411408,2.8320704477211223,6.2020819460351335,1.249668646452842,1.887115730255628,1.6671128091415284,0,0,0,0,0,0,0,0,0,0,0,0,0,0,0,0,0,0,0,0,0,0,0,0,0,0,0,0,0,0,0,0,0,0
3216.66666666666,0_1_tpose_0,3.599408378545775,2.807153387718233,2.467319936098308,2.783912548876214,4.702955842078062,3.2280029837131945,3.8887225111726935,7.98630817407817,0.2944151288920476,3.938564166412911,0.754232191350979,4.129386064667406,2.9360274125869728,6.756482356941128,1.1979739813011907,1.9144024367488537,1.7841337162593756,0,0,0,0,0,0,0,0,0,0,0,0,0,0,0,0,0,0,0,0,0,0,0,0,0,0,0,0,0,0,0,0,0,0
3233.3333333333267,0_1_tpose_0,3.8810158520949134,2.783781479487995,2.6752359285240623,2.781732208604636,5.171293851804851,3.230085032389566,3.606874174397402,8.574442253538454,0.478692101788515,3.906298121454052,0.8455513903931772,4.055780383923404,3.039984377452823,7.310882767847123,1.1462793161495397,1.9416891432420795,1.9011546233772223,0,0,0,0,0,0,0,0,0,0,0,0,0,0,0,0,0,0,0,0,0,0,0,0,0,0,0,0,0,0,0,0,0,0
3249.999999999993,0_1_tpose_0,4.162623325644051,2.760409571257756,2.8831519209498166,2.7795518683330576,5.63963186153164,3.232167081065938,3.325025837622112,9.16257633299874,0.6629690746849821,3.8740320764951934,0.9368705894353756,3.9821747031794015,3.1439413423186733,7.865283178753117,1.0945846509978885,1.9689758497353047,2.018175530495069,0,0,0,0,0,0,0,0,0,0,0,0,0,0,0,0,0,0,0,0,0,0,0,0,0,0,0,0,0,0,0,0,0,0
3266.66666666666,0_1_tpose_0,4.444230799193189,2.7370376630275173,3.0910679133755714,2.7773715280614795,6.107969871258431,3.234249129742309,3.04317750084682,9.750710412459023,0.8472460475814496,3.8417660315363342,1.0281897884775737,3.9085690224353993,3.247898307184524,8.419683589659112,1.0428899858462373,1.996262556228531,2.1351964376129167,0,0,0,0,0,0,0,0,0,0,0,0,0,0,0,0,0,0,0,0,0,0,0,0,0,0,0,0,0,0,0,0,0,0
3283.3333333333267,0_1_tpose_0,4.725838272742328,2.7136657547972787,3.2989839058013257,2.7751911877899014,6.57630788098522,3.236331178418681,2.7613291640715287,10.338844491919309,1.031523020477917,3.809499986577476,1.119508987519772,3.834963341691397,3.351855272050374,8.974084000565107,0.991195320694586,2.023549262721757,2.2522173447307634,0,0,0,0,0,0,0,0,0,0,0,0,0,0,0,0,0,0,0,0,0,0,0,0,0,0,0,0,0,0,0,0,0,0
