0,1
22753.655618884204,94046.0
22753.657691908913,94046.0
22753.65976493362,94046.0
22753.66183795833,94046.0
22753.66391098304,94046.0
22753.66598400775,94046.0
22753.668057032457,94047.0
22753.670130057166,94047.0
22753.672203081875,94047.0
22753.674276106583,94047.0
22753.676349131292,94047.0
22753.678422156,94047.0
22753.68049518071,94047.0
22753.68256820542,94047.0
22753.684641230127,94048.0
22753.686714254836,94048.0
22753.688787279545,94048.0
22753.690860304254,94048.0
22753.692933328963,94048.0
22753.69500635367,94048.0
22753.69707937838,94048.0
22753.69915240309,94048.0
22753.701225427798,94049.0
22753.703298452507,94049.0
22753.705371477216,94049.0
22753.707444501924,94049.0
22753.709517526633,94049.0
22753.711590551342,94049.0
22753.71366357605,94049.0
22753.71573660076,94049.0
22753.71780962547,94050.0
22753.719882650177,94050.0
22753.721955674886,94050.0
22753.724028699595,94050.0
22753.726101724304,94050.0
22753.728174749012,94050.0
22753.73024777372,94050.0
22753.732320798426,94050.0
22753.734393823135,94051.0
22753.736466847844,94051.0
22753.738539872553,94051.0
22753.74061289726,94051.0
22753.74268592197,94051.0
22753.74475894668,94051.0
22753.746831971388,94051.0
22753.748904996097,94051.0
22753.750978020806,94052.0
22753.753051045514,94052.0
22753.755124070223,94052.0
22753.757197094932,94052.0
22753.75927011964,94052.0
22753.76134314435,94052.0
22753.76341616906,94052.0
22753.765489193767,94052.0
22753.767562218476,94053.0
22753.769635243185,94053.0
22753.771708267894,94053.0
22753.773781292603,94053.0
22753.77585431731,94053.0
22753.77792734202,94053.0
22753.78000036673,94053.0
22753.782073391438,94053.0
22753.784146416147,94054.0
22753.786219440855,94054.0
22753.788292465564,94054.0
22753.790365490273,94054.0
22753.79243851498,94054.0
22753.79451153969,94054.0
22753.7965845644,94054.0
22753.79865758911,94054.0
22753.800730613817,94054.0
22753.802803638526,94055.0
22753.804876663235,94055.0
22753.806949687943,94055.0
22753.809022712652,94055.0
22753.81109573736,94055.0
22753.81316876207,94055.0
22753.81524178678,94055.0
22753.817314811487,94056.0
22753.819387836196,94056.0
22753.821460860905,94056.0
22753.823533885614,94056.0
22753.825606910323,94056.0
22753.82767993503,94056.0
22753.82975295974,94056.0
22753.83182598445,94056.0
22753.833899009158,94056.0
22753.835972033867,94057.0
22753.838045058576,94057.0
22753.840118083284,94057.0
22753.842191107993,94057.0
22753.844264132702,94057.0
22753.84633715741,94057.0
22753.84841018212,94057.0
22753.85048320683,94057.0
22753.852556231537,94058.0
22753.854629256246,94058.0
22753.856702280955,94058.0
22753.858775305664,94058.0
22753.860848330372,94058.0
22753.86292135508,94058.0
22753.86499437979,94058.0
22753.8670674045,94058.0
22753.869140429208,94059.0
22753.871213453916,94059.0
22753.873286478625,94059.0
22753.875359503334,94059.0
22753.877432528043,94059.0
22753.87950555275,94059.0
22753.88157857746,94059.0
22753.88365160217,94059.0
22753.885724626878,94060.0
22753.887797651587,94060.0
22753.889870676296,94060.0
22753.891943701004,94060.0
22753.894016725713,94060.0
22753.896089750422,94060.0
22753.89816277513,94060.0
22753.90023579984,94060.0
22753.90230882455,94060.0
22753.904381849257,94061.0
22753.906454873966,94061.0
22753.908527898675,94061.0
22753.910600923384,94061.0
22753.912673948093,94061.0
22753.9147469728,94061.0
22753.91681999751,94061.0
22753.91889302222,94061.0
22753.920966046928,94062.0
22753.923039071637,94062.0
22753.925112096345,94062.0
22753.927185121054,94062.0
22753.929258145763,94062.0
22753.931331170472,94062.0
22753.93340419518,94062.0
22753.93547721989,94062.0
22753.9375502446,94063.0
22753.939623269307,94063.0
22753.941696294016,94063.0
22753.943769318725,94063.0
22753.945842343433,94063.0
22753.947915368142,94063.0
22753.94998839285,94063.0
22753.95206141756,94063.0
22753.95413444227,94064.0
22753.956207466978,94064.0
22753.958280491686,94064.0
22753.960353516395,94064.0
22753.962426541104,94064.0
22753.964499565813,94064.0
22753.96657259052,94064.0
22753.96864561523,94064.0
22753.97071863994,94065.0
22753.972791664648,94065.0
22753.974864689357,94065.0
22753.976937714066,94065.0
22753.979010738774,94065.0
22753.981083763483,94065.0
22753.983156788192,94065.0
22753.9852298129,94065.0
22753.98730283761,94065.0
22753.98937586232,94066.0
22753.991448887027,94066.0
22753.993521911736,94066.0
22753.995594936445,94066.0
22753.997667961154,94066.0
22753.999740985862,94066.0
22754.00181401057,94066.0
22754.00388703528,94066.0
22754.00596005999,94067.0
22754.008033084698,94067.0
22754.010106109406,94067.0
22754.012179134115,94067.0
22754.014252158824,94067.0
22754.016325183533,94067.0
22754.01839820824,94067.0
22754.02047123295,94067.0
22754.02254425766,94068.0
22754.024617282368,94068.0
22754.026690307077,94068.0
22754.028763331786,94068.0
22754.030836356495,94068.0
22754.032909381203,94068.0
22754.034982405912,94068.0
22754.03705543062,94068.0
22754.03912845533,94069.0
22754.04120148004,94069.0
22754.043274504747,94069.0
22754.045347529456,94069.0
22754.047420554165,94069.0
22754.049493578874,94069.0
22754.051566603583,94069.0
22754.05363962829,94069.0
22754.055712653,94070.0
22754.05778567771,94070.0
22754.059858702418,94070.0
22754.061931727127,94070.0
22754.064004751835,94070.0
22754.066077776544,94070.0
22754.068150801253,94070.0
22754.070223825962,94070.0
22754.07229685067,94071.0
22754.07436987538,94071.0
22754.07644290009,94071.0
22754.078515924797,94071.0
22754.080588949506,94071.0
22754.082661974215,94071.0
22754.084734998924,94071.0
22754.086808023632,94071.0
22754.08888104834,94072.0
22754.09095407305,94072.0
22754.09302709776,94072.0
22754.095100122468,94072.0
22754.097173147176,94072.0
22754.099246171885,94072.0
22754.101319196594,94072.0
22754.103392221303,94072.0
22754.10546524601,94073.0
22754.10753827072,94073.0
22754.10961129543,94073.0
22754.111684320138,94073.0
22754.113757344847,94073.0
22754.115830369556,94073.0
22754.117903394264,94073.0
22754.119976418973,94073.0
22754.122049443682,94074.0
22754.12412246839,94074.0
22754.1261954931,94074.0
22754.12826851781,94074.0
22754.130341542514,94074.0
22754.132414567222,94074.0
22754.13448759193,94074.0
22754.13656061664,94074.0
22754.13863364135,94075.0
22754.140706666058,94075.0
22754.142779690766,94075.0
22754.144852715475,94075.0
22754.146925740184,94075.0
22754.148998764893,94075.0
22754.1510717896,94075.0
22754.15314481431,94075.0
22754.15521783902,94076.0
22754.157290863728,94076.0
22754.159363888437,94076.0
22754.161436913146,94076.0
22754.163509937855,94076.0
22754.165582962563,94076.0
22754.167655987272,94076.0
22754.16972901198,94076.0
22754.17180203669,94076.0
22754.1738750614,94077.0
22754.175948086107,94077.0
22754.178021110816,94077.0
22754.180094135525,94077.0
22754.182167160234,94077.0
22754.184240184943,94077.0
22754.18631320965,94077.0
22754.18838623436,94077.0
22754.19045925907,94078.0
22754.192532283778,94078.0
22754.194605308487,94078.0
22754.196678333195,94078.0
22754.198751357904,94078.0
22754.200824382613,94078.0
22754.202897407322,94078.0
22754.20497043203,94078.0
22754.20704345674,94079.0
22754.20911648145,94079.0
22754.211189506157,94079.0
22754.213262530866,94079.0
22754.215335555575,94079.0
22754.217408580284,94079.0
22754.219481604992,94079.0
22754.2215546297,94079.0
22754.22362765441,94080.0
22754.22570067912,94080.0
22754.227773703828,94080.0
22754.229846728536,94080.0
22754.231919753245,94080.0
22754.233992777954,94080.0
22754.236065802663,94080.0
22754.23813882737,94080.0
22754.24021185208,94081.0
22754.24228487679,94081.0
22754.244357901498,94081.0
22754.246430926207,94081.0
22754.248503950916,94081.0
22754.250576975624,94081.0
22754.252650000333,94081.0
22754.254723025042,94081.0
22754.25679604975,94082.0
22754.25886907446,94082.0
22754.26094209917,94082.0
22754.263015123877,94082.0
22754.265088148586,94082.0
22754.267161173295,94082.0
22754.269234198004,94082.0
22754.271307222712,94082.0
22754.27338024742,94083.0
22754.27545327213,94083.0
22754.27752629684,94083.0
22754.279599321548,94083.0
22754.281672346257,94083.0
22754.283745370965,94083.0
22754.285818395674,94083.0
22754.287891420383,94083.0
22754.28996444509,94084.0
22754.2920374698,94084.0
22754.29411049451,94084.0
22754.296183519218,94084.0
22754.298256543927,94084.0
22754.300329568636,94084.0
22754.302402593345,94084.0
22754.304475618053,94084.0
22754.306548642762,94085.0
22754.30862166747,94085.0
22754.31069469218,94085.0
22754.31276771689,94085.0
22754.314840741597,94085.0
22754.316913766306,94085.0
22754.318986791015,94085.0
22754.321059815724,94085.0
22754.323132840433,94086.0
22754.32520586514,94086.0
22754.32727888985,94086.0
22754.32935191456,94086.0
22754.331424939268,94086.0
22754.333497963977,94086.0
22754.335570988686,94086.0
22754.337644013394,94086.0
22754.339717038103,94087.0
22754.341790062812,94087.0
22754.34386308752,94087.0
22754.34593611223,94087.0
22754.34800913694,94087.0
22754.350082161647,94087.0
22754.352155186356,94087.0
22754.354228211065,94087.0
22754.356301235774,94088.0
22754.358374260482,94088.0
22754.36044728519,94088.0
22754.3625203099,94088.0
22754.36459333461,94088.0
22754.366666359318,94088.0
22754.368739384026,94088.0
22754.370812408735,94088.0
22754.372885433444,94089.0
22754.374958458153,94089.0
22754.37703148286,94089.0
22754.37910450757,94089.0
22754.38117753228,94089.0
22754.383250556988,94089.0
22754.385323581697,94089.0
22754.387396606406,94089.0
22754.389469631114,94090.0
22754.391542655823,94090.0
22754.393615680532,94090.0
22754.39568870524,94090.0
22754.39776172995,94090.0
22754.39983475466,94090.0
22754.401907779367,94090.0
22754.403980804076,94091.0
22754.406053828785,94091.0
22754.408126853494,94091.0
22754.410199878203,94091.0
22754.41227290291,94091.0
22754.41434592762,94091.0
22754.41641895233,94091.0
22754.418491977038,94091.0
22754.420565001747,94092.0
22754.422638026455,94092.0
22754.424711051164,94092.0
22754.426784075873,94092.0
22754.42885710058,94092.0
22754.43093012529,94092.0
22754.43300315,94092.0
22754.43507617471,94092.0
22754.437149199417,94093.0
22754.439222224126,94093.0
22754.441295248835,94093.0
22754.443368273543,94093.0
22754.445441298252,94093.0
22754.44751432296,94093.0
22754.44958734767,94093.0
22754.45166037238,94093.0
22754.453733397087,94094.0
22754.455806421796,94094.0
22754.457879446505,94094.0
22754.459952471214,94094.0
22754.462025495923,94094.0
22754.46409852063,94094.0
22754.46617154534,94094.0
22754.46824457005,94094.0
22754.470317594758,94095.0
22754.472390619467,94095.0
22754.474463644176,94095.0
22754.476536668884,94095.0
22754.478609693593,94095.0
22754.480682718302,94095.0
22754.48275574301,94095.0
22754.48482876772,94095.0
22754.48690179243,94096.0
22754.488974817137,94096.0
22754.491047841846,94096.0
22754.493120866555,94096.0
22754.495193891264,94096.0
22754.497266915972,94096.0
22754.49933994068,94096.0
22754.50141296539,94096.0
22754.5034859901,94097.0
22754.505559014808,94097.0
22754.507632039516,94097.0
22754.509705064225,94097.0
22754.511778088934,94097.0
22754.513851113643,94097.0
22754.51592413835,94097.0
22754.51799716306,94097.0
22754.52007018777,94098.0
22754.522143212478,94098.0
22754.524216237187,94098.0
22754.526289261896,94098.0
22754.5283622866,94098.0
22754.53043531131,94098.0
22754.53250833602,94098.0
22754.534581360727,94098.0
22754.536654385436,94098.0
22754.538727410145,94099.0
22754.540800434854,94099.0
22754.542873459563,94099.0
22754.54494648427,94099.0
22754.54701950898,94099.0
22754.54909253369,94099.0
22754.551165558398,94099.0
22754.553238583107,94099.0
22754.555311607815,94100.0
22754.557384632524,94100.0
22754.559457657233,94100.0
22754.56153068194,94100.0
22754.56360370665,94100.0
22754.56567673136,94100.0
22754.56774975607,94100.0
22754.569822780777,94100.0
22754.571895805486,94101.0
22754.573968830195,94101.0
22754.576041854903,94101.0
22754.578114879612,94101.0
22754.58018790432,94101.0
22754.58226092903,94101.0
22754.58433395374,94101.0
22754.586406978447,94101.0
22754.588480003156,94102.0
22754.590553027865,94102.0
22754.592626052574,94102.0
22754.594699077283,94102.0
22754.59677210199,94102.0
22754.5988451267,94102.0
22754.60091815141,94102.0
22754.602991176118,94102.0
22754.605064200827,94102.0
22754.607137225536,94103.0
22754.609210250244,94103.0
22754.611283274953,94103.0
22754.613356299662,94103.0
22754.61542932437,94103.0
22754.61750234908,94103.0
22754.61957537379,94103.0
22754.621648398497,94103.0
22754.623721423206,94104.0
22754.625794447915,94104.0
22754.627867472624,94104.0
22754.629940497332,94104.0
22754.63201352204,94104.0
22754.63408654675,94104.0
22754.63615957146,94104.0
22754.638232596168,94104.0
22754.640305620876,94105.0
22754.642378645585,94105.0
22754.644451670294,94105.0
22754.646524695003,94105.0
22754.64859771971,94105.0
22754.65067074442,94105.0
22754.65274376913,94105.0
22754.654816793838,94106.0
22754.656889818547,94106.0
22754.658962843256,94106.0
22754.661035867965,94106.0
22754.663108892673,94106.0
22754.665181917382,94106.0
22754.66725494209,94106.0
22754.6693279668,94106.0
22754.67140099151,94106.0
22754.673474016217,94107.0
22754.675547040926,94107.0
22754.677620065635,94107.0
22754.679693090344,94107.0
22754.681766115053,94107.0
22754.68383913976,94107.0
22754.68591216447,94107.0
22754.68798518918,94107.0
22754.690058213888,94108.0
22754.692131238597,94108.0
22754.694204263305,94108.0
22754.696277288014,94108.0
22754.698350312723,94108.0
22754.700423337432,94108.0
22754.70249636214,94108.0
22754.70456938685,94108.0
22754.70664241156,94109.0
22754.708715436267,94109.0
22754.710788460976,94109.0
22754.712861485685,94109.0
22754.714934510394,94109.0
22754.717007535102,94109.0
22754.71908055981,94109.0
22754.72115358452,94109.0
22754.72322660923,94110.0
22754.725299633938,94110.0
22754.727372658646,94110.0
22754.729445683355,94110.0
22754.731518708064,94110.0
22754.733591732773,94110.0
22754.73566475748,94110.0
22754.73773778219,94110.0
22754.7398108069,94110.0
22754.741883831608,94111.0
22754.743956856317,94111.0
22754.746029881026,94111.0
22754.748102905734,94111.0
22754.750175930443,94111.0
22754.752248955152,94111.0
22754.75432197986,94111.0
22754.75639500457,94111.0
22754.75846802928,94112.0
22754.760541053987,94112.0
22754.762614078696,94112.0
22754.764687103405,94112.0
22754.766760128114,94112.0
22754.768833152822,94112.0
22754.77090617753,94112.0
22754.77297920224,94112.0
22754.77505222695,94113.0
22754.777125251658,94113.0
22754.779198276367,94113.0
22754.781271301075,94113.0
22754.783344325784,94113.0
22754.785417350493,94113.0
22754.7874903752,94113.0
22754.78956339991,94113.0
22754.79163642462,94114.0
22754.793709449328,94114.0
22754.795782474037,94114.0
22754.797855498746,94114.0
22754.799928523455,94114.0
22754.802001548163,94114.0
22754.804074572872,94114.0
22754.80614759758,94115.0
22754.80822062229,94115.0
22754.810293647,94115.0
22754.812366671707,94115.0
22754.814439696416,94115.0
22754.816512721125,94115.0
22754.818585745834,94115.0
22754.820658770543,94115.0
22754.82273179525,94115.0
22754.82480481996,94116.0
22754.82687784467,94116.0
22754.828950869378,94116.0
22754.831023894087,94116.0
22754.833096918795,94116.0
22754.835169943504,94116.0
22754.837242968213,94116.0
22754.839315992922,94117.0
22754.84138901763,94117.0
22754.84346204234,94117.0
22754.84553506705,94117.0
22754.847608091757,94117.0
22754.849681116466,94117.0
22754.851754141175,94117.0
22754.853827165884,94117.0
22754.855900190592,94118.0
22754.8579732153,94118.0
22754.86004624001,94118.0
22754.86211926472,94118.0
22754.864192289428,94118.0
22754.866265314136,94118.0
22754.868338338845,94118.0
22754.870411363554,94118.0
22754.872484388263,94119.0
22754.87455741297,94119.0
22754.87663043768,94119.0
22754.87870346239,94119.0
22754.880776487098,94119.0
22754.882849511807,94119.0
22754.884922536516,94119.0
22754.886995561224,94119.0
22754.889068585933,94120.0
22754.891141610642,94120.0
22754.89321463535,94120.0
22754.89528766006,94120.0
22754.89736068477,94120.0
22754.899433709477,94120.0
22754.901506734186,94120.0
22754.903579758895,94120.0
22754.905652783604,94121.0
22754.907725808313,94121.0
22754.90979883302,94121.0
22754.91187185773,94121.0
22754.91394488244,94121.0
22754.916017907148,94121.0
22754.918090931857,94121.0
22754.920163956565,94121.0
22754.922236981274,94122.0
22754.924310005983,94122.0
22754.926383030688,94122.0
22754.928456055397,94122.0
22754.930529080106,94122.0
22754.932602104815,94122.0
22754.934675129523,94122.0
22754.936748154232,94122.0
22754.93882117894,94123.0
22754.94089420365,94123.0
22754.94296722836,94123.0
22754.945040253067,94123.0
22754.947113277776,94123.0
22754.949186302485,94123.0
22754.951259327194,94123.0
22754.953332351903,94123.0
22754.95540537661,94124.0
22754.95747840132,94124.0
22754.95955142603,94124.0
22754.961624450738,94124.0
22754.963697475447,94124.0
22754.965770500155,94124.0
22754.967843524864,94124.0
22754.969916549573,94124.0
22754.971989574282,94125.0
22754.97406259899,94125.0
22754.9761356237,94125.0
22754.97820864841,94125.0
22754.980281673117,94125.0
22754.982354697826,94125.0
22754.984427722535,94125.0
22754.986500747244,94125.0
22754.988573771952,94126.0
22754.99064679666,94126.0
22754.99271982137,94126.0
22754.99479284608,94126.0
22754.996865870788,94126.0
22754.998938895496,94126.0
22755.001011920205,94126.0
22755.003084944914,94126.0
22755.005157969623,94127.0
22755.00723099433,94127.0
22755.00930401904,94127.0
22755.01137704375,94127.0
22755.013450068458,94127.0
22755.015523093167,94127.0
22755.017596117876,94127.0
22755.019669142584,94127.0
22755.021742167293,94128.0
22755.023815192002,94128.0
22755.02588821671,94128.0
22755.02796124142,94128.0
22755.03003426613,94128.0
22755.032107290837,94128.0
22755.034180315546,94128.0
22755.036253340255,94128.0
22755.038326364964,94129.0
22755.040399389673,94129.0
22755.04247241438,94129.0
22755.04454543909,94129.0
22755.0466184638,94129.0
22755.048691488508,94129.0
22755.050764513217,94129.0
22755.052837537925,94129.0
22755.054910562634,94130.0
22755.056983587343,94130.0
22755.05905661205,94130.0
22755.06112963676,94130.0
22755.06320266147,94130.0
22755.06527568618,94130.0
22755.067348710887,94130.0
22755.069421735596,94130.0
22755.071494760305,94131.0
22755.073567785013,94131.0
22755.075640809722,94131.0
22755.07771383443,94131.0
22755.07978685914,94131.0
22755.08185988385,94131.0
22755.083932908557,94131.0
22755.086005933266,94131.0
22755.088078957975,94132.0
22755.090151982684,94132.0
22755.092225007393,94132.0
22755.0942980321,94132.0
22755.09637105681,94132.0
22755.09844408152,94132.0
22755.100517106228,94132.0
22755.102590130937,94132.0
22755.104663155646,94133.0
22755.106736180354,94133.0
22755.108809205063,94133.0
22755.110882229772,94133.0
22755.11295525448,94133.0
22755.11502827919,94133.0
22755.1171013039,94133.0
22755.119174328607,94133.0
22755.121247353316,94134.0
22755.123320378025,94134.0
22755.125393402734,94134.0
22755.127466427442,94134.0
22755.12953945215,94134.0
22755.13161247686,94134.0
22755.13368550157,94134.0
22755.135758526278,94134.0
22755.137831550986,94135.0
22755.139904575695,94135.0
22755.141977600404,94135.0
22755.144050625113,94135.0
22755.14612364982,94135.0
22755.14819667453,94135.0
22755.15026969924,94135.0
22755.152342723948,94135.0
22755.154415748657,94136.0
22755.156488773366,94136.0
22755.158561798075,94136.0
22755.160634822783,94136.0
22755.162707847492,94136.0
22755.1647808722,94136.0
22755.16685389691,94136.0
22755.16892692162,94136.0
22755.170999946327,94137.0
22755.173072971036,94137.0
22755.175145995745,94137.0
22755.177219020454,94137.0
22755.179292045163,94137.0
22755.18136506987,94137.0
22755.18343809458,94137.0
22755.18551111929,94137.0
22755.187584143998,94138.0
22755.189657168707,94138.0
22755.191730193415,94138.0
22755.193803218124,94138.0
22755.195876242833,94138.0
22755.197949267542,94138.0
22755.20002229225,94138.0
22755.20209531696,94138.0
22755.20416834167,94139.0
22755.206241366377,94139.0
22755.208314391086,94139.0
22755.210387415795,94139.0
22755.212460440503,94139.0
22755.214533465212,94139.0
22755.21660648992,94139.0
22755.21867951463,94139.0
22755.22075253934,94140.0
22755.222825564048,94140.0
22755.224898588756,94140.0
22755.226971613465,94140.0
22755.229044638174,94140.0
22755.231117662883,94140.0
22755.23319068759,94140.0
22755.2352637123,94140.0
22755.23733673701,94141.0
22755.239409761718,94141.0
22755.241482786427,94141.0
22755.243555811136,94141.0
22755.245628835844,94141.0
22755.247701860553,94141.0
22755.249774885262,94141.0
22755.25184790997,94141.0
22755.25392093468,94142.0
22755.25599395939,94142.0
22755.258066984097,94142.0
22755.260140008806,94142.0
22755.262213033515,94142.0
22755.264286058224,94142.0
22755.266359082932,94142.0
22755.26843210764,94142.0
22755.27050513235,94143.0
22755.27257815706,94143.0
22755.274651181768,94143.0
22755.276724206477,94143.0
22755.278797231185,94143.0
22755.280870255894,94143.0
22755.282943280603,94143.0
22755.28501630531,94143.0
22755.28708933002,94144.0
22755.28916235473,94144.0
22755.291235379438,94144.0
22755.293308404147,94144.0
22755.295381428856,94144.0
22755.297454453565,94144.0
22755.299527478273,94144.0
22755.301600502982,94144.0
22755.30367352769,94144.0
22755.3057465524,94145.0
22755.30781957711,94145.0
22755.309892601817,94145.0
22755.311965626526,94145.0
22755.314038651235,94145.0
22755.316111675944,94145.0
22755.318184700653,94145.0
22755.32025772536,94145.0
22755.32233075007,94146.0
22755.324403774775,94146.0
22755.326476799484,94146.0
22755.328549824193,94146.0
22755.330622848902,94146.0
22755.33269587361,94146.0
22755.33476889832,94146.0
22755.33684192303,94146.0
22755.338914947737,94147.0
22755.340987972446,94147.0
22755.343060997155,94147.0
22755.345134021863,94147.0
22755.347207046572,94147.0
22755.34928007128,94147.0
22755.35135309599,94147.0
22755.3534261207,94147.0
22755.355499145408,94148.0
22755.357572170116,94148.0
22755.359645194825,94148.0
22755.361718219534,94148.0
22755.363791244243,94148.0
22755.36586426895,94148.0
22755.36793729366,94148.0
22755.37001031837,94148.0
22755.372083343078,94149.0
22755.374156367787,94149.0
22755.376229392496,94149.0
22755.378302417204,94149.0
22755.380375441913,94149.0
22755.382448466622,94149.0
22755.38452149133,94149.0
22755.38659451604,94149.0
22755.38866754075,94150.0
22755.390740565457,94150.0
22755.392813590166,94150.0
22755.394886614875,94150.0
22755.396959639584,94150.0
22755.399032664292,94150.0
22755.401105689,94150.0
22755.40317871371,94150.0
22755.40525173842,94151.0
22755.407324763128,94151.0
22755.409397787836,94151.0
22755.411470812545,94151.0
22755.413543837254,94151.0
22755.415616861963,94151.0
22755.41768988667,94151.0
22755.41976291138,94151.0
22755.42183593609,94152.0
22755.423908960798,94152.0
22755.425981985507,94152.0
22755.428055010216,94152.0
22755.430128034925,94152.0
22755.432201059633,94152.0
22755.434274084342,94152.0
22755.43634710905,94152.0
22755.43842013376,94153.0
22755.44049315847,94153.0
22755.442566183177,94153.0
22755.444639207886,94153.0
22755.446712232595,94153.0
22755.448785257304,94153.0
22755.450858282013,94153.0
22755.45293130672,94153.0
22755.45500433143,94154.0
22755.45707735614,94154.0
22755.459150380848,94154.0
22755.461223405557,94154.0
22755.463296430265,94154.0
22755.465369454974,94154.0
22755.467442479683,94154.0
22755.469515504392,94154.0
22755.4715885291,94155.0
22755.47366155381,94155.0
22755.47573457852,94155.0
22755.477807603227,94155.0
22755.479880627936,94155.0
22755.481953652645,94155.0
22755.484026677354,94155.0
22755.486099702062,94155.0
22755.48817272677,94156.0
22755.49024575148,94156.0
22755.49231877619,94156.0
22755.494391800898,94156.0
22755.496464825606,94156.0
22755.498537850315,94156.0
22755.500610875024,94156.0
22755.502683899733,94156.0
22755.50475692444,94157.0
22755.50682994915,94157.0
22755.50890297386,94157.0
22755.510975998568,94157.0
22755.513049023277,94157.0
22755.515122047986,94157.0
22755.517195072694,94157.0
22755.519268097403,94157.0
22755.521341122112,94158.0
22755.52341414682,94158.0
22755.52548717153,94158.0
22755.52756019624,94158.0
22755.529633220947,94158.0
22755.531706245656,94158.0
22755.533779270365,94158.0
22755.535852295074,94158.0
22755.537925319783,94159.0
22755.53999834449,94159.0
22755.5420713692,94159.0
22755.54414439391,94159.0
22755.546217418618,94159.0
22755.548290443327,94159.0
22755.550363468035,94159.0
22755.552436492744,94159.0
22755.554509517453,94160.0
22755.55658254216,94160.0
22755.55865556687,94160.0
22755.56072859158,94160.0
22755.56280161629,94160.0
22755.564874640997,94160.0
22755.566947665706,94160.0
22755.569020690415,94160.0
22755.571093715123,94161.0
22755.573166739832,94161.0
22755.57523976454,94161.0
22755.57731278925,94161.0
22755.57938581396,94161.0
22755.581458838667,94161.0
22755.583531863376,94161.0
22755.585604888085,94161.0
22755.587677912794,94161.0
22755.589750937503,94162.0
22755.59182396221,94162.0
22755.59389698692,94162.0
22755.59597001163,94162.0
22755.598043036338,94162.0
22755.600116061047,94162.0
22755.602189085756,94162.0
22755.604262110464,94162.0
22755.606335135173,94163.0
22755.608408159882,94163.0
22755.61048118459,94163.0
22755.6125542093,94163.0
22755.61462723401,94163.0
22755.616700258717,94163.0
22755.618773283426,94163.0
22755.620846308135,94163.0
22755.622919332844,94164.0
22755.624992357552,94164.0
22755.62706538226,94164.0
22755.62913840697,94164.0
22755.63121143168,94164.0
22755.633284456388,94164.0
22755.635357481096,94164.0
22755.637430505805,94164.0
22755.639503530514,94165.0
22755.641576555223,94165.0
22755.64364957993,94165.0
22755.64572260464,94165.0
22755.64779562935,94165.0
22755.649868654058,94165.0
22755.651941678767,94165.0
22755.654014703476,94165.0
22755.656087728185,94166.0
22755.658160752893,94166.0
22755.660233777602,94166.0
22755.66230680231,94166.0
22755.66437982702,94166.0
22755.66645285173,94166.0
22755.668525876437,94166.0
22755.670598901146,94166.0
22755.672671925855,94167.0
22755.674744950564,94167.0
22755.676817975273,94167.0
22755.67889099998,94167.0
22755.68096402469,94167.0
22755.6830370494,94167.0
22755.685110074108,94167.0
22755.687183098817,94167.0
22755.689256123525,94168.0
22755.691329148234,94168.0
22755.693402172943,94168.0
22755.695475197652,94168.0
22755.69754822236,94168.0
22755.69962124707,94168.0
22755.70169427178,94168.0
22755.703767296487,94168.0
22755.705840321196,94169.0
22755.707913345905,94169.0
22755.709986370613,94169.0
22755.712059395322,94169.0
22755.71413242003,94169.0
22755.71620544474,94169.0
22755.71827846945,94169.0
22755.720351494158,94169.0
22755.722424518863,94170.0
22755.72449754357,94170.0
22755.72657056828,94170.0
22755.72864359299,94170.0
22755.730716617698,94170.0
22755.732789642407,94170.0
22755.734862667116,94170.0
22755.736935691824,94170.0
22755.739008716533,94171.0
22755.741081741242,94171.0
22755.74315476595,94171.0
22755.74522779066,94171.0
22755.74730081537,94171.0
22755.749373840077,94171.0
22755.751446864786,94171.0
22755.753519889495,94171.0
22755.755592914204,94172.0
22755.757665938912,94172.0
22755.75973896362,94172.0
22755.76181198833,94172.0
22755.76388501304,94172.0
22755.765958037748,94172.0
22755.768031062456,94172.0
22755.770104087165,94172.0
22755.772177111874,94173.0
22755.774250136583,94173.0
22755.77632316129,94173.0
22755.778396186,94173.0
22755.78046921071,94173.0
22755.782542235418,94173.0
22755.784615260127,94173.0
22755.786688284836,94173.0
22755.788761309544,94174.0
22755.790834334253,94174.0
22755.792907358962,94174.0
22755.79498038367,94174.0
22755.79705340838,94174.0
22755.79912643309,94174.0
22755.801199457797,94174.0
22755.803272482506,94174.0
22755.805345507215,94174.0
22755.807418531924,94175.0
22755.809491556633,94175.0
22755.81156458134,94175.0
22755.81363760605,94175.0
22755.81571063076,94175.0
22755.817783655468,94175.0
22755.819856680177,94175.0
22755.821929704885,94175.0
22755.824002729594,94176.0
22755.826075754303,94176.0
22755.828148779012,94176.0
22755.83022180372,94176.0
22755.83229482843,94176.0
22755.83436785314,94176.0
22755.836440877847,94176.0
22755.838513902556,94176.0
22755.840586927265,94177.0
22755.842659951973,94177.0
22755.844732976682,94177.0
22755.84680600139,94177.0
22755.8488790261,94177.0
22755.85095205081,94177.0
22755.853025075518,94177.0
22755.855098100226,94177.0
22755.857171124935,94178.0
22755.859244149644,94178.0
22755.861317174353,94178.0
22755.86339019906,94178.0
22755.86546322377,94178.0
22755.86753624848,94178.0
22755.869609273188,94178.0
22755.871682297897,94178.0
22755.873755322606,94179.0
22755.875828347314,94179.0
22755.877901372023,94179.0
22755.879974396732,94179.0
22755.88204742144,94179.0
22755.88412044615,94179.0
22755.88619347086,94179.0
22755.888266495567,94179.0
22755.890339520276,94180.0
22755.892412544985,94180.0
22755.894485569694,94180.0
22755.896558594402,94180.0
22755.89863161911,94180.0
22755.90070464382,94180.0
22755.90277766853,94180.0
22755.904850693238,94180.0
22755.906923717946,94181.0
22755.908996742655,94181.0
22755.911069767364,94181.0
22755.913142792073,94181.0
22755.91521581678,94181.0
22755.91728884149,94181.0
22755.9193618662,94181.0
22755.921434890908,94181.0
22755.923507915617,94182.0
22755.925580940326,94182.0
22755.927653965035,94182.0
22755.929726989743,94182.0
22755.931800014452,94182.0
22755.93387303916,94182.0
22755.93594606387,94182.0
22755.93801908858,94182.0
22755.940092113287,94183.0
22755.942165137996,94183.0
22755.944238162705,94183.0
22755.946311187414,94183.0
22755.948384212123,94183.0
22755.95045723683,94183.0
22755.95253026154,94183.0
22755.95460328625,94183.0
22755.956676310958,94183.0
22755.958749335667,94184.0
22755.960822360375,94184.0
22755.962895385084,94184.0
22755.964968409793,94184.0
22755.967041434502,94184.0
22755.96911445921,94184.0
22755.97118748392,94184.0
22755.97326050863,94184.0
22755.975333533337,94185.0
22755.977406558046,94185.0
22755.979479582755,94185.0
22755.981552607464,94185.0
22755.983625632172,94185.0
22755.98569865688,94185.0
22755.98777168159,94185.0
22755.9898447063,94185.0
22755.991917731008,94186.0
22755.993990755716,94186.0
22755.996063780425,94186.0
22755.998136805134,94186.0
22756.000209829843,94186.0
22756.00228285455,94186.0
22756.00435587926,94186.0
22756.00642890397,94186.0
22756.008501928678,94187.0
22756.010574953387,94187.0
22756.012647978096,94187.0
22756.014721002804,94187.0
22756.016794027513,94187.0
22756.018867052222,94187.0
22756.02094007693,94187.0
22756.02301310164,94187.0
22756.02508612635,94188.0
22756.027159151057,94188.0
22756.029232175766,94188.0
22756.031305200475,94188.0
22756.033378225184,94188.0
22756.035451249893,94188.0
22756.0375242746,94188.0
22756.03959729931,94188.0
22756.04167032402,94189.0
22756.043743348728,94189.0
22756.045816373437,94189.0
22756.047889398145,94189.0
22756.049962422854,94189.0
22756.052035447563,94189.0
22756.05410847227,94189.0
22756.05618149698,94189.0
22756.05825452169,94190.0
22756.0603275464,94190.0
22756.062400571107,94190.0
22756.064473595816,94190.0
22756.066546620525,94190.0
22756.068619645233,94190.0
22756.070692669942,94190.0
22756.07276569465,94190.0
22756.07483871936,94190.0
22756.07691174407,94191.0
22756.078984768777,94191.0
22756.081057793486,94191.0
22756.083130818195,94191.0
22756.085203842904,94191.0
22756.087276867613,94191.0
22756.08934989232,94191.0
22756.09142291703,94191.0
22756.09349594174,94192.0
22756.095568966448,94192.0
22756.097641991157,94192.0
22756.099715015866,94192.0
22756.101788040574,94192.0
22756.103861065283,94192.0
22756.105934089992,94192.0
22756.1080071147,94192.0
22756.11008013941,94193.0
22756.11215316412,94193.0
22756.114226188827,94193.0
22756.116299213536,94193.0
22756.118372238245,94193.0
22756.12044526295,94193.0
22756.12251828766,94193.0
22756.124591312368,94193.0
22756.126664337076,94194.0
22756.128737361785,94194.0
22756.130810386494,94194.0
22756.132883411203,94194.0
22756.13495643591,94194.0
22756.13702946062,94194.0
22756.13910248533,94194.0
22756.141175510038,94194.0
22756.143248534747,94195.0
22756.145321559456,94195.0
22756.147394584164,94195.0
22756.149467608873,94195.0
22756.151540633582,94195.0
22756.15361365829,94195.0
22756.155686683,94195.0
22756.15775970771,94195.0
22756.159832732417,94196.0
22756.161905757126,94196.0
22756.163978781835,94196.0
22756.166051806544,94196.0
22756.168124831252,94196.0
22756.17019785596,94196.0
22756.17227088067,94196.0
22756.17434390538,94196.0
22756.176416930088,94197.0
22756.178489954797,94197.0
22756.180562979505,94197.0
22756.182636004214,94197.0
22756.184709028923,94197.0
22756.18678205363,94197.0
22756.18885507834,94197.0
22756.19092810305,94197.0
22756.193001127758,94197.0
22756.195074152467,94198.0
22756.197147177176,94198.0
22756.199220201885,94198.0
22756.201293226593,94198.0
22756.203366251302,94198.0
22756.20543927601,94198.0
22756.20751230072,94198.0
22756.20958532543,94198.0
22756.211658350137,94199.0
22756.213731374846,94199.0
22756.215804399555,94199.0
22756.217877424264,94199.0
22756.219950448973,94199.0
22756.22202347368,94199.0
22756.22409649839,94199.0
22756.2261695231,94199.0
22756.228242547808,94200.0
22756.230315572517,94200.0
22756.232388597226,94200.0
22756.234461621934,94200.0
22756.236534646643,94200.0
22756.238607671352,94200.0
22756.24068069606,94200.0
22756.24275372077,94200.0
22756.24482674548,94201.0
22756.246899770187,94201.0
22756.248972794896,94201.0
22756.251045819605,94201.0
22756.253118844314,94201.0
22756.255191869022,94201.0
22756.25726489373,94201.0
22756.25933791844,94201.0
22756.26141094315,94202.0
22756.263483967858,94202.0
22756.265556992566,94202.0
22756.267630017275,94202.0
22756.269703041984,94202.0
22756.271776066693,94202.0
22756.2738490914,94202.0
22756.27592211611,94202.0
22756.27799514082,94203.0
22756.280068165528,94203.0
22756.282141190237,94203.0
22756.284214214946,94203.0
22756.286287239654,94203.0
22756.288360264363,94203.0
22756.290433289072,94203.0
22756.29250631378,94203.0
22756.29457933849,94204.0
22756.2966523632,94204.0
22756.298725387907,94204.0
22756.300798412616,94204.0
22756.302871437325,94204.0
22756.304944462034,94204.0
22756.307017486743,94204.0
22756.30909051145,94204.0
22756.31116353616,94205.0
22756.31323656087,94205.0
22756.315309585578,94205.0
22756.317382610287,94205.0
22756.319455634995,94205.0
22756.321528659704,94205.0
22756.323601684413,94205.0
22756.32567470912,94205.0
22756.32774773383,94206.0
22756.32982075854,94206.0
22756.33189378325,94206.0
22756.333966807957,94206.0
22756.336039832666,94206.0
22756.338112857375,94206.0
22756.340185882083,94206.0
22756.342258906792,94206.0
22756.3443319315,94207.0
22756.34640495621,94207.0
22756.34847798092,94207.0
22756.350551005627,94207.0
22756.352624030336,94207.0
22756.354697055045,94207.0
22756.356770079754,94207.0
22756.358843104463,94207.0
22756.36091612917,94208.0
22756.36298915388,94208.0
22756.36506217859,94208.0
22756.367135203298,94208.0
22756.369208228007,94208.0
22756.371281252716,94208.0
22756.373354277424,94208.0
22756.375427302133,94208.0
22756.377500326842,94209.0
22756.37957335155,94209.0
22756.38164637626,94209.0
22756.38371940097,94209.0
22756.385792425677,94209.0
22756.387865450386,94209.0
22756.389938475095,94209.0
22756.392011499804,94209.0
22756.394084524512,94210.0
22756.39615754922,94210.0
22756.39823057393,94210.0
22756.40030359864,94210.0
22756.402376623348,94210.0
22756.404449648056,94210.0
22756.406522672765,94210.0
22756.408595697474,94210.0
22756.410668722183,94211.0
22756.41274174689,94211.0
22756.4148147716,94211.0
22756.41688779631,94211.0
22756.418960821018,94211.0
22756.421033845727,94211.0
22756.423106870436,94211.0
22756.425179895145,94211.0
22756.427252919853,94212.0
22756.429325944562,94212.0
22756.43139896927,94212.0
22756.43347199398,94212.0
22756.43554501869,94212.0
22756.437618043397,94212.0
22756.439691068106,94212.0
22756.441764092815,94212.0
22756.443837117524,94213.0
22756.445910142233,94213.0
22756.44798316694,94213.0
22756.45005619165,94213.0
22756.45212921636,94213.0
22756.454202241068,94213.0
22756.456275265777,94213.0
22756.458348290485,94213.0
22756.460421315194,94213.0
22756.462494339903,94214.0
22756.464567364612,94214.0
22756.46664038932,94214.0
22756.46871341403,94214.0
22756.47078643874,94214.0
22756.472859463447,94214.0
22756.474932488156,94214.0
22756.477005512865,94214.0
22756.479078537574,94215.0
22756.481151562282,94215.0
22756.48322458699,94215.0
22756.4852976117,94215.0
22756.48737063641,94215.0
22756.489443661118,94215.0
22756.491516685826,94215.0
22756.493589710535,94215.0
22756.495662735244,94216.0
22756.497735759953,94216.0
22756.49980878466,94216.0
22756.50188180937,94216.0
22756.50395483408,94216.0
22756.506027858788,94216.0
22756.508100883497,94216.0
22756.510173908206,94216.0
22756.512246932914,94217.0
22756.514319957623,94217.0
22756.516392982332,94217.0
22756.518466007037,94217.0
22756.520539031746,94217.0
22756.522612056455,94217.0
22756.524685081164,94217.0
22756.526758105872,94217.0
22756.52883113058,94218.0
22756.53090415529,94218.0
22756.53297718,94218.0
22756.535050204708,94218.0
22756.537123229416,94218.0
22756.539196254125,94218.0
22756.541269278834,94218.0
22756.543342303543,94218.0
22756.54541532825,94218.0
22756.54748835296,94219.0
22756.54956137767,94219.0
22756.551634402378,94219.0
22756.553707427087,94219.0
22756.555780451796,94219.0
22756.557853476505,94219.0
22756.559926501213,94219.0
22756.561999525922,94220.0
22756.56407255063,94220.0
22756.56614557534,94220.0
22756.56821860005,94220.0
22756.570291624757,94220.0
22756.572364649466,94220.0
22756.574437674175,94220.0
22756.576510698884,94220.0
22756.578583723593,94221.0
22756.5806567483,94221.0
22756.58272977301,94221.0
22756.58480279772,94221.0
22756.586875822428,94221.0
22756.588948847137,94221.0
22756.591021871845,94221.0
22756.593094896554,94221.0
22756.595167921263,94222.0
22756.597240945972,94222.0
22756.59931397068,94222.0
22756.60138699539,94222.0
22756.6034600201,94222.0
22756.605533044807,94222.0
22756.607606069516,94222.0
22756.609679094225,94222.0
22756.611752118934,94223.0
22756.613825143642,94223.0
22756.61589816835,94223.0
22756.61797119306,94223.0
22756.62004421777,94223.0
22756.622117242478,94223.0
22756.624190267186,94223.0
22756.626263291895,94223.0
22756.628336316604,94223.0
22756.630409341313,94224.0
22756.63248236602,94224.0
22756.63455539073,94224.0
22756.63662841544,94224.0
22756.638701440148,94224.0
22756.640774464857,94224.0
22756.642847489566,94224.0
22756.644920514274,94224.0
22756.646993538983,94225.0
22756.649066563692,94225.0
22756.6511395884,94225.0
22756.65321261311,94225.0
22756.65528563782,94225.0
22756.657358662527,94225.0
22756.659431687236,94225.0
22756.661504711945,94226.0
22756.663577736654,94226.0
22756.665650761362,94226.0
22756.66772378607,94226.0
22756.66979681078,94226.0
22756.67186983549,94226.0
22756.673942860198,94226.0
22756.676015884907,94226.0
22756.678088909615,94226.0
22756.680161934324,94227.0
22756.682234959033,94227.0
22756.68430798374,94227.0
22756.68638100845,94227.0
22756.68845403316,94227.0
22756.690527057868,94227.0
22756.692600082577,94227.0
22756.694673107286,94227.0
22756.696746131995,94228.0
22756.698819156703,94228.0
22756.700892181412,94228.0
22756.70296520612,94228.0
22756.70503823083,94228.0
22756.70711125554,94228.0
22756.709184280247,94228.0
22756.711257304956,94228.0
22756.713330329665,94229.0
22756.715403354374,94229.0
22756.717476379083,94229.0
22756.71954940379,94229.0
22756.7216224285,94229.0
22756.72369545321,94229.0
22756.725768477918,94229.0
22756.727841502627,94229.0
22756.729914527335,94230.0
22756.731987552044,94230.0
22756.734060576753,94230.0
22756.736133601462,94230.0
22756.73820662617,94230.0
22756.74027965088,94230.0
22756.74235267559,94230.0
22756.744425700297,94230.0
22756.746498725006,94231.0
22756.748571749715,94231.0
22756.750644774424,94231.0
22756.752717799132,94231.0
22756.75479082384,94231.0
22756.75686384855,94231.0
22756.75893687326,94231.0
22756.761009897968,94231.0
22756.763082922676,94232.0
22756.765155947385,94232.0
22756.767228972094,94232.0
22756.769301996803,94232.0
22756.77137502151,94232.0
22756.77344804622,94232.0
22756.77552107093,94232.0
22756.777594095638,94232.0
22756.779667120347,94233.0
22756.781740145056,94233.0
22756.783813169764,94233.0
22756.785886194473,94233.0
22756.787959219182,94233.0
22756.79003224389,94233.0
22756.7921052686,94233.0
22756.79417829331,94233.0
22756.796251318017,94234.0
22756.798324342726,94234.0
22756.800397367435,94234.0
22756.802470392144,94234.0
22756.804543416853,94234.0
22756.80661644156,94234.0
22756.80868946627,94234.0
22756.81076249098,94234.0
22756.812835515688,94235.0
22756.814908540397,94235.0
22756.816981565105,94235.0
22756.819054589814,94235.0
22756.821127614523,94235.0
22756.82320063923,94235.0
22756.82527366394,94235.0
22756.82734668865,94235.0
22756.82941971336,94236.0
22756.831492738067,94236.0
22756.833565762776,94236.0
22756.835638787485,94236.0
22756.837711812193,94236.0
22756.839784836902,94236.0
22756.84185786161,94236.0
22756.84393088632,94236.0
22756.84600391103,94236.0
22756.848076935737,94237.0
22756.850149960446,94237.0
22756.852222985155,94237.0
22756.854296009864,94237.0
22756.856369034573,94237.0
22756.85844205928,94237.0
22756.86051508399,94237.0
22756.8625881087,94237.0
22756.864661133408,94238.0
22756.866734158117,94238.0
22756.868807182826,94238.0
22756.870880207534,94238.0
22756.872953232243,94238.0
22756.875026256952,94238.0
22756.87709928166,94238.0
22756.87917230637,94238.0
22756.88124533108,94239.0
22756.883318355787,94239.0
22756.885391380496,94239.0
22756.887464405205,94239.0
22756.889537429914,94239.0
22756.891610454622,94239.0
22756.89368347933,94239.0
22756.89575650404,94239.0
22756.89782952875,94240.0
22756.899902553458,94240.0
22756.901975578166,94240.0
22756.904048602875,94240.0
22756.906121627584,94240.0
22756.908194652293,94240.0
22756.910267677,94240.0
22756.91234070171,94240.0
22756.91441372642,94241.0
22756.916486751124,94241.0
22756.918559775833,94241.0
22756.920632800542,94241.0
22756.92270582525,94241.0
22756.92477884996,94241.0
22756.92685187467,94241.0
22756.928924899377,94241.0
22756.930997924086,94242.0
22756.933070948795,94242.0
22756.935143973504,94242.0
22756.937216998213,94242.0
22756.93929002292,94242.0
22756.94136304763,94242.0
22756.94343607234,94242.0
22756.945509097048,94242.0
22756.947582121757,94243.0
22756.949655146465,94243.0
22756.951728171174,94243.0
22756.953801195883,94243.0
22756.95587422059,94243.0
22756.9579472453,94243.0
22756.96002027001,94243.0
22756.96209329472,94243.0
22756.964166319427,94243.0
22756.966239344136,94244.0
22756.968312368845,94244.0
22756.970385393553,94244.0
22756.972458418262,94244.0
22756.97453144297,94244.0
22756.97660446768,94244.0
22756.97867749239,94244.0
22756.980750517097,94244.0
22756.982823541806,94245.0
22756.984896566515,94245.0
22756.986969591224,94245.0
22756.989042615933,94245.0
22756.99111564064,94245.0
22756.99318866535,94245.0
22756.99526169006,94245.0
22756.997334714768,94245.0
22756.999407739477,94246.0
22757.001480764186,94246.0
22757.003553788894,94246.0
22757.005626813603,94246.0
22757.007699838312,94246.0
22757.00977286302,94246.0
22757.01184588773,94246.0
22757.01391891244,94246.0
22757.015991937147,94247.0
22757.018064961856,94247.0
22757.020137986565,94247.0
22757.022211011274,94247.0
22757.024284035982,94247.0
22757.02635706069,94247.0
22757.0284300854,94247.0
22757.03050311011,94247.0
22757.032576134818,94247.0
22757.034649159526,94248.0
22757.036722184235,94248.0
22757.038795208944,94248.0
22757.040868233653,94248.0
22757.04294125836,94248.0
22757.04501428307,94248.0
22757.04708730778,94248.0
22757.049160332488,94248.0
22757.051233357197,94249.0
22757.053306381906,94249.0
22757.055379406615,94249.0
22757.057452431323,94249.0
22757.059525456032,94249.0
22757.06159848074,94249.0
22757.06367150545,94249.0
22757.06574453016,94249.0
22757.067817554867,94250.0
22757.069890579576,94250.0
22757.071963604285,94250.0
22757.074036628994,94250.0
22757.076109653703,94250.0
22757.07818267841,94250.0
22757.08025570312,94250.0
22757.08232872783,94250.0
22757.084401752538,94251.0
22757.086474777247,94251.0
22757.088547801955,94251.0
22757.090620826664,94251.0
22757.092693851373,94251.0
22757.094766876082,94251.0
22757.09683990079,94251.0
22757.0989129255,94251.0
22757.10098595021,94252.0
22757.103058974917,94252.0
22757.105131999626,94252.0
22757.107205024335,94252.0
22757.109278049043,94252.0
22757.111351073752,94252.0
22757.11342409846,94252.0
22757.11549712317,94252.0
22757.11757014788,94253.0
22757.119643172588,94253.0
22757.121716197296,94253.0
22757.123789222005,94253.0
22757.125862246714,94253.0
22757.127935271423,94253.0
22757.13000829613,94253.0
22757.13208132084,94253.0
22757.13415434555,94253.0
22757.136227370258,94254.0
22757.138300394967,94254.0
22757.140373419676,94254.0
22757.142446444384,94254.0
22757.144519469093,94254.0
22757.146592493802,94254.0
22757.14866551851,94254.0
22757.15073854322,94254.0
22757.15281156793,94255.0
22757.154884592637,94255.0
22757.156957617346,94255.0
22757.159030642055,94255.0
22757.161103666764,94255.0
22757.163176691472,94255.0
22757.16524971618,94255.0
22757.16732274089,94255.0
22757.1693957656,94256.0
22757.171468790308,94256.0
22757.173541815017,94256.0
22757.175614839725,94256.0
22757.177687864434,94256.0
22757.179760889143,94256.0
22757.18183391385,94256.0
22757.18390693856,94256.0
22757.18597996327,94257.0
22757.188052987978,94257.0
22757.190126012687,94257.0
22757.192199037396,94257.0
22757.194272062105,94257.0
22757.196345086813,94257.0
22757.198418111522,94257.0
22757.20049113623,94257.0
22757.20256416094,94258.0
22757.20463718565,94258.0
22757.206710210357,94258.0
22757.208783235066,94258.0
22757.210856259775,94258.0
22757.212929284484,94258.0
22757.215002309193,94258.0
22757.2170753339,94258.0
22757.21914835861,94259.0
22757.22122138332,94259.0
22757.223294408028,94259.0
22757.225367432737,94259.0
22757.227440457445,94259.0
22757.229513482154,94259.0
22757.231586506863,94259.0
22757.233659531572,94259.0
22757.23573255628,94260.0
22757.23780558099,94260.0
22757.2398786057,94260.0
22757.241951630407,94260.0
22757.244024655116,94260.0
22757.246097679825,94260.0
22757.248170704534,94260.0
22757.250243729242,94260.0
22757.25231675395,94261.0
22757.25438977866,94261.0
22757.25646280337,94261.0
22757.258535828078,94261.0
22757.260608852786,94261.0
22757.262681877495,94261.0
22757.264754902204,94261.0
22757.266827926913,94261.0
22757.26890095162,94262.0
22757.27097397633,94262.0
22757.27304700104,94262.0
22757.275120025748,94262.0
22757.277193050457,94262.0
22757.279266075166,94262.0
22757.281339099874,94262.0
22757.283412124583,94262.0
22757.285485149292,94262.0
22757.287558174,94263.0
22757.28963119871,94263.0
22757.29170422342,94263.0
22757.293777248127,94263.0
22757.295850272836,94263.0
22757.297923297545,94263.0
22757.299996322254,94263.0
22757.302069346963,94263.0
22757.30414237167,94264.0
22757.30621539638,94264.0
22757.30828842109,94264.0
22757.310361445798,94264.0
22757.312434470507,94264.0
22757.31450749521,94264.0
22757.31658051992,94264.0
22757.31865354463,94265.0
22757.320726569338,94265.0
22757.322799594047,94265.0
22757.324872618756,94265.0
22757.326945643465,94265.0
22757.329018668173,94265.0
22757.331091692882,94265.0
22757.33316471759,94265.0
22757.3352377423,94266.0
22757.33731076701,94266.0
22757.339383791717,94266.0
22757.341456816426,94266.0
22757.343529841135,94266.0
22757.345602865844,94266.0
22757.347675890553,94266.0
22757.34974891526,94266.0
22757.35182193997,94267.0
22757.35389496468,94267.0
22757.355967989388,94267.0
22757.358041014097,94267.0
22757.360114038805,94267.0
22757.362187063514,94267.0
22757.364260088223,94267.0
22757.366333112932,94267.0
22757.36840613764,94268.0
22757.37047916235,94268.0
22757.37255218706,94268.0
22757.374625211767,94268.0
22757.376698236476,94268.0
22757.378771261185,94268.0
22757.380844285894,94268.0
22757.382917310602,94268.0
22757.38499033531,94269.0
22757.38706336002,94269.0
22757.38913638473,94269.0
22757.391209409438,94269.0
22757.393282434146,94269.0
22757.395355458855,94269.0
22757.397428483564,94269.0
22757.399501508273,94269.0
22757.40157453298,94270.0
22757.40364755769,94270.0
22757.4057205824,94270.0
22757.407793607108,94270.0
22757.409866631817,94270.0
22757.411939656526,94270.0
22757.414012681234,94270.0
22757.416085705943,94270.0
22757.418158730652,94271.0
22757.42023175536,94271.0
22757.42230478007,94271.0
22757.42437780478,94271.0
22757.426450829487,94271.0
22757.428523854196,94271.0
22757.430596878905,94271.0
22757.432669903614,94271.0
22757.434742928323,94272.0
22757.43681595303,94272.0
22757.43888897774,94272.0
22757.44096200245,94272.0
22757.443035027158,94272.0
22757.445108051867,94272.0
22757.447181076575,94272.0
22757.449254101284,94272.0
22757.451327125993,94273.0
22757.4534001507,94273.0
22757.45547317541,94273.0
22757.45754620012,94273.0
22757.45961922483,94273.0
22757.461692249537,94273.0
22757.463765274246,94273.0
22757.465838298955,94273.0
22757.467911323663,94274.0
22757.469984348372,94274.0
22757.47205737308,94274.0
22757.47413039779,94274.0
22757.4762034225,94274.0
22757.478276447207,94274.0
22757.480349471916,94274.0
22757.482422496625,94274.0
22757.484495521334,94275.0
22757.486568546043,94275.0
22757.48864157075,94275.0
22757.49071459546,94275.0
22757.49278762017,94275.0
22757.494860644878,94275.0
22757.496933669587,94275.0
22757.499006694296,94275.0
22757.501079719004,94275.0
22757.503152743713,94276.0
22757.505225768422,94276.0
22757.50729879313,94276.0
22757.50937181784,94276.0
22757.51144484255,94276.0
22757.513517867257,94276.0
22757.515590891966,94276.0
22757.517663916675,94276.0
22757.519736941384,94277.0
22757.521809966092,94277.0
22757.5238829908,94277.0
22757.52595601551,94277.0
22757.52802904022,94277.0
22757.530102064928,94277.0
22757.532175089636,94277.0
22757.534248114345,94277.0
22757.536321139054,94278.0
22757.538394163763,94278.0
22757.54046718847,94278.0
22757.54254021318,94278.0
22757.54461323789,94278.0
22757.546686262598,94278.0
22757.548759287307,94278.0
22757.550832312016,94278.0
22757.552905336725,94279.0
22757.554978361433,94279.0
22757.557051386142,94279.0
22757.55912441085,94279.0
22757.56119743556,94279.0
22757.56327046027,94279.0
22757.565343484977,94279.0
22757.567416509686,94279.0
22757.569489534395,94280.0
22757.571562559104,94280.0
22757.573635583813,94280.0
22757.57570860852,94280.0
22757.57778163323,94280.0
22757.57985465794,94280.0
22757.581927682648,94280.0
22757.584000707357,94280.0
22757.586073732065,94281.0
22757.588146756774,94281.0
22757.590219781483,94281.0
22757.592292806192,94281.0
22757.5943658309,94281.0
22757.59643885561,94281.0
22757.59851188032,94281.0
22757.600584905027,94281.0
22757.602657929736,94282.0
22757.604730954445,94282.0
22757.606803979153,94282.0
22757.608877003862,94282.0
22757.61095002857,94282.0
22757.61302305328,94282.0
22757.61509607799,94282.0
22757.617169102698,94282.0
22757.619242127406,94283.0
22757.621315152115,94283.0
22757.623388176824,94283.0
22757.625461201533,94283.0
22757.62753422624,94283.0
22757.62960725095,94283.0
22757.63168027566,94283.0
22757.633753300368,94283.0
22757.635826325077,94284.0
22757.637899349786,94284.0
22757.639972374494,94284.0
22757.642045399203,94284.0
22757.644118423912,94284.0
22757.64619144862,94284.0
22757.64826447333,94284.0
22757.65033749804,94284.0
22757.652410522747,94284.0
22757.654483547456,94285.0
22757.656556572165,94285.0
22757.658629596874,94285.0
22757.660702621582,94285.0
22757.66277564629,94285.0
22757.664848671,94285.0
22757.66692169571,94285.0
22757.668994720418,94285.0
22757.671067745126,94286.0
22757.673140769835,94286.0
22757.675213794544,94286.0
22757.677286819253,94286.0
22757.67935984396,94286.0
22757.68143286867,94286.0
22757.68350589338,94286.0
22757.685578918088,94286.0
22757.687651942797,94287.0
22757.689724967506,94287.0
22757.691797992215,94287.0
22757.693871016923,94287.0
22757.695944041632,94287.0
22757.69801706634,94287.0
22757.70009009105,94287.0
22757.70216311576,94287.0
22757.704236140467,94287.0
22757.706309165176,94288.0
22757.708382189885,94288.0
22757.710455214594,94288.0
22757.7125282393,94288.0
22757.714601264008,94288.0
22757.716674288717,94288.0
22757.718747313425,94288.0
22757.720820338134,94289.0
22757.722893362843,94289.0
22757.724966387552,94289.0
22757.72703941226,94289.0
22757.72911243697,94289.0
22757.73118546168,94289.0
22757.733258486387,94289.0
22757.735331511096,94289.0
22757.737404535805,94289.0
22757.739477560513,94290.0
22757.741550585222,94290.0
22757.74362360993,94290.0
22757.74569663464,94290.0
22757.74776965935,94290.0
22757.749842684058,94290.0
22757.751915708766,94290.0
22757.753988733475,94290.0
22757.756061758184,94291.0
22757.758134782893,94291.0
22757.7602078076,94291.0
22757.76228083231,94291.0
22757.76435385702,94291.0
22757.766426881728,94291.0
22757.768499906437,94291.0
22757.770572931146,94291.0
22757.772645955854,94292.0
22757.774718980563,94292.0
22757.776792005272,94292.0
22757.77886502998,94292.0
22757.78093805469,94292.0
22757.7830110794,94292.0
22757.785084104107,94292.0
22757.787157128816,94292.0
22757.789230153525,94293.0
22757.791303178234,94293.0
22757.793376202942,94293.0
22757.79544922765,94293.0
22757.79752225236,94293.0
22757.79959527707,94293.0
22757.801668301778,94293.0
22757.803741326486,94294.0
22757.805814351195,94294.0
22757.807887375904,94294.0
22757.809960400613,94294.0
22757.81203342532,94294.0
22757.81410645003,94294.0
22757.81617947474,94294.0
22757.818252499448,94294.0
22757.820325524157,94295.0
22757.822398548866,94295.0
22757.824471573575,94295.0
22757.826544598283,94295.0
22757.828617622992,94295.0
22757.8306906477,94295.0
22757.83276367241,94295.0
22757.83483669712,94295.0
22757.836909721827,94296.0
22757.838982746536,94296.0
22757.841055771245,94296.0
22757.843128795954,94296.0
22757.845201820663,94296.0
22757.84727484537,94296.0
22757.84934787008,94296.0
22757.85142089479,94296.0
22757.853493919498,94297.0
22757.855566944207,94297.0
22757.857639968915,94297.0
22757.859712993624,94297.0
22757.861786018333,94297.0
22757.863859043042,94297.0
22757.86593206775,94297.0
22757.86800509246,94297.0
22757.87007811717,94298.0
22757.872151141877,94298.0
22757.874224166586,94298.0
22757.876297191295,94298.0
22757.878370216004,94298.0
22757.880443240712,94298.0
22757.88251626542,94298.0
22757.88458929013,94298.0
22757.88666231484,94298.0
22757.888735339548,94299.0
22757.890808364256,94299.0
22757.892881388965,94299.0
22757.894954413674,94299.0
22757.897027438383,94299.0
22757.89910046309,94299.0
22757.9011734878,94299.0
22757.90324651251,94299.0
22757.905319537218,94300.0
22757.907392561927,94300.0
22757.909465586636,94300.0
22757.911538611344,94300.0
22757.913611636053,94300.0
22757.915684660762,94300.0
22757.91775768547,94300.0
22757.91983071018,94300.0
22757.92190373489,94301.0
22757.923976759597,94301.0
22757.926049784306,94301.0
22757.928122809015,94301.0
22757.930195833724,94301.0
22757.932268858433,94301.0
22757.93434188314,94301.0
22757.93641490785,94301.0
22757.93848793256,94302.0
22757.940560957268,94302.0
22757.942633981977,94302.0
22757.944707006685,94302.0
22757.946780031394,94302.0
22757.948853056103,94302.0
22757.95092608081,94302.0
22757.95299910552,94302.0
22757.95507213023,94302.0
22757.95714515494,94303.0
22757.959218179647,94303.0
22757.961291204356,94303.0
22757.963364229065,94303.0
22757.965437253773,94303.0
