duration_mov,numofArt,duration_voc,COPc_peak_mean,COPc_peak_std,COPc_peak_n,COPc_Gmean,COPc_Gstd,envelope_peak_mean,envelope_peak_std,envelope_peak_n,envelope_Gmean,envelope_Gstd,f0_peak_mean,f0_peak_std,f0_peak_n,f0_Gmean,f0_Gstd,TrialID,concept,modality,correction,arm_inter,arm_sampEn,lowerbody_inter,lowerbody_sampEn,leg_inter,leg_sampEn,head_inter,head_sampEn,arm_torque_sum_Gmean,arm_torque_sum_Gstd,arm_torque_sum_peak_mean,arm_torque_sum_peak_std,arm_torque_sum_peak_n,arm_speedKin_sum_Gmean,arm_speedKin_sum_Gstd,arm_speedKin_sum_peak_mean,arm_speedKin_sum_peak_std,arm_speedKin_sum_peak_n,arm_accKin_sum_Gmean,arm_accKin_sum_Gstd,arm_accKin_sum_peak_mean,arm_accKin_sum_peak_std,arm_accKin_sum_peak_n,arm_jerkKin_sum_Gmean,arm_jerkKin_sum_Gstd,arm_jerkKin_sum_peak_mean,arm_jerkKin_sum_peak_std,arm_jerkKin_sum_peak_n,arm_angSpeed_sum_Gmean,arm_angSpeed_sum_Gstd,arm_angSpeed_sum_peak_mean,arm_angSpeed_sum_peak_std,arm_angSpeed_sum_peak_n,arm_angAcc_sum_Gmean,arm_angAcc_sum_Gstd,arm_angAcc_sum_peak_mean,arm_angAcc_sum_peak_std,arm_angAcc_sum_peak_n,lowerbody_torque_sum_Gmean,lowerbody_torque_sum_Gstd,lowerbody_torque_sum_peak_mean,lowerbody_torque_sum_peak_std,lowerbody_torque_sum_peak_n,lowerbody_speedKin_sum_Gmean,lowerbody_speedKin_sum_Gstd,lowerbody_speedKin_sum_peak_mean,lowerbody_speedKin_sum_peak_std,lowerbody_speedKin_sum_peak_n,lowerbody_accKin_sum_Gmean,lowerbody_accKin_sum_Gstd,lowerbody_accKin_sum_peak_mean,lowerbody_accKin_sum_peak_std,lowerbody_accKin_sum_peak_n,lowerbody_jerkKin_sum_Gmean,lowerbody_jerkKin_sum_Gstd,lowerbody_jerkKin_sum_peak_mean,lowerbody_jerkKin_sum_peak_std,lowerbody_jerkKin_sum_peak_n,lowerbody_angSpeed_sum_Gmean,lowerbody_angSpeed_sum_Gstd,lowerbody_angSpeed_sum_peak_mean,lowerbody_angSpeed_sum_peak_std,lowerbody_angSpeed_sum_peak_n,lowerbody_angAcc_sum_Gmean,lowerbody_angAcc_sum_Gstd,lowerbody_angAcc_sum_peak_mean,lowerbody_angAcc_sum_peak_std,lowerbody_angAcc_sum_peak_n,leg_torque_sum_Gmean,leg_torque_sum_Gstd,leg_torque_sum_peak_mean,leg_torque_sum_peak_std,leg_torque_sum_peak_n,leg_speedKin_sum_Gmean,leg_speedKin_sum_Gstd,leg_speedKin_sum_peak_mean,leg_speedKin_sum_peak_std,leg_speedKin_sum_peak_n,leg_accKin_sum_Gmean,leg_accKin_sum_Gstd,leg_accKin_sum_peak_mean,leg_accKin_sum_peak_std,leg_accKin_sum_peak_n,leg_jerkKin_sum_Gmean,leg_jerkKin_sum_Gstd,leg_jerkKin_sum_peak_mean,leg_jerkKin_sum_peak_std,leg_jerkKin_sum_peak_n,leg_angSpeed_sum_Gmean,leg_angSpeed_sum_Gstd,leg_angSpeed_sum_peak_mean,leg_angSpeed_sum_peak_std,leg_angSpeed_sum_peak_n,leg_angAcc_sum_Gmean,leg_angAcc_sum_Gstd,leg_angAcc_sum_peak_mean,leg_angAcc_sum_peak_std,leg_angAcc_sum_peak_n,head_torque_sum_Gmean,head_torque_sum_Gstd,head_torque_sum_peak_mean,head_torque_sum_peak_std,head_torque_sum_peak_n,head_speedKin_sum_Gmean,head_speedKin_sum_Gstd,head_speedKin_sum_peak_mean,head_speedKin_sum_peak_std,head_speedKin_sum_peak_n,head_accKin_sum_Gmean,head_accKin_sum_Gstd,head_accKin_sum_peak_mean,head_accKin_sum_peak_std,head_accKin_sum_peak_n,head_jerkKin_sum_Gmean,head_jerkKin_sum_Gstd,head_jerkKin_sum_peak_mean,head_jerkKin_sum_peak_std,head_jerkKin_sum_peak_n,head_angSpeed_sum_Gmean,head_angSpeed_sum_Gstd,head_angSpeed_sum_peak_mean,head_angSpeed_sum_peak_std,head_angSpeed_sum_peak_n,head_angAcc_sum_Gmean,head_angAcc_sum_Gstd,head_angAcc_sum_peak_mean,head_angAcc_sum_peak_std,head_angAcc_sum_peak_n,arms_submovements,arms_duration,bbmv_wrist,Wrist_tempVar
5948.0,2,0.0,0.0069691951188062245,0.004985157252063134,8,0.0023800519623016717,0.002957059337756646,0.0,0.0,0,0.0,0.0,0.0,0.0,0,0.0,0.0,0_2_2_p0,vrouw,combinatie,c0,19.338500427481613,0.02598190088131089,15.071776202563022,0.030991502836919115,14.298535328937616,0.025261372983287334,15.959382724943433,0.02233375738355337,6.9638358150675215,2.1499290755254328,9.707940260763374,2.458293503611523,10.0,140.56110974168152,54.18815765355177,212.42189145033535,43.939457922702736,6.0,4.475322181202216,2.6787542352721054,9.025410557388932,2.617071279922391,6.0,0.44528032377006144,0.2349483468348438,0.8985447241100377,0.29955485089112127,5.0,6.121622308935515,2.492870975980281,9.740254972343427,2.3169190468880028,6.0,0.629377395500432,0.25058607784171505,0.9306010544685036,0.30597683613979465,8.0,79.70345746569956,15.699045940893614,75.09658857882724,10.921624007807019,2.0,34.287531929269115,16.307669872635326,6.504794818645168,3.1276786485480534,2.0,1.2763408687134976,0.8202441293125793,0.47527669012990653,0.7077850564084093,3.0,0.1380101834376426,0.09361557136195982,0.01455645116663475,0.005911027860979688,2.0,2.5594664454500458,1.0637495502557262,3.806458635523991,1.5399698811736966,2.0,0.23542112974194185,0.12824566040137633,0.15034991068214168,0.014538266177845108,3.0,11.4909187883571,2.707248498668612,12.217027754080107,0.7152782280795138,3.0,52.072924577823066,17.597331242779276,10.991416968918276,1.3745391713749853,2.0,1.4674523256816354,0.570840299156848,0.4947524306116142,0.31986316452031144,2.0,0.12577145266877637,0.06566003771122114,0.03071604557692335,0.0023662552500143983,2.0,1.2418628780895393,0.7488787956592898,0.6416466547475356,0.33397220707340036,2.0,0.1344554757354851,0.07174714051171276,0.0360873242509407,0.0035676721372093017,2.0,19.32675754454444,8.592430980806954,11.071247329640354,2.8706939929637696,4.0,22.044677263634885,9.749092820273697,18.42770367563051,3.227541342202586,2.0,0.8149864358651746,0.5174200194971853,0.3461754344657844,,1.0,0.09768086928462624,0.06860070522867807,0.050959063794123155,0.046494902770065134,2.0,0.9238113162448178,0.5453230944578521,1.739986402097381,0.2685294489112133,3.0,0.08585636968176331,0.03986569794536225,0.12083447305821443,0.04533148114423331,3.0,16,5948.0,101815.68501234034,951.0118894173263
1866.0,1,1198.0,0.0022734227682867504,0.000876567473024979,4,0.0009936774751407834,0.0005833176839029656,0.03698988821612405,0.011137188078265275,2,0.1148860362763107,0.2107302843929143,,,0,216.24333786229786,12.131091478413737,0_2_3_p0,vrouw,combinatie,c1,15.590023617798161,0.047255417878058,,0.0,,0.0,,0.0,6.799062049732396,2.78326891390681,11.747514314418531,3.56915348861896,2.0,148.02427896976343,36.82478414740428,190.26040470946097,19.158596708062248,3.0,4.838734528635896,1.7834984752046548,7.39130218962386,0.9219031676487313,3.0,0.5478643244809472,0.22135767913615206,0.862578379882296,0.14252626832288956,3.0,7.98978364791631,3.426742746282062,11.269241674449761,1.7906168300344527,3.0,0.7825467155253186,0.3523221881768306,1.1744223303159487,0.5213778007097236,2.0,,,,,0.0,,,,,0.0,,,,,0.0,,,,,0.0,,,,,0.0,,,,,0.0,,,,,0.0,,,,,0.0,,,,,0.0,,,,,0.0,,,,,0.0,,,,,0.0,,,,,0.0,,,,,0.0,,,,,0.0,,,,,0.0,,,,,0.0,,,,,0.0,7,1866.0,45481.05373434131,101.85575587824864
5748.0,1,486.0,0.0006993447678990571,0.00043621685470211167,7,0.001298613276086069,0.0010331416044567006,0.0009549301808057,,1,0.37566942384410795,0.35367869850530004,,,0,224.88421224187914,64.0288009327872,0_2_4_p0,vrouw,combinatie,c2,19.118564648681836,0.029751429627757488,15.146970117929232,0.03360152506729776,14.423637416660496,0.022699985126002863,15.129584014733846,0.013047346285203898,7.487289696541356,2.4507466307382115,9.548815484625981,2.018740463120478,6.0,157.26333247418805,73.22593385295748,102.65554421346157,71.72295036255397,7.0,5.302183606354689,3.0616108592283697,3.430631703096893,2.713454757602126,7.0,0.5364498645690866,0.3182412885296208,0.4277185487341734,0.3052278831082413,6.0,5.62566155455768,2.982335355971639,3.480535749952739,2.396756109452905,6.0,0.5020622152348423,0.30354008529508836,0.27044993353287056,0.11549510638173045,5.0,63.72549343148313,11.720740814331444,77.97433260683839,10.161652581666495,3.0,42.018273468664106,18.231014066462812,17.41184715854883,13.882136485933188,2.0,1.5619354858536258,0.8890966716467026,0.6531680071685554,0.6704002128221662,2.0,0.1594108179060475,0.10256324604915987,0.0586147446924399,0.06572598599653943,2.0,3.3270050514954757,1.2389064516540762,2.0840766388369745,1.727388235322659,2.0,0.22806518140599538,0.07596970105323919,0.33191025309796174,0.16386571861913765,3.0,12.670937322217636,1.0499939911485803,12.208000545646932,0.7482349443917852,2.0,25.75268068505713,10.621759196862147,5.0427151009740045,,1.0,0.7026532029242646,0.38124933529350724,0.28985942454902747,0.012418118182513763,2.0,0.0653509289864499,0.026822592424347147,0.029168947631746902,0.006895696450272234,2.0,1.9995979072089196,0.8273330493816311,0.898388945881837,0.8361250925051424,2.0,0.10911893368508899,0.06465624393162817,0.02851064877302955,0.030305644413961722,2.0,16.57337336977495,6.6871277684737755,17.21805184307431,9.303960138821832,3.0,76.13329574249285,54.53572383605708,9.253904777758775,5.116345748915184,2.0,2.390507343726829,2.15712110109262,0.4344823346046131,0.32512690687239204,2.0,0.2637467538048466,0.25028738161700115,0.0375995127646263,,1.0,1.1278364498473108,0.9020448473741869,0.2855535468424826,,1.0,0.09051104833339205,0.05898000337196681,0.044358915561580795,0.00434709409316096,2.0,15,5748.0,96034.85507620568,695.913051288408
2298.0,1,654.0,0.0115306747351117,0.006511911806523609,3,0.004072007736048686,0.003873388326904954,0.0194222222106912,,1,0.4350930222292264,0.2847987291197607,,,1,343.0292741561998,46.32452270259239,0_2_5_p0,verbranden,combinatie,c0,16.01491218279609,0.03117653437622495,15.33772749369068,0.046113608744288416,15.455779395041224,0.01887834453191329,13.55424972229061,0.06386274759252211,9.5371126120767,1.350842667347028,9.502672784608665,1.3514919774288205,4.0,148.06099731525518,59.35929769281304,154.1704405167007,3.5350869712735373,2.0,5.916961782740003,2.721482976256896,2.4005619462006957,0.7083493813121581,2.0,0.5947542826174534,0.2785049990644089,0.3193712238616517,0.10443416566823892,2.0,5.675787407226901,2.06813134815312,4.222010230515519,2.31670478164911,3.0,0.607452678254301,0.2056414576125415,0.5644513760199711,0.30025627566102203,3.0,76.82949656437229,11.130332833194396,64.20070781506685,4.263738835671634,3.0,23.052621025876267,5.308345624921467,24.11688105284583,5.507928490095305,3.0,0.5278291068566371,0.2733427223870677,0.3412578978314653,0.2866382293512051,3.0,0.06255331414633541,0.026888226491084046,0.03580361406580954,0.00812052750013365,5.0,2.3262582323226315,0.9376690808699475,1.7553667044887151,0.5651656330702269,4.0,0.228306925608042,0.09616350563736545,0.19112895268771424,0.06716037613122573,3.0,12.659335232365555,1.3181220624953844,13.105464691128894,0.5510907102629438,3.0,23.191792117247033,8.222681169834091,29.021841502037766,4.943949677432721,2.0,0.7463693853735255,0.39409775495770016,0.7197001933526296,0.46923675879255844,2.0,0.07297131900638582,0.04392073728123088,0.07108400877821114,0.03359547452409736,2.0,1.3355530599855991,0.7824659360150835,1.1392780150179933,0.866500475129071,3.0,0.12328283146836985,0.07065009586902933,0.14032106518824916,0.04749086129482522,2.0,19.322131057129,9.575549355157523,11.142657097150336,,1.0,42.48843006460198,9.75565554003645,23.65614920792639,17.96269602194981,2.0,1.4563041058620119,0.5786374882338927,0.32512457275644174,0.1523330476195166,2.0,0.15537850289366026,0.08066099898181675,0.0447643589005994,,1.0,0.7564148644555946,0.3640368503415848,1.063697908058939,0.28457189027749397,2.0,0.07060618219001415,0.022299897974559613,0.1367660991017141,0.0569178848669818,2.0,5,2098.0,49576.84540518225,214.0
3882.0,1,1992.0,0.0009163102670361167,0.0009317181098161872,6,0.001167437817620636,0.0011528510246414559,0.0096769127881513,4.115083371166492e-06,2,0.11130333538167943,0.20574093263101884,,,0,267.82047622608894,39.80976464585905,0_2_6_p0,verbranden,combinatie,c1,18.38682224873094,0.033143076007261046,,0.0,,0.0,,0.0,8.252544354366128,0.9778865297022795,10.354488461815047,2.0420164076119436,4.0,99.23733321154971,48.53629506063173,75.46738976379638,28.32065636270503,5.0,4.10283032635047,2.434752226465105,3.942146750139353,1.8953268961668681,5.0,0.44959834737626897,0.2784312390330031,0.4579600741939112,0.36858986697043783,5.0,3.974782615107571,2.265727932936343,4.8211993240494815,3.613961043790894,5.0,0.3887611470927071,0.17688805795373705,0.38691307826011195,0.22712694481280654,5.0,,,,,0.0,,,,,0.0,,,,,0.0,,,,,0.0,,,,,0.0,,,,,0.0,,,,,0.0,,,,,0.0,,,,,0.0,,,,,0.0,,,,,0.0,,,,,0.0,,,,,0.0,,,,,0.0,,,,,0.0,,,,,0.0,,,,,0.0,,,,,0.0,9,3882.0,27419.655416762067,1050.5115613250728
5014.0,1,2966.0,0.0005953192771680907,0.0004404973621167178,8,0.00116050299404912,0.0007751656878882729,0.01836850096013808,2.3191979161172755e-05,5,0.11397586246339675,0.15800096333618807,,,1,260.76469941986164,46.47755318597861,0_2_7_p0,verbranden,combinatie,c2,18.712366459915387,0.015690469873459408,,0.0,,0.0,,0.0,7.581691702367665,2.031384553571324,8.309987704269417,1.9454418549675685,5.0,108.02625118434878,75.24363784595548,37.004319259586254,10.886961886372609,5.0,4.588891201506396,3.6916571840658667,1.7566110268588897,0.91372801127248,5.0,0.4646826287569009,0.35223568473773603,0.14979217743000578,0.03755625971138124,5.0,4.810825591705268,3.433498184890015,2.4441628540680234,1.0938652948263459,5.0,0.4700755989445675,0.26632620275807983,0.1979622091770643,0.0865966078648092,5.0,,,,,0.0,,,,,0.0,,,,,0.0,,,,,0.0,,,,,0.0,,,,,0.0,,,,,0.0,,,,,0.0,,,,,0.0,,,,,0.0,,,,,0.0,,,,,0.0,,,,,0.0,,,,,0.0,,,,,0.0,,,,,0.0,,,,,0.0,,,,,0.0,8,5014.0,90235.86808852322,2383.454671898611
2282.0,1,0.0,0.00055800644219016,0.00011323943823697369,5,0.0003147975040791627,0.00014141684541704255,0.0,0.0,0,0.0,0.0,0.0,0.0,0,0.0,0.0,0_2_8_p0,ik,combinatie,c0,16.32584908651655,0.016506436187899497,,0.0,,0.0,,0.0,9.033014508944762,1.262524372988334,11.217452981485414,2.5543465381952157,3.0,89.64297170404936,64.3960330253872,194.060905692995,24.086706144606573,2.0,4.61754861396901,3.304742907899781,8.999055447332927,1.5521280985763057,3.0,0.46978372016957604,0.3191813212846253,1.076513935547665,0.30725287391474865,2.0,2.865477942976197,1.9901572070241649,6.272521915587939,0.23717882679334462,2.0,0.28777752132547446,0.1885122925423376,0.4203700419311738,0.049937922545827365,2.0,,,,,0.0,,,,,0.0,,,,,0.0,,,,,0.0,,,,,0.0,,,,,0.0,,,,,0.0,,,,,0.0,,,,,0.0,,,,,0.0,,,,,0.0,,,,,0.0,,,,,0.0,,,,,0.0,,,,,0.0,,,,,0.0,,,,,0.0,,,,,0.0,3,2282.0,5028.599157289224,
0.0,0,0.0,,,0,,,0.0,0.0,0,0.0,0.0,0.0,0.0,0,0.0,0.0,0_2_9_p0,kauwen,combinatie,c0,,,,,,,,,,,,,,,,,,,,,,,,,,,,,,,,,,,,,,,,,,,,,,,,,,,,,,,,,,,,,,,,,,,,,,,,,,,,,,,,,,,,,,,,,,,,,,,,,,,,,,,,,,,,,,,,,,,,,,,,,,,,,,,,,0,0.0,0.0,0.0
3682.0,2,1214.0,0.0014364724026379998,0.0012186563452319873,6,0.0011087578205053509,0.0008485559735938955,0.00071801723053935,2.790863107320977e-06,2,0.43938374329664087,0.2688773685060625,,,2,225.66013632556695,71.75787438570123,0_2_23_p1,groot,combinatie,c0,16.77414247669472,0.021288317178915064,9.675612299355558,0.05205636195605315,9.635213689087376,0.0287896422987896,1.8153737759917716,0.11778303565638351,6.99978083340812,2.056223485363001,7.835032359704937,2.950449720711101,3.0,146.23375981442732,78.61561510012781,104.14530455045255,90.33175382013587,4.0,5.3439710819013335,3.425104186013956,3.9469708036551685,4.129592721902544,4.0,0.45904516781632937,0.2310873198437849,0.4011593687923368,0.1726520315799284,4.0,3.9763338463316447,1.5298116145679121,2.7841137707322394,1.1431965435804137,4.0,0.3293389794491262,0.09979125939011316,0.2993432683573829,0.09805668192204545,6.0,70.61512329247309,7.466647412143919,71.34261783661151,,1.0,20.594651087644426,2.249438944150191,3.500093583745263,,1.0,0.3363729940333989,0.1887984500012913,0.1569687502099862,,1.0,0.05801122509018657,0.024990232377964116,0.0132540204515616,,1.0,1.3064718393497974,0.2789714750392992,0.2581401229852761,,1.0,0.17737332658214908,0.05230875773803402,,,0.0,12.980363106222493,1.1525139299020053,12.952806111336717,,1.0,29.29048468862598,5.98374288951168,7.871355146320682,,1.0,0.8282245247437943,0.17085547287197192,0.3551117019816007,,1.0,0.09208025511341762,0.025739568752999976,0.018379114859309,,1.0,1.3630219747464523,0.6858573690507163,0.3611809813096931,,1.0,0.12814461999748566,0.031670270984730006,0.0266682069483484,,1.0,19.495180502700286,1.6362892718728357,,,0.0,47.39275576354461,1.4397918935408833,,,0.0,1.4749142911523199,0.20460811206983195,,,0.0,0.19602753624809588,0.015827595138008122,,,0.0,1.0701803267469174,0.02079538120868004,0.2163069558630793,,1.0,0.042146372432588425,0.006806239485717158,,,0.0,7,3348.0,140138.60004550268,710.7048172537526
4074.0,1,1070.0,0.00041159112553204,0.00017848251723196902,5,0.0006756612043508412,0.000498445384275572,0.0004270872660169,,1,0.4834638957997446,0.2974914631861497,,,1,262.463447413734,66.8087087007495,0_2_24_p1,groot,combinatie,c1,17.699682804079764,0.013102409299922263,13.103722268405223,0.005330048436435245,13.592247935656205,0.03604276065585552,18.258933647248227,0.04056926871141886,7.7812541072822015,1.9336769364438575,8.271664007431893,2.2724575389347375,4.0,111.91166332402248,71.80707779379324,39.99883713820348,42.766064466484046,2.0,4.424268560807607,3.1307331157162928,1.0081733900628673,0.8061276860552824,4.0,0.3750439526216068,0.25617815257557797,0.16038113420570826,0.11084797216006685,4.0,4.749825679632832,1.5771882362054572,2.74676815949169,1.8021676158981645,3.0,0.39242776265085827,0.12664885041114535,0.3641648089828577,0.1719432359896747,5.0,71.2082285362594,7.240713351916778,63.32541900981926,1.483818329581855,2.0,14.8744618500455,7.798948063653794,2.871302298091005,,1.0,0.5037460019307597,0.42321484907330037,0.13122073018073835,0.13735496991269558,2.0,0.05060034943609309,0.038372178277698156,0.0186021505684768,,1.0,2.168603602623958,1.4891410438763963,2.0670779531743326,1.9446406206599902,2.0,0.2495353553006265,0.15186451837499268,0.38153436840671395,0.42692663758879745,2.0,13.786864172133438,1.161594663956488,13.929578190582747,0.5378326518523253,2.0,23.05035904735824,7.177062427733433,11.253328001157765,1.1372176271636305,2.0,0.7867828597115626,0.2394268728124263,0.24229428413519385,0.11738024252499422,2.0,0.09054273809669121,0.027877579988691552,0.027915086845552998,0.009284070896756485,3.0,1.188630033128116,0.43746334942688997,0.2518704064287183,0.0283540658249424,2.0,0.08391783959313051,0.03362359490403357,0.0178317047643363,,1.0,16.226436522766143,6.807180311610994,17.867541592884688,5.584428090975458,6.0,17.08173381435773,5.430160143666274,9.874942866079596,3.766071380429894,5.0,0.6291883361888198,0.28964746464368324,0.397178525530998,0.2976412573504756,5.0,0.06515281244425589,0.03254982976008266,0.04106484827280106,0.029865490062008393,5.0,0.8392692745270077,0.4510622633501982,0.6302659348942515,0.2517598246447395,3.0,0.06958707068418755,0.041794560299754396,0.050815608100745674,0.021435590623930138,4.0,6,4074.0,63726.88472454884,950.0
3116.0,1,1382.0,0.0007787800273654,0.0005715580937042364,5,0.0006808704135115411,0.0004318777755360432,0.0007565911766605001,1.995453047886687e-06,2,0.4614244778712991,0.3166323758871859,,,2,267.4097006462892,54.80971038788179,0_2_25_p1,groot,combinatie,c2,16.469849708160666,0.0158320264672715,,0.0,,0.0,,0.0,6.324054783674146,2.122113316295236,6.669155218611468,2.761329125284883,4.0,143.11124713661695,94.87465237104809,69.3725748060034,66.4368126663806,3.0,5.23353971877491,4.962803789158647,2.2013191033336716,0.4671371144249438,3.0,0.44873080286976613,0.4154162405721299,0.21828686025724245,0.0007586731281578713,2.0,4.535179960124721,2.125933962179522,2.063278779013908,1.742215823299796,4.0,0.3511545313161451,0.13886929309690152,0.19721417028010088,0.12359226088307838,4.0,,,,,0.0,,,,,0.0,,,,,0.0,,,,,0.0,,,,,0.0,,,,,0.0,,,,,0.0,,,,,0.0,,,,,0.0,,,,,0.0,,,,,0.0,,,,,0.0,,,,,0.0,,,,,0.0,,,,,0.0,,,,,0.0,,,,,0.0,,,,,0.0,8,3116.0,155169.94641041284,840.257747990441
4122.0,2,1894.0,0.0008383333002389741,0.0006906641241388491,5,0.0014925574948909993,0.001306312552378353,0.025625873569515553,0.005743073848806286,2,0.18360552394227667,0.2910127542910346,230.9858977184716,,1,349.0895398900926,82.72096078092498,0_2_26_p1,hoog,combinatie,c0,17.0288016828912,0.013740648432389969,10.46583408357947,0.07031094728738843,10.314710819415414,0.020436415884002156,17.47845816883853,0.02331405670872385,9.154923801408831,1.1085813776291886,9.308439135043729,0.9715580530867237,6.0,121.9207762857338,88.68729861596236,42.91558191310491,42.190393930378846,2.0,5.066608950462017,3.8873458906262313,1.5874594827855386,1.4179084511129427,3.0,0.4257419339709295,0.30036951515910654,0.159601465945809,0.08235069366512345,3.0,5.359177847967128,2.682219066180957,3.7225397165993406,2.6554455632804355,5.0,0.4713022982169733,0.201624740416198,0.3441084587653706,0.11112018772917391,5.0,74.95443639380736,14.901407690804053,88.51758855418583,,1.0,35.50539823296313,8.416145507497845,4.8159229303537225,,1.0,1.4190911312834866,0.6063456235912459,0.0330731156534628,,1.0,0.12607341660205745,0.08480694810577366,0.0088581432409103,,1.0,2.5744379592506723,1.7542137206447423,3.6613521371806654,,1.0,0.3334440704630232,0.22725597288642205,0.7024632070088875,,1.0,14.662723962991825,3.183459469117301,13.8785801004309,,1.0,25.53596724181223,7.208341730364524,7.215476911303289,,1.0,0.8671980826769796,0.2306860719453277,0.1630706584527642,,1.0,0.09301476601718782,0.036134934761177885,0.0277225614338937,,1.0,0.7530574718660789,0.26538881470544595,0.4564352086680432,,1.0,0.05296545164182533,0.01808312574058214,0.0587066991132508,,1.0,18.208023548687525,8.273013859083019,16.53878735077923,6.15579947061147,5.0,23.765778614899126,12.687996550561648,8.374037768017773,5.997134219966603,3.0,0.9080961172769844,0.49895273699149173,0.2642853412792531,0.12131821346543287,4.0,0.09042447737417703,0.04045169595086956,0.0383281646335995,0.0211525954246527,4.0,0.8481574570779791,0.7494263123853794,0.2624078615483729,0.07054654508876697,4.0,0.0776045012367999,0.06986897173162233,0.026445399908528962,0.023109242396884035,5.0,5,3682.0,82712.76530278267,499.0
5176.0,1,1022.0,0.0011368596410388002,0.0005729681139267204,10,0.0012151563271238734,0.0008186907947548351,0.022911985767476002,5.995270343309083e-06,2,0.46406236042298754,0.23067745498508152,,,1,309.89930189194695,101.43497251443017,0_2_27_p1,hoog,combinatie,c1,17.81038474496274,0.00961851682452419,11.25602856359172,0.04121462430346324,10.866770673015127,0.03338555939017123,18.580455362862264,0.019196004703918836,9.863568885059166,1.4148585280771857,9.112568844322102,1.5325656311407307,7.0,108.9328723381435,78.98965682765477,107.273929635175,91.1071024617249,4.0,3.683276637118768,2.811196471371957,2.953748933814294,2.4618610655767865,5.0,0.31042776003067485,0.22975802089670805,0.16185201283419426,0.0822762626013566,4.0,4.712557576739289,2.305817883545725,3.4022449698662656,2.52039243728436,5.0,0.43060880087186443,0.20301681892030504,0.403281543226263,0.24203275473927383,5.0,70.71984728045987,5.265563360246879,74.70766584061599,,1.0,8.259567642346818,2.813843917521924,,,0.0,0.42138355281310336,0.19019324577733462,0.0580365643760756,,1.0,0.03318760025299325,0.008778091775828462,0.0425617410573522,,1.0,4.064892997180715,3.4212654485838856,1.9764656203803863,,1.0,0.3075455683029165,0.13151283811632097,0.0541770102571492,,1.0,14.02885771829488,0.4991116160826077,13.95372523652901,0.3293199503531433,2.0,24.567943969990484,2.249499396879087,26.16555776308129,,1.0,0.43543861506947706,0.12132853908464673,0.8720123068844414,,1.0,0.04598319472671103,0.012649236351862608,0.0567309758531921,,1.0,0.6492339546988666,0.31478480508176415,0.6588213511974814,,1.0,0.03843003679146781,0.011153294386083307,0.0844391251631634,,1.0,17.58169841037297,7.706294585726404,14.8351581334277,4.918060959269037,8.0,22.454012985813545,12.22284860585896,21.342406943271204,20.162142775543288,4.0,0.7741960128545298,0.5338751154884475,1.1775085797416955,0.8783954181776801,6.0,0.07728200357777472,0.05938156102870259,0.09112980962410108,0.08413506841888178,5.0,0.9111222370557243,0.7871405308894011,0.696978413398714,0.5260388607015855,6.0,0.08284258764471504,0.07232228138259884,0.05571587841050725,0.02078951587839592,5.0,9,5176.0,128591.36414096897,1751.5018337459724
4246.0,1,758.0,0.00111178504609058,0.000756169368039751,5,0.001258138724495309,0.0009063618862921326,0.0039296826662469,,1,0.4110607841034128,0.2187037088113791,,,1,273.1095959751314,81.10779413502482,0_2_28_p1,hoog,combinatie,c2,18.12267044272407,0.01151307245139069,16.87976852222204,0.018958192796282077,17.384839662573533,0.027865542186796374,16.645871668355824,0.020760796871968735,9.309172841179313,1.4339324602088184,9.525230895521252,0.9152340838634153,6.0,131.53950843469727,69.38237890069588,46.74945349015243,33.978919116108216,3.0,6.117561256579614,2.9911491753288812,2.748960948348035,1.6540974525105396,3.0,0.5446769195052802,0.2672505675629638,0.29535870098196143,0.1849351057918496,4.0,6.499732247722211,3.0638216420792572,5.495137458590888,4.365117558436379,5.0,0.6609440801272515,0.2893038664676741,0.5443378416451494,0.316677445488235,4.0,85.80154088141369,22.16015476905517,83.7594492014174,15.4300871811423,5.0,13.706374743671294,7.718598478393457,19.422418378936374,11.502079746784915,3.0,0.46247582611495847,0.442250016052313,0.5736387823367148,0.6748015394325759,4.0,0.04935521149100594,0.04292665194498628,0.0977756158872569,0.10783937441848042,2.0,4.076056267175726,4.088973851245772,2.5496093420356987,2.0873361726343855,5.0,0.4227536083346951,0.3818094725515614,0.27772476148185654,0.1653493442344125,4.0,13.959391261405958,2.05229333815976,12.43506658135002,4.379940156237172,6.0,17.10134899183102,6.768053974749093,14.528782628568456,6.670038581663253,3.0,0.5886776253520596,0.2720217984803571,0.5725714167947799,0.37697180860394447,4.0,0.060028716198579544,0.026893241815357793,0.07926108827335053,0.0571306182491159,3.0,0.757757492639635,0.473706323613819,0.34744683900462364,0.1194907140398913,3.0,0.06764559493510526,0.035947551514893726,0.06934301202796338,0.03429926131789572,4.0,18.039333257035047,10.036936481104155,14.999053492869413,6.427977334025713,6.0,23.263687592726956,10.806127387426168,19.27052354164763,20.001598840516653,3.0,0.7145513186517797,0.3153075922161883,0.6555310792400687,0.2627993464336674,3.0,0.07238299094949383,0.02930167899607111,0.05785661303570068,0.02686580132402669,5.0,0.8190004248892359,0.5788846823852059,0.8600058256366249,0.8418252215464482,4.0,0.06956975084983513,0.044426776457000675,0.06436942056455942,0.062319532652100385,4.0,9,4246.0,90424.41289056136,1028.9473978149533
2046.0,1,1870.0,0.000328013256798575,0.0001832814377792913,4,0.0005753955540308709,0.0004218345241587287,0.13804307946509944,0.22772402878448592,4,0.2707782993777356,0.24924991424828644,,,2,308.74765617428926,59.70523366349453,0_2_29_p1,blij,combinatie,c0,,0.0,11.435931193842826,0.04990668387838137,10.750507337406761,0.04757437340447607,15.519909759810227,0.03318822064183457,,,,,0.0,,,,,0.0,,,,,0.0,,,,,0.0,,,,,0.0,,,,,0.0,80.20228241476883,17.399578475935044,70.22211814556651,5.1456893313739345,2.0,9.643293170120712,1.4905761038775185,3.3821265056348406,4.161630728171278,2.0,0.19249014423914096,0.07370157799290014,0.415985147766486,,1.0,0.03019587803998648,0.01098267931951251,0.07175393349308574,0.07444198524524273,2.0,4.678495973263316,2.1637179033128677,2.2034029953151992,1.5037537245513073,2.0,0.42718793815865874,0.253430296152839,0.2044047405720059,,1.0,13.679485870218986,2.0542237464292215,13.888368437869103,0.5184422033654987,2.0,17.860037458037574,1.8897730766712169,11.008733185943226,,1.0,0.3020727113052563,0.11942181374251641,0.391121316156253,,1.0,0.03865508536789132,0.01543251470808858,0.03988464470499475,0.0342987023379981,2.0,0.592714265401597,0.21450869244821516,0.2805659823985736,,1.0,0.06650148030096403,0.025943714924421726,0.0349094556493771,,1.0,17.815955113036992,5.566564327553464,14.904269845701446,2.190403638833135,4.0,33.370527293040915,14.795034656875107,20.27104338118444,2.605930529128768,2.0,1.2835892131000861,0.6996367630594028,0.582673874927314,0.10329702878598584,2.0,0.1418980911907212,0.08258327245793734,0.0527547742173633,0.008658404375748158,2.0,0.7530183449714877,0.33626143803919206,0.42768443974357817,0.268327390968916,3.0,0.07253093527113876,0.020689605851148436,0.038982805385964235,0.02181125783391527,3.0,0,0.0,0.0,0.0
2016.0,1,566.0,0.00039997873627407496,0.00017039927464290177,4,0.00043850123464181975,0.00023303856272462235,0.0251335763185627,,1,0.3578644466552017,0.30398846606537866,,,1,285.776978273256,86.4081451244368,0_2_30_p1,blij,combinatie,c1,16.01088197124679,0.029379749537487957,,0.0,,0.0,,0.0,9.58285954850903,1.4273591212502363,10.779184174021088,0.29366668786198,2.0,109.88466858010315,80.17852426177929,12.429801457549509,0.9804182351278502,2.0,6.736492818950393,4.667209599116565,2.5637016298817654,2.8597838210806246,2.0,0.673244950193808,0.45752399044879255,0.13866859238558701,0.12413263189354971,2.0,5.588563702664673,3.668840652517641,0.8751666527721831,0.5873075121785996,3.0,0.5271575219265973,0.2568493949131766,0.1041701098394517,0.08867388873336049,2.0,,,,,0.0,,,,,0.0,,,,,0.0,,,,,0.0,,,,,0.0,,,,,0.0,,,,,0.0,,,,,0.0,,,,,0.0,,,,,0.0,,,,,0.0,,,,,0.0,,,,,0.0,,,,,0.0,,,,,0.0,,,,,0.0,,,,,0.0,,,,,0.0,3,2016.0,15766.205950321273,
4932.0,2,2246.0,0.000658224983096075,0.0006128199728416315,8,0.0007681200568691275,0.0007271216900828968,0.0162507872056525,1.2567163304937822e-05,2,0.14504240618489192,0.23514062522637605,,,1,231.21879362390146,69.81586090433267,0_2_31_p1,blij,combinatie,c2,18.21203240032876,0.009904923594647886,18.232334260227553,0.013831931267526345,18.49776536826774,0.012288707063356712,18.39779503666031,0.010398901451114008,11.873952592063482,4.358376063986915,13.006444922968013,3.1950882927052597,3.0,63.44720243955486,70.50307384046798,21.523223750195356,10.740577020836145,3.0,3.8531368478528885,4.20003249508554,1.771089718257668,0.1750602619892441,2.0,0.41347345494525534,0.4277704834316321,0.24503826026046305,0.11562164833059525,2.0,4.87010341027063,4.745327975190806,3.991043476151655,3.949794469228814,6.0,0.5098452715539917,0.4514006810740114,0.44631451921870263,0.1515495453897461,3.0,71.45570958061744,15.272282539438239,62.90481910393325,6.2494553217239615,8.0,10.287638610699922,7.307808552630247,9.814120939643075,9.229492893114497,4.0,0.3396782149733718,0.306388277068752,0.49433111797908263,0.6205041809864615,5.0,0.03685823576436221,0.03830152041601538,0.03379562390014415,0.02884140467791418,6.0,4.048578782721028,3.2180858799152583,3.933601312371182,3.3654496674448566,6.0,0.3897736654376256,0.2501785479693438,0.3415623804154333,0.2146594978818722,6.0,13.841613293394683,2.7207640228366854,13.790069353034973,1.4364801735723127,8.0,15.283364275256913,8.564843349896778,11.034228466379552,8.34595168803185,4.0,0.46457865654827357,0.3040359415450945,0.22740932248837936,0.12916175395302182,4.0,0.04875907202399439,0.03592262420124993,0.03871274394863798,0.020925488126874926,5.0,0.7332616683590384,0.5700245443001848,1.0878652428360467,1.4452895366812524,7.0,0.08158592435885093,0.05929840542172521,0.10457262733418903,0.1065216861349941,4.0,18.35139704879353,9.524728926927333,17.982095798597417,4.73791311575393,7.0,16.18926281450073,14.03554092902658,4.7024176142599305,2.6437211344614107,4.0,0.6523426822040799,0.6592427750199661,0.289249364719021,0.13614973902883187,3.0,0.07180282157299059,0.07364378898485999,0.0256569479411163,0.01743448520671227,3.0,0.8814461354246178,0.7784654577947018,0.40438556557012356,0.15789214719388273,6.0,0.09538873353648913,0.07837980340914755,0.048004967691596824,0.028474687995134407,5.0,6,3880.0,9879.796317726354,682.0544129482796
3918.0,1,2446.0,0.001989121368756767,0.0014114047981761252,6,0.0029981824355382655,0.0019491883736531387,0.17244985442221059,0.2914231806971966,4,0.13629862706204215,0.20468112686978446,,,2,219.47854680444834,15.405945723178709,0_2_32_p1,vis,combinatie,c0,15.77101804135376,0.04916963230086902,15.642046882032993,0.027920986971317223,16.06440261059953,0.043942256202703915,16.14475533953401,0.03059818527161778,10.978776516627907,1.519748469067224,10.988297288093673,1.2649937293501374,4.0,138.98185570793038,37.79440686717679,61.82539726149933,78.89585683879659,2.0,4.963563384774002,1.8066524627796454,2.4742953061424218,2.615505523925591,3.0,0.5765989434722162,0.2329479862858129,0.37173915184685746,0.4156420668634867,2.0,3.9340134527559267,1.971254080914848,2.7417609847715116,3.2466006117490136,3.0,0.42211004026378485,0.2914742240270115,0.2274168163408151,,1.0,69.27725299416146,13.052196706884724,73.04585071083434,9.44894882605011,5.0,19.492202372069894,6.067158596540127,12.49659999886203,12.630680338209102,3.0,0.4295631717058016,0.231678270693259,0.6097232414702286,0.6565398270986031,3.0,0.05428283553345016,0.03211657509277753,0.08952870847254886,0.07336827739187,3.0,2.5602180110289874,1.320633236390143,1.9724664181938865,1.6285395225234112,3.0,0.2339575090494453,0.13148774011215958,0.38902120453436917,0.16221328358232784,4.0,13.727983658957319,1.1967682001879885,14.391489440701022,2.7823798764795944,5.0,19.55596638106495,4.413636473818779,22.619579117939995,9.993184469966158,3.0,0.6219023391078862,0.27803802053072957,0.5794163495181697,0.29381387905162376,4.0,0.06883637016678998,0.026860962600078735,0.0727536992106655,0.053300646610257664,3.0,0.7394057318645295,0.33115096823519097,0.602275037548162,0.42841116902556486,4.0,0.07435093084644463,0.030882124598870426,0.0535961176881308,0.019940695499914268,4.0,17.83885651001038,7.287161370799255,15.519207769398223,2.8228266610543686,4.0,49.23607228190988,12.608535877475326,24.486064719920478,36.53172915498006,3.0,0.9945366889115906,0.5111145046987081,0.5572832272472573,0.4325981081260564,3.0,0.11065501450153571,0.052467503262115786,0.055937437935620754,0.04544029341098141,4.0,0.8073117491634803,0.27478978031116985,0.5770848626580576,0.35499469595965294,4.0,0.08004514833562563,0.029955687192549187,0.0633429650766966,0.03698140092852579,5.0,6,1920.0,20987.00854558251,117.0
2662.0,2,1374.0,0.0005360880974592249,0.000392778325537621,4,0.0005995772135738634,0.00036176395561781754,0.00328508248702035,0.0018423769917618133,2,0.4788177235741189,0.33641955869882295,,,0,,,0_2_33_p1,ruiken,combinatie,c0,16.617173791696153,0.027203900047427804,,0.0,,0.0,12.28871652669753,0.054937760863193255,9.677547414510743,1.9760441820256753,8.11062452472492,0.6335126821831143,3.0,128.82753709290196,72.86949139132261,36.76693789415153,21.67561407256641,3.0,5.738315564692533,2.8951144637393713,8.694669389759794,1.6073155602746985,2.0,0.5460382082510379,0.2734370949008348,0.32540951184608685,0.19460832282175652,3.0,4.5632876780431335,2.3110935809240747,2.3982636362501926,1.840551702007864,3.0,0.42899192272320014,0.20158994205504902,0.231766023750351,0.04041126446505039,2.0,,,,,0.0,,,,,0.0,,,,,0.0,,,,,0.0,,,,,0.0,,,,,0.0,,,,,0.0,,,,,0.0,,,,,0.0,,,,,0.0,,,,,0.0,,,,,0.0,16.09096198334337,4.676656024981315,15.261556126058998,2.473742131196388,2.0,32.64306475177928,6.870415504815275,5.732151522731035,1.5029365001179085,2.0,0.9283740877641857,0.366052509188539,0.2080565910194842,,1.0,0.12362100858834171,0.04551282819264009,0.0509806661748635,0.054386879631578816,2.0,0.6171530182007482,0.2369255924557424,0.21024919607560877,0.08019727170716408,2.0,0.055623534435497356,0.0130168288522327,0.02107360975499175,0.00852243094037181,2.0,7,2662.0,51567.37965831327,805.286019535899
3086.0,1,2798.0,0.0027262940770546246,0.001527788532285078,4,0.0032427300440161164,0.0017650101842334323,0.4708385480586498,0.6227298364671895,2,0.22970146497045835,0.29932102897590496,393.7441083238596,,2,386.3868809617131,26.522094167097098,0_2_34_p1,wind,combinatie,c0,16.67235938106392,0.03625289115496385,16.71735593097463,0.0207827963734806,16.149305403863202,0.0195846201491268,5.510881576590519,0.02197890671877523,8.861366154081947,1.2103335978755978,8.698391930443352,1.4139778713400815,4.0,219.3504602396295,55.91931870811086,154.9338246660398,84.2194379230109,4.0,5.456672928673936,2.89892516226593,3.096678458306545,1.60131160866174,3.0,0.5276145894470217,0.262713547895523,0.20389545673901302,0.06544434810095487,4.0,5.160485177122262,1.3218029813074796,4.11280231661144,0.5458916854236913,3.0,0.4803878030509238,0.18255525017550947,0.40347610983617804,0.13042724020823326,3.0,69.74869695740061,6.290605736327566,67.20768732754907,5.333343408851288,5.0,18.419020581576902,8.722430870286946,7.916433163259164,1.6402506280700229,2.0,0.6394930062212145,0.47491529024112084,0.2268650155407999,0.2059506094746525,2.0,0.0680402598048808,0.051400195123195394,0.07581204651359996,0.05127204964888523,3.0,2.082359195343505,1.2813505913061294,1.7390810472388216,0.6833830565127695,4.0,0.27152580823631617,0.2501792834195995,0.43986225227608056,0.4396082076903927,4.0,14.104462399106739,1.0231676450302873,14.148889845495646,0.8347908930398731,4.0,20.279481358482414,8.244758825913172,10.315483006977097,4.786393755872848,2.0,0.6419664133401736,0.4404502515062653,0.23935686968621855,0.09976178627972872,2.0,0.065626244345441,0.0359601955663262,0.042928945977107134,0.023047167118192474,3.0,0.9401771932785752,0.6341939803050374,0.5718111243520602,0.44013375725778214,3.0,0.10786071590862073,0.09038981145981863,0.13978712592498696,0.1964232783540727,4.0,18.479381788767665,12.613350565327348,8.37600701087686,,1.0,36.38832092456529,5.9498372357496985,,,0.0,1.4958973294334372,0.13952138132052092,0.1455320465321256,,1.0,0.06663751980886662,0.027739069375737557,,,0.0,0.8306271242030238,0.27104204731573295,1.0904894453563612,,1.0,0.07463546558460085,0.03737784512370759,0.0765688263452321,,1.0,6,3086.0,125126.29643156193,96.6965471059966
4172.0,1,2636.0,0.0016721307259060833,0.0020719571723693255,6,0.003100609725074753,0.0022242805464818775,0.3726882311137015,0.5130274247640776,3,0.12701453377990765,0.15084571851008,,,1,321.0895395636798,29.28120118342642,0_2_35_p1,heet,combinatie,c0,18.41616481126266,0.03353009225738433,10.773325765600935,0.03364803411823276,10.856335592547886,0.018879074929080523,15.26941732923381,0.023447269106469812,9.041418050792684,1.8415123821536148,8.844417168299799,1.936594371872865,5.0,113.72366198841296,38.85654855934588,96.12489334135097,56.36151799735701,6.0,3.8768606066904368,2.078068085577607,2.961800127197524,1.1867265970562857,4.0,0.42761990990387333,0.2336206208952861,0.2950458923077789,0.14826529602955396,4.0,3.9214204606516234,2.494553362235703,4.0058073596985855,3.733823711280313,3.0,0.3574932250939669,0.21193770874184617,0.24558164125528487,0.1967461096672294,5.0,67.65553975213457,10.902710876433646,71.20801009023525,,1.0,18.929083287499296,6.6798650133714625,3.90476908091692,,1.0,0.6822862348312754,0.29768819352228554,0.2427917802682461,,1.0,0.06235706364168278,0.030922175431899245,0.0153294798403557,,1.0,2.834475537632876,0.8891532768552721,3.466190669228798,,1.0,0.17394078237977117,0.07588670276778951,0.2966388656330275,,1.0,13.604447574890337,1.5647077334670891,13.592132606406576,,1.0,25.212452110998896,3.3448195862918912,3.944678799662392,,1.0,0.7461084163236326,0.1817804608989468,0.2689845382049307,,1.0,0.07828135883886182,0.024871122250000013,0.0173551891153034,,1.0,1.0375308684870477,0.46252190476981325,0.4915881562297343,,1.0,0.09940860361909756,0.04480249574374252,0.1014592490001556,,1.0,17.69931904415965,6.779836071440026,12.345852777709462,3.3731642737963248,3.0,19.06357304513573,7.106728438268077,6.330987333262303,,1.0,0.6398483716290472,0.34647692589696777,0.21236026796634067,0.18608283297501824,4.0,0.06374551551154926,0.030954510267788636,0.04717036357652215,0.028888723018655832,2.0,1.0687804510910883,0.670797426472921,0.8151836930043818,0.9313901108250876,3.0,0.09725348811586258,0.048372139406472586,0.0607780234033474,0.05851425390647065,3.0,12,4064.0,73110.11481651728,381.39360028053534
3306.0,1,3164.0,0.00164833058902806,0.0011075148988681457,5,0.001066652722552649,0.0006751094718126124,0.010226392209898426,0.005454407388249862,4,0.11315307667553308,0.173358303439547,,,1,541.9932035890586,33.4370457769958,0_2_36_p1,heet,combinatie,c1,17.101376040149635,0.026784045196549824,,0.0,,0.0,13.487566278079784,0.053743704301577294,7.644699136508704,1.6487778598407805,7.37016291864987,2.102093466639186,4.0,112.6740753324847,65.1252065064798,80.87584513093171,92.31391527526195,3.0,4.7512168613499774,2.8514640813321357,4.0239591573515225,2.5062527611518304,4.0,0.4694694713318699,0.28470532047477726,0.2625911669055755,0.10190240175226081,3.0,3.8418532338584583,2.076935855894608,3.563727277924702,3.719149649826505,3.0,0.40190039217155815,0.20234800302998565,0.4180656219054538,0.2566573410651101,4.0,,,,,0.0,,,,,0.0,,,,,0.0,,,,,0.0,,,,,0.0,,,,,0.0,,,,,0.0,,,,,0.0,,,,,0.0,,,,,0.0,,,,,0.0,,,,,0.0,16.171189524433416,4.790395765261969,16.4163832359649,0.8723654643119747,2.0,30.031910948360675,5.979282864706544,10.268250087443473,7.959161866994169,2.0,0.7527116550731905,0.3630117048929822,0.6168455071635589,,1.0,0.0977091974445591,0.05365619300909108,0.028359844006811102,0.010640416658681364,2.0,0.7761943178940502,0.47466828913394504,0.8318615011373722,0.12729197654694283,2.0,0.06308713135257589,0.02821573935529137,0.04233194883165565,0.01627281487127967,2.0,6,3306.0,26900.554836249532,269.82628156319805
5734.0,1,2736.0,0.0018846528647094285,0.0016715290938893186,7,0.002801665157284838,0.0026862505108451278,0.00925335163668845,5.624004102148094e-06,2,0.10753510231911921,0.1819758242530238,,,2,290.03385979806507,40.09112471033247,0_2_37_p1,heet,combinatie,c2,19.311997320547757,0.02253502580732871,18.626855373895967,0.016544829188387202,18.29081869851992,0.01637469286586551,12.686645263093915,0.07131575290309115,7.9396854141576485,1.8962977039329818,8.642733761932071,1.5198006821703638,9.0,149.4488276931618,91.62671500655892,159.98334718317776,132.6219750121269,5.0,5.631780645173825,4.165883840573931,3.7099998280592437,4.032076316394962,6.0,0.5571726498691911,0.4088303206926984,0.5066051028337586,0.4643446160107483,5.0,4.343723347750317,2.7221704488727148,3.7501517589560356,2.316431598096767,7.0,0.44020964595679185,0.33492832779198217,0.47503592567089703,0.34361127957020116,5.0,74.23584516750638,13.273570235482152,71.8372770317645,12.545019151026619,8.0,18.307607919576444,9.687251835139211,7.7001909350063755,1.245645820820217,3.0,0.5172150426667455,0.350519731511704,0.3115203067600991,0.17095415638163214,5.0,0.04831159856601718,0.035377180096370975,0.02866962607197492,0.026580836590780955,5.0,2.9360718630713714,2.9130604428955014,3.003047047063916,2.190774508344318,4.0,0.26961351150522067,0.22882711971275527,0.4317033953282517,0.47552023315595016,4.0,14.084994878948821,1.5521869792862444,13.79205126601688,1.392321083388354,11.0,23.42596700052987,10.369435066577685,14.671464531635314,7.00852272346492,5.0,0.6428012956456495,0.3213681714318309,0.40703137280088547,0.2735065898994838,6.0,0.06002617767483679,0.030568283024146613,0.038183223485836866,0.017943670795478775,5.0,0.9493345969593083,0.5144451364919226,0.9807540332699528,0.6998485185155834,7.0,0.09316637106815544,0.05910491563494612,0.09417338792214658,0.035032842871174225,7.0,24.313329509787426,14.332706030911229,13.775033626081687,1.1807449431941723,2.0,31.436698491804897,6.554547859222236,9.691431582741084,9.047617472373812,2.0,1.1024481128419947,0.41094905560385225,0.1082852412990266,,1.0,0.1284398615488144,0.05289038742685779,0.0540723539329763,0.050165943503509364,2.0,1.122024377458691,0.4143628471539308,0.1091919424599444,,1.0,0.12392481886118593,0.04062934133829461,0.0123362805756532,,1.0,11,5734.0,215684.8866078931,1549.155772142654
4312.0,1,0.0,0.00346550185459066,0.002879491757790844,5,0.0025096317429223487,0.00194540895356646,0.0,0.0,0,0.0,0.0,0.0,0.0,0,0.0,0.0,0_2_41_p0,vogel,gebaren,c0,17.91073756601522,0.043526556429520726,16.531861053766487,0.023556233986822474,17.455006096432392,0.047132683602307573,12.113979757955608,0.015555923765630746,9.859723749807882,2.5730113946193307,10.094770354499184,2.1674714104150157,6.0,258.21558676489025,80.58113096215038,220.25647149711205,69.36544185289023,5.0,5.874798535940858,4.691313605629689,4.755949833286617,1.0449341351953814,3.0,0.6146570912361488,0.46056812371975575,0.5076404422022563,0.4254152773812241,4.0,9.216491595470428,3.262152829175413,9.572387682968847,4.271989884193682,6.0,1.0199245245425408,0.380071692031051,1.018873910818036,0.3276332092429166,6.0,71.96935518281117,12.181567099326237,70.23888348752799,8.387310596714515,6.0,17.030000495423927,6.21232071822485,21.136711349431536,4.327715939685375,3.0,0.39755361062092015,0.23210788870340432,0.48677489421545095,0.44726268099983113,4.0,0.0420250072012852,0.020348744878574847,0.06726450497859035,0.0429236254839865,5.0,1.7458858470196197,0.6486063782586265,1.0020037193885758,0.722644892583915,5.0,0.17663791970429826,0.07135410106131342,0.14126418025788798,0.07341130102471925,5.0,13.41039157895525,0.6451187091015076,13.264046971387392,0.7052638758717222,6.0,24.88268426142295,7.5254902442030325,19.96113590354456,12.719633798677854,4.0,0.7986283962916744,0.38455939819768714,0.5215827296663538,0.26567065094712783,4.0,0.08302755822565884,0.03858070466204079,0.0612028970608788,0.03336310427600776,3.0,1.6806893553351476,0.9650206237106873,1.665325054467322,1.7884486534528177,4.0,0.19130669585171037,0.1089573862321843,0.23491234936306093,0.17066963419640171,3.0,18.202750453872618,8.418295379574657,19.133200706572367,4.606349880366254,2.0,36.29049975890797,11.433186666772896,13.654707455200654,,1.0,0.8404504472359603,0.41820702224596334,0.21522473267738956,0.05839513996587906,2.0,0.08175630260825452,0.038082096697511794,0.025182632745319698,0.007359315555809439,2.0,1.1852165453526395,0.5911710160512704,0.4623425768435545,0.20961227195790835,2.0,0.11464860644629779,0.04941502794331171,0.0349616733407023,0.03494774493445578,2.0,18,4248.0,294871.568136149,183.36393811380623
4696.0,1,0.0,0.0007398671145752286,0.0005100719291551106,7,0.0008274827779623346,0.0005003477029805611,0.0,0.0,0,0.0,0.0,0.0,0.0,0,0.0,0.0,0_2_43_p0,water,gebaren,c0,18.949480122056304,0.03750338297315378,11.173405238568185,0.056832492739598284,11.19534244342649,0.0416477205179034,14.261754682855429,0.026090865450771335,7.840864028530763,1.9444942542617714,8.056789183498347,1.9579588971395354,6.0,174.65706630590756,81.59713929602468,149.09606864261318,71.0702246589413,5.0,6.957327841726414,3.850096535739391,4.564413334494425,2.378106321354786,5.0,0.7175885729180085,0.41270967016569193,0.5170361166491126,0.2892252311435826,5.0,5.731336377484227,2.0872664658453646,4.574243422061685,2.2809926121114934,6.0,0.5538607926263466,0.18069340825919808,0.47723457683868986,0.22960768491327987,5.0,78.41467987091616,12.57317015058902,62.79007450797448,,1.0,17.03849625308173,3.1190467039039227,15.408988777155797,,1.0,0.42951272761829895,0.18082362347357397,0.3637913883874538,,1.0,0.05229111241979463,0.02097564451655593,0.0247793606915093,,1.0,1.8746939788659887,0.6386956290213194,0.6636174814131175,,1.0,0.24419138706417165,0.14783986590996742,0.2811952444876375,,1.0,13.263443830085926,1.1761299945080332,12.822666670566669,1.1776908664893184,2.0,15.888900248349058,3.1256260820068387,9.68175690012918,,1.0,0.5200792876783383,0.08372644481113935,0.3063458704380238,0.0516202537838411,2.0,0.04821890077025537,0.015737640844976333,0.02606110680995,,1.0,1.1864027388269702,0.8456103653860771,0.6188565549365748,,1.0,0.15185555536359,0.05066447167689899,0.1883656763439742,,1.0,19.271324165596894,6.468274068865525,14.685680022261714,2.7555107115177426,2.0,23.01423422640123,8.19680257232471,15.57056067073467,16.85008972630183,2.0,0.8780006370625055,0.2902490517084087,0.26257762236405824,0.28883510617776464,2.0,0.08540395943059675,0.03326161425921458,0.0344960143728369,0.03470457412488418,2.0,0.884468334483945,0.7249846401666641,0.8985866043046815,1.0522728368638525,2.0,0.07494070006086206,0.04400697596948312,0.06761339890570515,0.04579659360653424,2.0,11,4696.0,108207.1623593091,344.88753729763926
4780.0,1,0.0,0.0008810378968599,0.00032845858487682547,8,0.0010466783581391404,0.0005542483812902168,0.0,0.0,0,0.0,0.0,0.0,0.0,0,0.0,0.0,0_2_44_p0,water,gebaren,c1,18.15160728385169,0.027765443434301547,15.614406227317376,0.028145079782796917,15.751025689799345,0.025207740476107125,17.516470511251892,0.035606254085045,8.84516452001588,1.909075082397375,8.934721188780728,2.0439833689199336,8.0,150.25768605691857,54.91557141669745,160.2668342588835,143.03300783937595,3.0,4.6042370888713045,2.754648407724177,2.6268199965832326,1.609006092955182,6.0,0.4398093880042397,0.23989265599396054,0.26977092325410745,0.12132748685441526,5.0,5.220285519841586,1.810221463967444,5.404454609133687,1.3014654284647023,5.0,0.5064524802931447,0.17885315906442875,0.47303141629478407,0.22115653581225467,5.0,75.03140064111265,6.477466848736094,73.85696737181999,15.563388453631955,4.0,17.627494202874157,5.494707162445228,10.86267058580028,4.112798746692101,2.0,0.45867797734676746,0.27023593296608994,0.2072249381122743,0.0861925018510405,2.0,0.05037835520346102,0.031214481005093386,0.03831192064718115,0.009419517021278804,2.0,1.9811863745551326,1.0914747367987976,0.8803581656470728,0.6286104429979418,3.0,0.20042686211141375,0.07999191868584245,0.19967160000340503,0.14215672680506675,3.0,13.69880374991575,0.6169854241774457,13.307147385962464,0.8513108562436403,4.0,12.605873467157329,4.021497861938287,8.043355724063042,1.7629056480899779,2.0,0.4168012543584755,0.17827932825215528,0.3602395032604793,0.1191644002536573,3.0,0.04157572690004191,0.017969483761394938,0.019797828666938848,0.0066971900873692885,2.0,0.9332319414551932,0.7441888159844143,0.2489511944068231,0.2659135602272002,3.0,0.09742568441132111,0.0426551692437156,0.023450226519033935,0.016663285101568875,3.0,16.895074103809456,8.935071519961587,12.372731314911135,4.253019713425624,4.0,25.20975430059924,10.301663202120483,13.296123505236915,7.599479950700116,5.0,0.9161829869005825,0.4815367842808528,0.9108546386680864,0.7417042610806178,5.0,0.09931290130618461,0.04478762577901292,0.07457938292549547,0.02865225924852263,6.0,0.8857037959612245,0.4162565935562781,0.9496332645081873,0.5684006148971864,5.0,0.08829052996936598,0.037536504722961606,0.0701315313122716,0.03507168860855149,5.0,10,4780.0,142117.06025688662,375.7982971775186
4774.0,1,0.0,0.0011504464943417614,0.000948712838804629,7,0.0011385336279329096,0.000871679368479573,0.0,0.0,0,0.0,0.0,0.0,0.0,0,0.0,0.0,0_2_45_p0,water,gebaren,c2,18.320675105945718,0.021812471281057122,15.63624389935587,0.03265765386489844,15.287425163439574,0.032829483395393676,16.72966857569523,0.03086023554117752,8.03944026245212,2.1993372377219114,9.04971063944637,3.503493104701258,8.0,150.1411368423386,74.25629069988358,156.4743376485059,108.1319868800641,4.0,4.845266414369296,2.0131413060294583,3.3976061578871346,2.6520571946708706,6.0,0.4523655108159435,0.21268843824584055,0.4041969110863203,0.18477762697836717,5.0,5.529373544645461,2.468746155735741,4.72946259533604,3.383680776149371,5.0,0.5959214652886884,0.28338349187548084,0.5427686863621816,0.33958294100366987,5.0,75.48427780975018,10.231093816407052,73.09305084813201,10.842621422142647,3.0,20.194320679191442,6.804203063322973,18.452891577877768,3.2457521601759542,2.0,0.6730414486104721,0.3088934812805207,0.4800066407231928,0.33372361413936635,3.0,0.07272701670927607,0.03737412361878638,0.045889213829072496,0.03309166919256795,3.0,1.6487204437802254,0.7163648321779438,1.8473729794344427,1.7651666108411288,2.0,0.1563965197599341,0.056029600156621985,0.1330286810029478,0.08555519494775451,3.0,13.2826875005793,0.8568867348922979,13.365433937181853,0.6504743604493722,3.0,15.125410710056181,3.095256267260552,12.40237823541355,2.4968757082283424,2.0,0.4130875669317939,0.15342474974877457,0.2479847745096601,,1.0,0.03862918264498327,0.017747735416202486,0.026571717359179833,0.005216821172416966,3.0,0.862197139614175,0.637867899710564,0.27464501771766986,0.18714386674847153,3.0,0.0754774882419258,0.04245603251462823,0.024543402062835902,0.012989487139099778,2.0,19.294355335710698,6.948707493603616,19.3483189068559,3.795617938605799,5.0,19.058295907531,8.8574134173001,13.800789416367016,6.3616223515615244,3.0,0.7651959716994685,0.4447979454911097,0.5611369231969879,0.19071451766042088,3.0,0.08403777808006505,0.04555231513713411,0.03887160485474007,0.008645906976075859,3.0,0.8318949406699095,0.6569793068140563,0.5993630952606467,0.36476184851905824,3.0,0.08871369027415515,0.051298574358014784,0.09493628765903925,0.07531836401162909,4.0,10,4774.0,99730.51065256653,1027.869193855396
6114.0,1,542.0,0.0014403807900988167,0.001448308284797943,6,0.002013993738357313,0.0020901900743333303,0.0063442061900254,,1,0.5279293759115529,0.2771496531312103,,,0,157.8408647533049,0.5093152119249681,0_2_46_p0,vuur,gebaren,c0,19.603446054569567,0.0337786740526805,10.647124885267408,0.02009577653171014,9.825600886594772,0.012308728464524441,16.27467466788228,0.02005826913243885,7.4394165413369535,1.721067549988223,8.599985941840163,1.8857898755044686,10.0,185.34167035962773,65.8962477305703,156.46262081969502,49.468733725318856,5.0,5.597417237281032,3.419208163642033,4.497725005531012,3.001382704586969,6.0,0.5719834976486704,0.330394701572034,0.4515933384522621,0.2028639462760352,6.0,6.7768991653677855,2.464398299730765,5.906759290909896,2.0561793707592493,8.0,0.7396178981665491,0.316039852987483,0.5471481744537593,0.24329165842892317,7.0,78.56718973908907,8.706570847823071,74.06550333679769,,1.0,21.46005856139976,3.2179781721339813,20.502215886182707,,1.0,0.4539971972211704,0.38619051493206014,0.575616837973646,,1.0,0.04770812461489672,0.026346894791198703,0.0469941310492842,,1.0,2.344532846409463,0.8364484247159069,2.1219781498557206,,1.0,0.32230272275333044,0.15044105055129595,0.1336242172740259,,1.0,13.077768492938716,0.6608080104129457,13.680369057216272,,1.0,18.54103829081414,8.02671063177317,,,0.0,0.8576253956272127,0.4014198761834727,,,0.0,0.046523042093169285,0.01211066461848021,0.0489259843637901,,1.0,1.1492550658870557,0.6076687762197482,0.4274190303550105,,1.0,0.17989697971765703,0.1482868366838762,0.0348519538257063,,1.0,18.897277369504888,9.403735678929868,19.36682907874232,12.08737166339714,4.0,20.024316862577084,10.949965258242855,12.280685019121817,10.888533529788686,2.0,0.7080888924225286,0.4794330218464686,0.4838956105228931,0.19964012885654683,4.0,0.06723997566864108,0.04251542359373085,0.0645794888823784,0.01627864616769287,3.0,1.0602150232605483,0.6304727215378085,0.6416273227976054,0.6463942622586851,3.0,0.11380907717349709,0.06853304507468873,0.070890606081012,0.045448390257728725,4.0,15,6114.0,242348.83992980764,795.6057798381407
3006.0,1,0.0,0.0001709067553098912,8.904687595552295e-05,6,0.00019472934462770957,0.0001353562958182782,0.0,0.0,0,0.0,0.0,0.0,0.0,0,0.0,0.0,0_2_47_p0,goed,gebaren,c0,16.73385310721653,0.005581398843963577,,0.0,,0.0,,0.0,8.558413914060521,0.727316614127166,9.07903065585528,1.4288475421544071,4.0,66.57968673631213,71.83309605068062,16.56728374618622,7.780446097368086,2.0,3.291292647356839,3.4407149730036215,2.995655265655002,3.893474986552071,2.0,0.3070256880195377,0.3159280300352173,0.16124410455657595,0.21283372647324628,2.0,2.3597185961034333,2.1510964128897236,1.4374351446343994,0.5881353688616241,2.0,0.22053925541465552,0.17130692402958428,0.07420158893725685,0.032340205936233504,2.0,,,,,0.0,,,,,0.0,,,,,0.0,,,,,0.0,,,,,0.0,,,,,0.0,,,,,0.0,,,,,0.0,,,,,0.0,,,,,0.0,,,,,0.0,,,,,0.0,,,,,0.0,,,,,0.0,,,,,0.0,,,,,0.0,,,,,0.0,,,,,0.0,3,3006.0,16455.292317057167,
4710.0,1,0.0,0.00031683083741785103,0.00019346025249429908,9,0.0004117163509176941,0.00025228216152568806,0.0,0.0,0,0.0,0.0,0.0,0.0,0,0.0,0.0,0_2_48_p0,goed,gebaren,c1,19.125277727185303,0.03539998222263806,,0.0,,0.0,,0.0,8.14116915547047,1.5898712634117447,8.502391100440468,1.3950726390802843,6.0,109.90164201500791,59.398875475089106,74.67073368740928,51.51961498258137,5.0,5.381688311795336,2.9690819044752192,3.89700852128193,3.3126280549585942,4.0,0.558111320442008,0.2885479641534054,0.3781147105480164,0.11485614031720381,5.0,4.236185933175873,2.023089501434203,4.239854893383066,2.0926603717603918,5.0,0.4182580019925615,0.17737223339024027,0.35795391002857535,0.1502438028852797,6.0,,,,,0.0,,,,,0.0,,,,,0.0,,,,,0.0,,,,,0.0,,,,,0.0,,,,,0.0,,,,,0.0,,,,,0.0,,,,,0.0,,,,,0.0,,,,,0.0,,,,,0.0,,,,,0.0,,,,,0.0,,,,,0.0,,,,,0.0,,,,,0.0,10,4710.0,39402.32325232201,1179.2191212097755
2794.0,1,0.0,0.0006661473558724334,0.0004182281104182586,6,0.0007487494022560965,0.00037756683782557934,0.0,0.0,0,0.0,0.0,0.0,0.0,0,0.0,0.0,0_2_49_p0,horen,gebaren,c0,16.715798509946232,0.016937383500439,,0.0,,0.0,,0.0,8.482439961277578,1.40150132373535,9.054006108510663,1.339626181155353,4.0,108.54884190295357,74.83659944235353,50.79152868423685,21.713216162013943,2.0,4.9607169254149825,3.7520899896024997,3.471985060813617,0.7365519065123096,3.0,0.49117674148190155,0.3650990099086089,0.23136064199594225,0.004352979187201289,2.0,4.482782971419054,1.7995442221028177,4.203830375564971,0.9438496893295106,4.0,0.420717502050585,0.12146387876444091,0.3387254856200241,0.11550259422366246,5.0,,,,,0.0,,,,,0.0,,,,,0.0,,,,,0.0,,,,,0.0,,,,,0.0,,,,,0.0,,,,,0.0,,,,,0.0,,,,,0.0,,,,,0.0,,,,,0.0,,,,,0.0,,,,,0.0,,,,,0.0,,,,,0.0,,,,,0.0,,,,,0.0,5,2794.0,14657.795742238382,467.0
4832.0,1,0.0,0.00277395221835105,0.001431693438671862,6,0.003293597451703736,0.0027617172578202026,0.0,0.0,0,0.0,0.0,0.0,0.0,0,0.0,0.0,0_2_50_p0,ver,gebaren,c0,18.72373031075571,0.02286272770940658,17.58124780639651,0.02922184369917563,17.923007652399633,0.0294491740261084,14.696950302507005,0.028643874175676542,8.890042593479459,2.074071614013564,9.31057198731683,2.605769366831421,7.0,125.5597994081565,77.78321153169797,108.21669272958616,71.31497253733455,5.0,5.0073157279166995,3.286909113655876,4.700515559879219,3.4340488208636613,6.0,0.500036711474905,0.3217923240570687,0.47263866989806536,0.3291665288214885,5.0,6.786391095182267,3.936493088844732,6.52691907647634,5.0850124507336005,7.0,0.7115786341770328,0.4092760713063003,0.7348225366052815,0.4415506122199057,6.0,72.87063462865177,10.258026556643125,78.20868426931094,9.234140435860807,5.0,20.73045506070071,9.40356559789022,20.253465264872936,9.936368768520044,5.0,0.6581201043802345,0.46508738652517434,0.5078216144095143,0.31972030556423214,5.0,0.06772912355255704,0.041524549110798156,0.031184874975272375,0.027638247772123203,4.0,1.5322945949034148,0.8142965978933605,1.1079247530939509,0.8651604747963058,4.0,0.14603458815621015,0.0616694943675008,0.12277940266030468,0.04300530153207915,4.0,13.27273317515553,0.9128469056075681,13.318580086280122,0.8209892756038046,6.0,26.11560701427896,10.15978188579609,18.56186800565547,11.550801543848612,4.0,0.9313697042278706,0.4274929008488331,0.9109654261764459,0.6260711303280809,5.0,0.08738212074796475,0.041909987392864285,0.05996500617980908,0.0367235582970531,6.0,1.065768101583563,0.6762927079734092,1.118041342710707,1.1582470553509803,6.0,0.10647485045223257,0.05447467402755832,0.09235868382887014,0.06225258338807632,6.0,17.789072911618476,6.186201771744249,18.3375016446227,2.015606303397529,3.0,34.50369928850081,14.530617595888899,15.185800625254624,18.327948557052558,2.0,1.0982829916040027,0.600640242428513,0.636921981652617,0.09436838715334954,2.0,0.09923427479280797,0.05788538251292698,0.0625558538140847,0.039007485030085505,2.0,0.5879537104976658,0.40759686987862714,0.318813950335022,0.2338822741857668,2.0,0.06151856961546217,0.04134224847177869,0.04548959931270765,0.01991135102102852,2.0,12,4832.0,107264.890879032,849.0470541209248
6614.0,1,0.0,0.0009833307868843454,0.0007110543096016998,11,0.0010022129125217068,0.0007680106283792602,0.0,0.0,0,0.0,0.0,0.0,0.0,0,0.0,0.0,0_2_51_p0,ver,gebaren,c1,18.79340479363566,0.009042175187978606,19.78545519499151,0.03387326031602388,19.36675117012995,0.028834950729712244,,0.0,5.901190871152658,2.022806949532665,6.838588065631611,2.4363885029829926,6.0,100.5983857490514,87.03753912514792,39.311329491811705,13.032749676995154,3.0,4.445201471674699,4.40436979869097,1.9305690803061655,0.4549999333264848,4.0,0.3704962109016094,0.3767453591343938,0.18271990220023557,0.12468383108364973,3.0,4.041645861658745,2.223603002775443,4.131970540317017,2.1478300105821297,6.0,0.3966131422716309,0.1821915074755127,0.38668051275862153,0.13027061180271907,6.0,74.05352532670489,6.49893373976722,74.32531083284786,6.0265725800795105,10.0,11.137371833627624,4.2653188655421435,9.001862193743685,2.640381573132335,6.0,0.337612060049731,0.19892997271530974,0.2924318966953556,0.12205871719685094,8.0,0.035860900398714146,0.02149149828812387,0.03775456536978694,0.014611099104869987,7.0,1.6067075468636114,0.8356312399370448,1.5572966648075273,1.0106287096432098,9.0,0.16033643497670771,0.08998675712468358,0.18405724944511068,0.09582457695139683,9.0,13.591252038981015,0.6044229949017664,13.539705664261545,0.7269826333005095,11.0,11.779129370751075,3.6919618909614553,11.644730104147119,2.7557107340518905,7.0,0.3286859416753794,0.16883703283837273,0.2715145942742876,0.09115760714782083,8.0,0.03247223479194329,0.015291793549577012,0.03092323383127264,0.009183336092477372,8.0,0.5389047652197374,0.4316082348002686,0.6880696783391308,0.4903298760440285,6.0,0.051468012374613896,0.039656148398119664,0.0577216840597162,0.031847190313096775,6.0,,,,,0.0,,,,,0.0,,,,,0.0,,,,,0.0,,,,,0.0,,,,,0.0,6,5898.0,67302.73587859666,1133.0
6292.0,2,0.0,0.0019611047057215302,0.0033215990203494072,10,0.001751621297248979,0.001524144602096614,0.0,0.0,0,0.0,0.0,0.0,0.0,0,0.0,0.0,0_2_52_p0,ver,gebaren,c2,19.62523026091451,0.01777468880539017,,0.0,,0.0,18.813246137844846,0.021661652892770646,6.851997614236468,2.6020422192014996,9.225920721582327,3.3320242078935545,6.0,114.73876168132456,78.73454950464865,104.33910391683375,103.9995611585071,4.0,5.026980126512665,3.77479544363377,4.507541853092363,3.812459214884598,5.0,0.48443941111434696,0.35791726323777295,0.5203057422664179,0.3604832885168726,5.0,5.499604592447192,2.7457716851291885,4.558965696221833,1.2932575368325006,7.0,0.5833883868315503,0.2615189355780807,0.5502152093582838,0.2836548133380237,6.0,,,,,0.0,,,,,0.0,,,,,0.0,,,,,0.0,,,,,0.0,,,,,0.0,,,,,0.0,,,,,0.0,,,,,0.0,,,,,0.0,,,,,0.0,,,,,0.0,17.30133173337622,8.616036903062286,18.08448112696987,6.837420231258887,10.0,22.068606023648137,11.360599476093174,20.983864944477304,11.94260361909433,4.0,0.7737284230940321,0.5763492771480125,0.632713613981854,0.43920834978178025,7.0,0.07007833097042179,0.03983078901210837,0.0701904597786624,0.06267966899124987,6.0,0.7617811851959375,0.3847728386566956,0.9990786380306448,0.5545695447914418,9.0,0.07983856259414587,0.037932887877677915,0.0694731341797504,0.022465244700470337,10.0,8,6292.0,150675.25560182164,1143.420552552734
4254.0,1,0.0,0.001017753956418825,0.0006657243069410978,4,0.0010501202893915332,0.0010733110515526716,0.0,0.0,0,0.0,0.0,0.0,0.0,0,0.0,0.0,0_2_57_p1,blazen,gebaren,c0,18.056269440390835,0.01327058739474237,10.488817201159376,0.01605427181305207,10.539269977395133,0.05106376504042447,15.787383301822091,0.01898028683638299,9.761389450972231,3.9747325988906828,9.212383332998732,2.780362761228894,5.0,89.38013438995672,74.2563128154339,69.20129427705717,54.50575767758171,3.0,4.360371892623306,3.573086568108709,1.8020900866873877,1.3350116747925107,4.0,0.4037016946345136,0.3204148996247698,0.23861483028812117,0.2145605766859489,3.0,4.860626364527951,3.3985397578963337,3.737693852581337,2.835293025011145,4.0,0.49668860166681805,0.30889557009027085,0.496439942903938,0.3997686248545297,4.0,65.1368785778689,6.755928944039856,76.27999007656337,,1.0,27.16343933742509,5.952205860805352,13.73487610237786,,1.0,0.8806341148621113,0.35715361639254306,0.8420707508520455,,1.0,0.06862692428548615,0.03779365053446169,0.0577234254560642,,1.0,2.7448305691677155,1.2427293136464408,,,0.0,0.39201520434925685,0.3676617826361488,,,0.0,13.664194808077564,1.1204281379184449,13.814260776497832,,1.0,16.962200991829977,1.289657998012779,,,0.0,0.5084765844228443,0.09452599513803514,0.3988162042979116,,1.0,0.049655914430628355,0.009343426983986427,0.0190190470785415,,1.0,1.1734400633474253,1.0513273595838937,0.7661634187900834,,1.0,0.17635306487712613,0.1412977075631118,,,0.0,18.126669977428648,7.920562652986752,17.426652025270577,7.619232193771514,5.0,34.37125594971205,19.17034795675481,13.424074546093182,9.376081512001639,2.0,1.1051814574699919,0.41794462661197995,0.1320440663275791,0.11136908395361016,3.0,0.09470928946616167,0.0446581639259748,0.03556915585124685,0.046860056651880144,4.0,0.8993853214901943,0.6646401287913044,0.3387541499114752,0.1934840529627288,3.0,0.10794332642173751,0.07986391188578128,0.0541433566017519,0.06117979336983753,2.0,6,4254.0,61546.73397976383,1301.0
4470.0,1,0.0,0.002156168011525457,0.002160163632495459,7,0.0022782106154073858,0.001437253391238032,0.0,0.0,0,0.0,0.0,0.0,0.0,0,0.0,0.0,0_2_58_p1,geven,gebaren,c0,19.055604124728784,0.04816699640075376,11.17556194257519,0.05006607274858873,10.386456050365764,0.006725195526901351,16.95330752405398,0.03178855928457254,9.314284531241238,1.6870285134628522,8.662448726212606,1.722765510559639,8.0,152.052428299057,43.99077741354934,124.72205431218129,29.961719364804214,6.0,5.08320793181348,2.0670001570527594,4.317385759084783,2.2578841440750907,6.0,0.5851893118228524,0.25756716354087056,0.5760355690800808,0.3659323073442659,6.0,5.195359638286332,1.8359422077486234,4.175840022437463,1.9406762211232496,7.0,0.5343356205597819,0.20416872632054792,0.46704687523011634,0.12942550321618582,7.0,67.94911607042616,3.130174220631264,65.28803799690215,,1.0,31.966261755510295,9.791905888145413,9.553748520052253,,1.0,1.3458418477944007,0.4664035522941412,0.400746483536284,,1.0,0.12552453983308481,0.06428550435319037,0.0388573731666734,,1.0,2.545436610142789,0.7182194059674544,3.205999348391546,,1.0,0.19505160061518684,0.03461561088451396,0.3491763792952638,,1.0,13.381821056647016,1.028032727757476,14.731206287157104,,1.0,23.154546722808416,3.7807504535655965,14.286239912039866,,1.0,0.549298197998796,0.10409437459080967,0.8548794842835582,,1.0,0.057744186921620914,0.016102207860827108,0.0478033451025236,,1.0,0.8514243378043738,0.5269221427581643,0.6149368927185684,,1.0,0.08367648230573456,0.038908293479573766,0.1214623919503847,,1.0,17.371583412594443,8.996521117044699,17.361643524339893,8.13841716987223,6.0,38.51486105739839,12.100463927264792,21.066347248395658,6.608113658146267,3.0,0.8685145708845106,0.45928336114276286,0.7186018895679396,0.3681009478860001,5.0,0.09187843510623837,0.038101395630960024,0.0887468258347021,0.027588702263092495,5.0,0.925333918972049,0.5085117002466144,0.7823705995911361,0.5507974079843535,5.0,0.09392687731908608,0.049203709792090045,0.09718540033273688,0.04710356493661858,5.0,11,4470.0,96860.04931331315,228.72951577082588
4696.0,1,0.0,0.0015482835906291857,0.0009729228086649995,7,0.0017933669019710766,0.001345905657882638,0.0,0.0,0,0.0,0.0,0.0,0.0,0,0.0,0.0,0_2_59_p1,geven,gebaren,c1,18.645332726241225,0.038285943644211264,10.420430538350551,0.05804155788996255,9.60716379540351,0.029682970715328518,,0.0,8.455487929603011,1.789532572035332,7.856260790757453,1.8746544351926437,6.0,158.7347345028745,61.44753463639386,102.61511921118613,77.20951851190883,5.0,6.376394416165874,2.3301167204647224,4.310749378333422,3.5962466448086374,5.0,0.6549541777802761,0.26401751876481466,0.43311623490728124,0.34682242529340984,6.0,5.062996458707168,2.1093752596823885,3.497131773133958,3.0401635880179785,6.0,0.474649914458429,0.13914559995875445,0.5323554841539601,0.19001565436971626,6.0,77.90002804889052,20.39341932317434,101.86606809870678,,1.0,24.85042986002402,4.425600609889623,4.7311509868172985,,1.0,0.7648281905810653,0.3960586972852312,0.3081540976183974,,1.0,0.08593856828154059,0.03803334103655042,0.0330763662726902,,1.0,4.668251842575059,2.0975563605888765,2.0235964355820504,,1.0,0.5527184060462516,0.23891800498391358,0.3451293965938115,,1.0,13.924611457968243,2.326254170621304,15.238878782312309,,1.0,37.01883946973552,2.9250365479984866,21.85190339090251,,1.0,0.6357803759028845,0.32497463046407576,,,0.0,0.07160320722988836,0.010624572737295756,0.0851619494360927,,1.0,1.4297630438070377,0.38891332351658997,3.329247508529756,,1.0,0.12057017568412955,0.057198405259789906,0.2045822953181195,,1.0,,,,,0.0,,,,,0.0,,,,,0.0,,,,,0.0,,,,,0.0,,,,,0.0,10,4080.0,196617.1530367689,161.63677529433528
2420.0,1,0.0,0.000685309556202,0.0002304079174485213,4,0.0009155869253441876,0.0005197818691999672,0.0,0.0,0,0.0,0.0,0.0,0.0,0,0.0,0.0,0_2_60_p1,kat,gebaren,c0,16.106221174003167,0.021231444522741196,,0.0,,0.0,16.214106078865555,0.04134151535831555,7.552256260320351,0.752613334482083,8.075359559386886,1.6095432328451815,4.0,91.71436012520125,60.06254988352125,102.86522583748449,65.18871019094529,2.0,4.27038137556051,2.62406302700925,1.6212715283145194,0.2850979819841977,2.0,0.40265765751358634,0.24172917034408523,0.14023314353438504,0.04841115832324648,2.0,3.3159366206059,1.823755524355886,3.215687484047639,0.8980701197533361,3.0,0.3759772707679623,0.30703072671417575,0.22965515498058178,0.060143266979127454,3.0,,,,,0.0,,,,,0.0,,,,,0.0,,,,,0.0,,,,,0.0,,,,,0.0,,,,,0.0,,,,,0.0,,,,,0.0,,,,,0.0,,,,,0.0,,,,,0.0,17.201798026823237,8.342953222793852,15.903442548729029,3.6883689484270414,5.0,26.91037137822889,7.388001788569167,10.161592832535739,3.5252732962783817,2.0,0.8772293943131986,0.3862995835784051,1.0929065673191796,0.7576570456550092,3.0,0.08727170259709381,0.04870301176440911,0.06680941264285767,0.03956303555333565,3.0,0.9519073552354667,0.45191829594403327,0.6035229241852025,0.35959595570001984,3.0,0.08153390363378801,0.04116146363547432,0.062033002408574074,0.023984440483123412,3.0,5,2420.0,6978.253223564199,600.0
3056.0,1,0.0,0.00549877596278215,0.0006440525398192313,4,0.002406292657110949,0.0014618081267595397,0.0,0.0,0,0.0,0.0,0.0,0.0,0,0.0,0.0,0_2_61_p1,lachen,gebaren,c0,15.849022240012468,0.011763120946877323,,0.0,,0.0,15.995087911204644,0.030426796961358544,7.640750848203534,1.2380960883370433,9.025579136060616,4.174520701978332,3.0,75.11812463577196,46.60667498028851,134.94632741218268,,1.0,3.5267196828187366,2.9647125480431638,1.1020437109535584,0.15462885307353413,2.0,0.3348734250691949,0.2848968719533589,0.27482998485654914,0.19250867299202612,2.0,3.469069598266965,1.6669947428863916,4.4180361642752075,2.2095753331413066,2.0,0.33829354564419795,0.161257550644327,0.4504275985517363,0.22589477426210383,2.0,,,,,0.0,,,,,0.0,,,,,0.0,,,,,0.0,,,,,0.0,,,,,0.0,,,,,0.0,,,,,0.0,,,,,0.0,,,,,0.0,,,,,0.0,,,,,0.0,17.53499522082345,10.216388160604467,10.065556829273282,4.8843718708621955,3.0,64.47694076744574,21.290354222432182,55.21008313014766,41.828456281531075,3.0,1.7937553891189173,0.8745790219576068,1.8056232988426235,1.3795310713548428,3.0,0.18664376816310332,0.10623968198750998,0.144381217447861,0.10362604757502956,2.0,1.1682562712171722,0.5960264478603432,0.5991618324151767,0.5559664675652697,3.0,0.11436401937264311,0.048123188860895824,0.0588788891057338,0.014276721525187918,3.0,2,2188.0,3710.7125194789714,
4544.0,1,0.0,0.0007157023551070535,0.0011560194631743364,8,0.0006024066014896751,0.0004608070834399247,0.0,0.0,0,0.0,0.0,0.0,0.0,0,0.0,0.0,0_2_62_p1,zoet,gebaren,c0,17.20993459047314,0.00895078391305446,15.84901800504435,0.01970810976924528,16.35161536474256,0.0450507716566011,,0.0,8.985108817433275,1.277078293010958,9.130458197083414,1.1009329219523158,6.0,63.714619756324346,55.992003311932024,22.27421649857995,0.7510333460320011,2.0,2.8244690977689433,2.5494503453056216,1.778965610536325,1.326374030746605,4.0,0.244610613706621,0.16562561798134118,0.1699251494109291,0.11051826324990326,4.0,3.9324071941814234,2.7606023860626743,2.680179992327481,2.8207860271921765,3.0,0.39174161849951367,0.23733530050949744,0.25028114350529784,0.18000833638734415,4.0,72.4914529277647,9.40171840472278,73.70844685053879,6.613681899195173,4.0,6.852304716195034,3.475415166683026,3.8081545212028116,1.9590202740564067,2.0,0.22299453037732142,0.18425459181925233,0.537515844217793,0.6948307176192229,3.0,0.024015295704005974,0.01787416597416724,0.0361366575137236,0.007909781873617685,2.0,2.954323131625461,2.410832476997452,3.022154147124992,3.342042619567071,3.0,0.2582660339296896,0.15903825003347116,0.1297302531481144,0.11039007840676844,4.0,13.683987488383309,1.6331380454526783,14.150137178486588,0.7835264006442871,4.0,14.760826563471133,3.0773769794901096,14.565155916849493,5.864666504311949,3.0,0.40362194025627385,0.1888669672792986,0.274470054560895,0.18236476287327677,2.0,0.04501360307457093,0.022562037061509777,0.017676451895690334,0.003097080205297138,3.0,0.6506781811872702,0.3891769950804424,0.33374668406521735,0.12586992532806546,2.0,0.061253261377384405,0.03865180412681444,0.0661362388296572,0.03579015583201037,3.0,,,,,0.0,,,,,0.0,,,,,0.0,,,,,0.0,,,,,0.0,,,,,0.0,7,4544.0,7502.502898976412,1615.827173622179
5966.0,1,0.0,0.0007786626482519893,0.000616618588102341,10,0.0012207183390016351,0.000747427795357899,0.0,0.0,0,0.0,0.0,0.0,0.0,0,0.0,0.0,0_2_63_p1,zoet,gebaren,c1,19.076722534698654,0.03249597028792108,,0.0,,0.0,15.281059447384372,0.037882497738677086,8.62794698829921,1.1575551583122592,9.230243743385227,1.0895445210703967,8.0,111.5729685969582,51.1167577188684,65.57879458262364,40.90714165177307,6.0,4.1663540260483956,2.549122273573904,3.9822527141784474,2.036325944958126,7.0,0.41745485841141367,0.2470556395095449,0.2959334990834922,0.175423919627361,7.0,3.661314439234377,1.9051370575349011,2.696142691971041,0.7392054249225778,7.0,0.37718035185162674,0.19886209722254203,0.26988495942596347,0.10800735513732361,8.0,,,,,0.0,,,,,0.0,,,,,0.0,,,,,0.0,,,,,0.0,,,,,0.0,,,,,0.0,,,,,0.0,,,,,0.0,,,,,0.0,,,,,0.0,,,,,0.0,17.80710148108704,6.846433212510364,16.389558577658303,0.9950110590337148,3.0,27.2857763708998,9.84880283523006,7.622049944529892,3.3786619615961646,3.0,0.8702953248720868,0.40851116430266776,0.46447145926366823,0.10790230497340195,3.0,0.10543880411409395,0.04413293310468052,0.037172467707563134,0.004918811611746839,3.0,0.8358498872644149,0.34832286160855525,0.476465428109627,0.1898309247646831,3.0,0.08688955184472145,0.03543308926513816,0.0236145572131091,0.014525861471015982,2.0,13,5716.0,53431.146166141625,1219.2328154615934
5082.0,1,0.0,0.0005709196197904903,0.000526659482126523,8,0.0007782593295815609,0.0005037862417596429,0.0,0.0,0,0.0,0.0,0.0,0.0,0,0.0,0.0,0_2_64_p1,zoet,gebaren,c2,18.65553486353466,0.016669642938033576,15.566442148622851,0.013862112498161237,14.830755790647379,0.016806580265272316,,0.0,9.04144020330129,1.2477118602297834,9.532022838223536,1.4849519367340198,8.0,79.4308703680757,56.065509809931115,34.76479721808816,15.300783491728811,5.0,3.4266816993257843,2.6341739745754236,2.1023421129339552,2.5909423829422433,5.0,0.3543051004063161,0.2697894972871927,0.19553733681821728,0.1690738713256692,4.0,3.6413230420252884,2.0338824746486144,2.8186267399328253,2.0780563978739766,5.0,0.3404461468768816,0.16916361604171726,0.3473323027088787,0.205316766613618,5.0,70.11283758211277,7.135990899407126,72.74466424951265,11.171391698407422,4.0,11.863270811863945,7.663746143048575,6.557516041578186,5.777382090007191,2.0,0.36711388519799576,0.2963204298850934,0.29797140954934626,0.42426406350680096,3.0,0.03900526756638543,0.03305125085874009,0.0519415863427196,0.029083016859925342,2.0,3.6885503746330333,2.9471548920255013,2.6159680041631117,1.5242359614963543,3.0,0.3566926624234166,0.24034625893758932,0.4361148749608034,0.5520175483163813,3.0,13.84232523788258,1.050866977070444,16.725324591386666,5.377700658281354,4.0,13.774060885266158,5.405994322455196,12.203613386774837,,1.0,0.3662520216290249,0.1834656861845106,0.4855007201863259,0.03770065207881145,3.0,0.0356811172044215,0.013884949789190693,0.04230717100047302,0.017506575979664703,4.0,0.45303391342865007,0.28259382722162907,0.7534136599436717,0.055465972839818245,3.0,0.04775784217080297,0.023459572744994595,0.11533452630951944,0.05262162309640755,3.0,,,,,0.0,,,,,0.0,,,,,0.0,,,,,0.0,,,,,0.0,,,,,0.0,10,4932.0,41034.124757629295,1159.8788683626567
2798.0,1,0.0,0.0008031414581211501,0.0004228071428527976,6,0.000885726111176251,0.0005078599768791813,0.0,0.0,0,0.0,0.0,0.0,0.0,0,0.0,0.0,0_2_65_p1,slapen,gebaren,c0,15.712679062928219,0.023873356531620045,10.334007020130374,0.022223136784710235,9.688932386183767,0.13156720702531677,15.17229072425177,0.03131128454112305,6.727911302343399,1.594062259753414,7.590668612955715,3.663063855959239,2.0,130.5855559512468,84.36330623618201,17.409571317757138,10.58412196135295,2.0,6.289313735249762,3.701635897768813,2.484612758928175,1.8916775197216094,3.0,0.5237434067040109,0.3647168053947674,0.15882619603421805,0.1403090303727048,2.0,4.952756880947852,2.7564933948802888,3.978627029177121,3.5428557438699797,3.0,0.4751313369712764,0.1986241722474339,0.31910534123356493,0.20936681244087404,3.0,73.26506528563507,7.500845608470618,68.22766702961306,,1.0,8.385636616543769,3.676911973566161,,,0.0,0.3892702684362223,0.2135211022498453,0.141970268668348,,1.0,0.043783495391825716,0.015453586940953414,0.0069766638224973,,1.0,1.8396814028711357,0.4922411531365543,2.8240406799748192,,1.0,0.1112026835212385,0.03295038752296575,0.3705668330892063,,1.0,14.99429240007171,1.0859644616077884,14.6594778815692,,1.0,19.694630991420013,1.3490805014169853,16.616132372310034,,1.0,0.36133315004180583,0.15000391168652785,0.4785997806563579,,1.0,0.04262397235425476,0.012619970098836765,0.019925412606217,,1.0,0.30434851936701235,0.1668389861469544,0.2237823207501016,,1.0,0.038348444814346974,0.021654218832551256,0.0682236439142427,,1.0,17.131540472034676,8.613899373023173,23.708296216291977,9.103320795015575,4.0,42.81106494264649,18.575192186317445,16.784451463677232,19.562036725344758,2.0,1.59716537184578,0.6605167096074493,0.7814916546916917,0.34199770480781966,4.0,0.13300069523672572,0.05865318672499514,0.08997347475904777,0.02179821632431518,3.0,1.160903215438375,0.6474629750672871,0.6878003414328884,0.8261669826058603,3.0,0.0931526883011976,0.04386221662933411,0.0459399988047286,0.04049180774647011,3.0,4,2180.0,17430.989072055716,0.0
0.0,0,2334.0,,,0,,,0.19043817294497453,0.3718971994452513,4,0.12791448951153478,0.1824883103866266,,,0,,,0_2_73_p0,geur,geluiden,c0,,,,,,,,,,,,,,,,,,,,,,,,,,,,,,,,,,,,,,,,,,,,,,,,,,,,,,,,,,,,,,,,,,,,,,,,,,,,,,,,,,,,,,,,,,,,,,,,,,,,,,,,,,,,,,,,,,,,,,,,,,,,,,,,,0,0.0,0.0,0.0
0.0,0,3518.0,,,0,,,0.024863253103962032,0.0383661946585509,3,0.19319351761597026,0.2669583463327554,,,0,131.3774297068937,9.285177483664885,0_2_74_p0,geur,geluiden,c1,,,,,,,,,,,,,,,,,,,,,,,,,,,,,,,,,,,,,,,,,,,,,,,,,,,,,,,,,,,,,,,,,,,,,,,,,,,,,,,,,,,,,,,,,,,,,,,,,,,,,,,,,,,,,,,,,,,,,,,,,,,,,,,,,0,0.0,0.0,0.0
4732.0,1,2542.0,0.00021743134375900273,0.00011830025656933323,9,0.0002764508829132575,0.0001604434359619193,0.016784770380888367,0.025100163865165694,3,0.126564078682043,0.23369859118094977,,,0,,,0_2_75_p0,geur,geluiden,c2,18.362552618948072,0.02166418114943495,,0.0,,0.0,,0.0,8.345530418391215,1.5410429226762372,9.172229096665058,1.9136770883725733,7.0,65.48193404634624,40.42162507086209,41.23439326004435,18.583546021106127,3.0,2.6586514950840474,1.7550253110687286,2.6910660196081757,1.641793731797757,6.0,0.24794973534188516,0.12804282761843644,0.27261596255559206,0.17803955746060512,6.0,3.6156820959596776,1.5586088229875297,3.2982621051578827,1.70554602058036,8.0,0.34064975876033743,0.12498796418920202,0.29170046045379017,0.11549986356810392,5.0,,,,,0.0,,,,,0.0,,,,,0.0,,,,,0.0,,,,,0.0,,,,,0.0,,,,,0.0,,,,,0.0,,,,,0.0,,,,,0.0,,,,,0.0,,,,,0.0,,,,,0.0,,,,,0.0,,,,,0.0,,,,,0.0,,,,,0.0,,,,,0.0,5,4732.0,11794.240733132845,1227.0
0.0,0,1604.0,,,0,,,0.009550892142079567,0.014906120362796513,3,0.14742480477084857,0.24166784389331977,,,1,375.8462721437419,25.47964094920025,0_2_76_p0,vlieg,geluiden,c0,,,,,,,,,,,,,,,,,,,,,,,,,,,,,,,,,,,,,,,,,,,,,,,,,,,,,,,,,,,,,,,,,,,,,,,,,,,,,,,,,,,,,,,,,,,,,,,,,,,,,,,,,,,,,,,,,,,,,,,,,,,,,,,,,0,0.0,0.0,0.0
0.0,0,2278.0,,,0,,,0.09966603041899987,0.12902107151412406,3,0.19261869124889083,0.24422981117195414,,,1,388.4043449629507,21.05277092198928,0_2_77_p0,vlieg,geluiden,c1,,,,,,,,,,,,,,,,,,,,,,,,,,,,,,,,,,,,,,,,,,,,,,,,,,,,,,,,,,,,,,,,,,,,,,,,,,,,,,,,,,,,,,,,,,,,,,,,,,,,,,,,,,,,,,,,,,,,,,,,,,,,,,,,,0,0.0,0.0,0.0
0.0,0,2862.0,,,0,,,0.31745794605270405,0.5408314332841829,3,0.1896687251033869,0.25936938814353294,,,0,,,0_2_78_p0,vlieg,geluiden,c2,,,,,,,,,,,,,,,,,,,,,,,,,,,,,,,,,,,,,,,,,,,,,,,,,,,,,,,,,,,,,,,,,,,,,,,,,,,,,,,,,,,,,,,,,,,,,,,,,,,,,,,,,,,,,,,,,,,,,,,,,,,,,,,,,0,0.0,0.0,0.0
3282.0,1,2658.0,0.0005137523278475,0.0006626099191837344,4,0.0005853926833873128,0.00045969634535183626,0.027379898549329,2.1380340698532027e-06,2,0.13095937141085223,0.22197489443624252,,,2,246.1747138352872,30.12059490016814,0_2_79_p0,scherp,geluiden,c0,17.278089448942225,0.024661394618863446,,0.0,,0.0,,0.0,10.29542852949142,1.1477041896063764,10.406955707681558,1.1152952910755345,5.0,79.10249353268809,42.60838150238799,47.96113926895288,44.05323923097174,3.0,3.1171802506594823,2.432797907888168,2.149691457037078,2.1530019670659986,4.0,0.331698210624933,0.2692190520377136,0.2923833984394227,0.1746113304781059,4.0,3.5533574918494724,2.255858741606031,1.9212150099595924,0.9241443735076228,3.0,0.34234649593691524,0.21804577906355083,0.4138825057359091,0.3763858412686383,4.0,,,,,0.0,,,,,0.0,,,,,0.0,,,,,0.0,,,,,0.0,,,,,0.0,,,,,0.0,,,,,0.0,,,,,0.0,,,,,0.0,,,,,0.0,,,,,0.0,,,,,0.0,,,,,0.0,,,,,0.0,,,,,0.0,,,,,0.0,,,,,0.0,9,3282.0,10485.6035667402,940.1311478331929
0.0,0,630.0,,,0,,,0.0157668728511182,,1,0.4039922335941301,0.2961695286555707,,,1,262.22184284996325,51.861999809510266,0_2_80_p0,scherp,geluiden,c1,,,,,,,,,,,,,,,,,,,,,,,,,,,,,,,,,,,,,,,,,,,,,,,,,,,,,,,,,,,,,,,,,,,,,,,,,,,,,,,,,,,,,,,,,,,,,,,,,,,,,,,,,,,,,,,,,,,,,,,,,,,,,,,,,0,0.0,0.0,0.0
382.0,1,1304.0,0.0002086077528022,,1,0.0003344716167110032,0.00022016944441675788,0.4790269959474877,0.6549301447697704,2,0.23962219221578931,0.26569200645652347,,,1,249.44113476975258,43.90391164881197,0_2_81_p0,scherp,geluiden,c2,9.98545106937189,0.05760347148225861,,0.0,,0.0,,0.0,10.48640438802513,1.8167758038647406,10.260467689678702,,1.0,162.8509641594642,28.114743679831278,28.021976875442835,,1.0,6.825757290168025,1.1761071142383956,0.7980233237934196,,1.0,0.7445326757492051,0.2127549513931644,0.389559202153593,,1.0,6.392601115716857,1.1581082023200848,1.144234130926376,,1.0,0.5389395312734611,0.09893471523725993,0.1282697643878351,,1.0,,,,,0.0,,,,,0.0,,,,,0.0,,,,,0.0,,,,,0.0,,,,,0.0,,,,,0.0,,,,,0.0,,,,,0.0,,,,,0.0,,,,,0.0,,,,,0.0,,,,,0.0,,,,,0.0,,,,,0.0,,,,,0.0,,,,,0.0,,,,,0.0,2,382.0,2297.5428713852243,
3614.0,1,3402.0,0.0005309144927925,0.00034426860314028316,7,0.0004929775873448554,0.00030748851492591215,0.03668564706824631,0.0633844293271742,6,0.12418532768997724,0.20146232167411882,,,1,124.46433614160684,14.830923572572425,0_2_82_p0,staart,geluiden,c0,17.89355918196416,0.05201233766509864,,0.0,,0.0,,0.0,11.167492385990123,2.573257431282867,9.962232805650082,2.0393880332355545,5.0,109.68063093907449,31.237259061568878,94.03696063729443,42.09463159303578,6.0,3.1762273067913034,1.6571877693972232,2.3485051328289956,1.6786419436200954,5.0,0.3793800973473893,0.19041096759468967,0.284449769517222,0.12059757113519404,5.0,4.614326816842397,2.914085779823329,2.3316802257654707,0.9986275901893259,4.0,0.5203249883564969,0.2667294875071961,0.5898196786521905,0.46650524997013054,4.0,,,,,0.0,,,,,0.0,,,,,0.0,,,,,0.0,,,,,0.0,,,,,0.0,,,,,0.0,,,,,0.0,,,,,0.0,,,,,0.0,,,,,0.0,,,,,0.0,,,,,0.0,,,,,0.0,,,,,0.0,,,,,0.0,,,,,0.0,,,,,0.0,13,3614.0,7490.007537957846,522.0420651678928
3182.0,1,2430.0,0.0005833220825566801,0.00021640723985557792,5,0.00046500615038547633,0.00026318758692163923,0.028396694479358126,8.748605494925864e-06,4,0.21678925765602747,0.2352767132166386,,,2,177.35451746733406,63.745505222134355,0_2_83_p0,staart,geluiden,c1,17.43550904255941,0.04979894888502426,,0.0,,0.0,,0.0,11.133051166494026,2.5714961408849746,10.299381633336653,1.5204706534634234,4.0,172.14643316754712,60.08802970176432,98.33289280265159,74.54149735174899,6.0,5.338162102552038,2.8510879311205923,3.4875180914548314,1.332855643104563,6.0,0.6488263139314369,0.349041846052788,0.4068420855185824,0.21009036972304043,6.0,5.839865165765508,1.569083785779805,4.800890909951143,3.4866020628118615,5.0,0.604939992034247,0.1740410341543386,0.5611980359433646,0.3817503342341744,4.0,,,,,0.0,,,,,0.0,,,,,0.0,,,,,0.0,,,,,0.0,,,,,0.0,,,,,0.0,,,,,0.0,,,,,0.0,,,,,0.0,,,,,0.0,,,,,0.0,,,,,0.0,,,,,0.0,,,,,0.0,,,,,0.0,,,,,0.0,,,,,0.0,10,3182.0,34640.12205005106,122.01009923687569
2414.0,1,1854.0,0.000446773170617,0.0003947833029950719,4,0.00046580024923451323,0.00026171606365240247,0.0355391280607346,6.826761093858723e-06,4,0.24702816537964672,0.2621846796041525,,,0,582.039023885415,7.653100912628606,0_2_84_p0,staart,geluiden,c2,16.61604552814164,0.06152603606509992,,0.0,,0.0,7.492600520628813,0.10501443501758372,10.830203191326959,1.4494093939328405,10.940472793578348,0.5867982015094027,4.0,142.23901583729136,41.84592274387328,51.37481979620903,34.388648612392906,3.0,4.602756623258689,2.254424979104214,2.183457204665809,0.8800879676710961,5.0,0.5416507738568895,0.2801054373778539,0.1831495038344342,0.12874626814582688,3.0,5.610723192807438,2.3435893335788758,2.8346380937036253,0.9153757278172963,5.0,0.5523007581066064,0.18206533174075984,0.260662092296709,0.21315592451440246,4.0,,,,,0.0,,,,,0.0,,,,,0.0,,,,,0.0,,,,,0.0,,,,,0.0,,,,,0.0,,,,,0.0,,,,,0.0,,,,,0.0,,,,,0.0,,,,,0.0,19.16028135609552,5.6025360253098775,15.060897247837516,,1.0,24.648252891543102,1.9171555480636484,2.5009866904547726,,1.0,0.6668321633323645,0.2147786334116938,,,0.0,0.13407964506833714,0.021493618292265218,0.0141760322091228,,1.0,1.1056031371038018,0.21416904256181432,,,0.0,0.0695121713516291,0.0027219009056312724,0.0805100476484615,,1.0,6,2414.0,11033.55202909155,
0.0,0,0.0,,,0,,,0.0,0.0,0,0.0,0.0,0.0,0.0,0,0.0,0.0,0_2_85_p0,vallen,geluiden,c0,,,,,,,,,,,,,,,,,,,,,,,,,,,,,,,,,,,,,,,,,,,,,,,,,,,,,,,,,,,,,,,,,,,,,,,,,,,,,,,,,,,,,,,,,,,,,,,,,,,,,,,,,,,,,,,,,,,,,,,,,,,,,,,,,0,0.0,0.0,0.0
0.0,0,1982.0,,,0,,,0.30178792371170454,0.3703332907848663,2,0.3851839678329264,0.3554411184146449,515.9537621426697,,3,483.6463134170851,106.74847137197844,0_2_86_p0,piepen,geluiden,c0,,,,,,,,,,,,,,,,,,,,,,,,,,,,,,,,,,,,,,,,,,,,,,,,,,,,,,,,,,,,,,,,,,,,,,,,,,,,,,,,,,,,,,,,,,,,,,,,,,,,,,,,,,,,,,,,,,,,,,,,,,,,,,,,,0,0.0,0.0,0.0
0.0,0,2030.0,,,0,,,0.2508452264513174,0.3571992913505855,3,0.49086101840157886,0.28048404707549635,545.0530640361924,27.982153363394033,3,525.7221814201575,14.080390595579429,0_2_87_p0,piepen,geluiden,c1,,,,,,,,,,,,,,,,,,,,,,,,,,,,,,,,,,,,,,,,,,,,,,,,,,,,,,,,,,,,,,,,,,,,,,,,,,,,,,,,,,,,,,,,,,,,,,,,,,,,,,,,,,,,,,,,,,,,,,,,,,,,,,,,,0,0.0,0.0,0.0
0.0,0,1504.0,,,0,,,0.014305126908677567,0.006725896374677175,3,0.2715258173664625,0.3100866829221133,,,2,530.0639490877581,37.32944589373503,0_2_88_p0,piepen,geluiden,c2,,,,,,,,,,,,,,,,,,,,,,,,,,,,,,,,,,,,,,,,,,,,,,,,,,,,,,,,,,,,,,,,,,,,,,,,,,,,,,,,,,,,,,,,,,,,,,,,,,,,,,,,,,,,,,,,,,,,,,,,,,,,,,,,,0,0.0,0.0,0.0
2082.0,1,1210.0,0.0006049863711765,5.0658477037359635e-05,2,0.0031311194714771246,0.002796059851208969,0.0293762774077289,1.63775669405372e-06,2,0.29604564448456866,0.32083683642470023,,,1,279.6652179643755,50.89863769791236,0_2_89_p0,jagen,geluiden,c0,14.451812720356159,0.02033170007570286,14.905255687892932,0.03343316452006277,14.322953698880688,0.022529267830698696,13.554619858617935,0.057837023291760714,10.757255118397218,2.006743984486459,11.373415091501661,0.7976717704539507,3.0,222.1348422721664,98.34865551475906,59.37719899061364,59.42494223730656,2.0,7.853117357084558,4.267992462512545,2.1512805138554416,1.972370367550061,2.0,0.7231829560093447,0.3903609085264627,0.2565343938315139,0.1368356499126644,2.0,6.646742725019817,2.9503657051796552,3.608563032169796,5.480766405795335,3.0,0.6225714812465325,0.2750255991272903,0.6844194992228693,,1.0,74.93935499554237,9.456313821517808,70.25584553744923,4.342909202193482,3.0,25.236006612954853,7.181909986628318,9.60822853983351,10.217352817084594,3.0,0.6675522859427454,0.38493044906639057,0.5823120415577286,0.3866752363317281,3.0,0.08513455144951156,0.04555919673952659,0.043862546690380096,0.050137423807006386,3.0,2.5593803926998606,1.1093281018637609,2.3434320032348364,0.21388261596496627,2.0,0.24806057708615592,0.08403307954082513,0.1568786847808618,0.011216428033016704,2.0,12.824798421236695,0.9090004078141762,13.249713640700179,0.25711241615917374,2.0,22.80351051843392,6.019572120792169,5.42245019636663,,1.0,0.6550231756151043,0.3967229292982792,0.0774743245991009,,1.0,0.06487822023988364,0.03479776724080154,0.0241573030973732,0.014159964926527123,2.0,1.0971525259677957,0.7194093682386409,0.16927601494494124,0.08919664678744756,2.0,0.1096998230977424,0.04914301743110136,0.02318224647425885,0.009832292505358055,2.0,22.90931387261788,15.33775227570995,14.639748900473677,3.1302679808704568,2.0,58.1322931659417,13.927817614237377,8.845990835347031,4.745739526564214,2.0,1.6884834574556464,0.7903222077330774,0.34352921972747297,0.11241819363938069,2.0,0.16699271673789728,0.09292434683931446,0.0101630294329167,,1.0,1.2288412249033316,0.8399488197816177,0.7809949409216924,0.7965442342514146,2.0,0.13525539669299083,0.07329436623748006,0.0783531969925396,0.0830089775023092,2.0,4,1614.0,133029.96169551113,0.0
2464.0,1,1894.0,0.0014154266526363337,0.0010639379468501354,3,0.0019779534323157264,0.0019441240587726978,0.01486036913753435,0.014318570963879578,2,0.3274801776033306,0.30965823541004567,295.14473434418613,,2,305.64543486691673,42.33228187422795,0_2_90_p0,jagen,geluiden,c1,15.79624426854869,0.01918967491105331,,0.0,,0.0,7.096839864430232,0.016736792355523864,9.402752866116884,1.538797278664778,9.321555043692689,0.9642413263048564,4.0,138.41188742744706,79.50207410904781,45.79331379910836,57.307346207148306,2.0,5.38704640134524,3.6685374025414585,6.738544967592746,7.783680942557263,3.0,0.48015719189618333,0.3527809066101251,0.6284253101073504,0.8115757661947535,3.0,4.2680195553950115,2.3379751001997344,2.895787357988317,2.7189397722392523,3.0,0.39320206195935525,0.215088803672725,0.34019111531933777,0.3273194935247628,3.0,,,,,0.0,,,,,0.0,,,,,0.0,,,,,0.0,,,,,0.0,,,,,0.0,,,,,0.0,,,,,0.0,,,,,0.0,,,,,0.0,,,,,0.0,,,,,0.0,18.113210764955006,4.669521381913294,,,0.0,29.226283293374188,5.323045210932929,,,0.0,1.3405817998050402,0.06850005589663215,0.2329407648525554,,1.0,0.09164924053670781,0.02571967666214643,0.0430375463691958,,1.0,1.668520018165194,0.8139789889983912,0.3715476840911482,,1.0,0.11816925423066629,0.029638453896034027,0.0632517451973848,,1.0,6,2464.0,70725.83419292618,142.38913816252511
1864.0,1,838.0,0.0010676931586074,0.0002458259672164589,2,0.0020511002655813526,0.002163529762906048,0.00858555118283535,9.80119296681103e-06,2,0.5174241175145328,0.3154792708132179,,,1,347.5239124822451,39.163140753542585,0_2_91_p0,jagen,geluiden,c2,15.227160120022816,0.026305651675418727,,0.0,,0.0,,0.0,9.37727866590881,1.4511566451933784,10.824811679217962,2.9281307266546186,2.0,159.17804858872606,74.62619364866431,104.64807963824728,1.8792638457590354,2.0,6.790396091041183,3.910284501682985,4.244967347238351,0.29924561666358745,2.0,0.6958499307674326,0.3720751421984784,0.4264468111606559,,1.0,5.339171978860389,2.5349342093252063,3.6272578122230796,0.8432139502478235,2.0,0.5076801004164991,0.21625138501769167,0.284868904750407,0.1272182802279435,2.0,,,,,0.0,,,,,0.0,,,,,0.0,,,,,0.0,,,,,0.0,,,,,0.0,,,,,0.0,,,,,0.0,,,,,0.0,,,,,0.0,,,,,0.0,,,,,0.0,,,,,0.0,,,,,0.0,,,,,0.0,,,,,0.0,,,,,0.0,,,,,0.0,5,1864.0,55208.60992185817,0.0
4032.0,1,2718.0,0.0005281854085439799,0.00041789289160215095,5,0.0014883794649393851,0.001683386282786849,0.05582828106992275,0.06795743853259735,4,0.22748732296520996,0.2698364886870943,211.6789915459387,,3,292.74583299761764,75.58744554820595,0_2_98_p1,zwaar,geluiden,c0,,0.0,17.223092992040694,0.009094831094783725,17.899166798866055,0.02473299609782806,16.60555876290222,0.02549326676606106,,,,,0.0,,,,,0.0,,,,,0.0,,,,,0.0,,,,,0.0,,,,,0.0,71.53836506434673,11.7997638185896,74.70913518655988,12.036806091004047,6.0,13.167644945366803,8.312133440872984,12.542713105546019,7.764132046907378,3.0,0.36936271150578426,0.30619657996537925,0.37561927308731463,0.27099254729307753,4.0,0.03663656007577237,0.03445492312903174,0.0247224988588461,0.02083490517152603,4.0,1.889516232826945,1.4792983039309904,1.9858501373064157,1.7181500463994486,7.0,0.21569885286658028,0.17373054537766597,0.15073555137331765,0.08788996247475984,5.0,13.832856500226791,1.3237863603928908,14.009038953735523,0.7645140366962334,7.0,17.062792349331527,4.8248527684246065,19.860762630503796,6.998487189207471,3.0,0.4619345754256546,0.2024992640439517,0.47394130660278294,0.20904482877094438,6.0,0.048727120955871894,0.019675924305206018,0.04711716573127636,0.03422523675844758,5.0,0.5221493972376072,0.302208103532161,0.4702161059465723,0.3068868278337112,5.0,0.0579489185978992,0.029222628726218274,0.05447185613074024,0.02992476848631651,5.0,17.181995546933805,5.876746726694451,18.702580372222037,5.839096984335039,4.0,32.048978707503494,14.334192931691502,10.926732629343105,9.704970290326212,2.0,0.9974251961351834,0.5922665497352569,1.0337294650829159,0.6922222769990175,4.0,0.09977440406884157,0.05313327262139178,0.0436595530007145,0.03498752837605166,3.0,0.6410312488244067,0.33145455335109514,0.4023363780194549,0.07412824284869902,4.0,0.07361833155505039,0.03644733914365966,0.06072377141853325,0.03334692303692607,4.0,0,0.0,0.0,0.0
2298.0,1,3182.0,0.0001749286778106,9.280413122029956e-05,2,0.0023943655753550577,0.0024731449913597647,0.07665043697168747,0.10442670053396352,3,0.1937206074938641,0.253021414190944,,,3,313.2484486669198,59.186339136534734,0_2_99_p1,zwaar,geluiden,c1,,0.0,12.038163636111502,0.02238296073282486,11.596867853268906,0.062144629003966195,15.513628795938013,0.03442537829874344,,,,,0.0,,,,,0.0,,,,,0.0,,,,,0.0,,,,,0.0,,,,,0.0,70.09853431403576,11.999011575091384,63.48861007786916,,1.0,18.108130824847734,9.634126459515668,30.83894806215966,,1.0,0.7672752365998045,0.4296748265330395,1.033779222874862,,1.0,0.09372272253657507,0.04421751608291745,0.1440210901138962,,1.0,2.646366016270908,1.4126167494072421,3.3857778241299905,,1.0,0.3226652460613142,0.23879034352324208,0.1902316835535143,,1.0,14.03951027062008,1.2176575814950967,12.706413008469868,1.899566229736149,2.0,30.85819521115841,4.904254663862526,17.634900318000355,10.381588969448623,2.0,0.7634810604195716,0.24487650270078715,0.8963649191848221,,1.0,0.09425976487225526,0.02915895152901622,0.0704871703639644,0.03291798332796024,2.0,0.7264902723376604,0.3391277341450475,0.1305096895281114,,1.0,0.07740149436243776,0.030511268563413924,0.09510827302928504,0.08652778072225276,2.0,17.237550072204396,7.982223310048304,14.495878552256258,5.170388276330047,4.0,45.32247827212505,15.229339100866268,10.019546643682167,6.112528321460681,3.0,1.304769640104609,0.8283975701765885,0.8637723557768527,1.257924593463087,3.0,0.1351276129681687,0.06743824200410696,0.0504774097409188,0.06100574483228797,3.0,0.8991586984418254,0.5516642936797692,0.43535393405633466,0.3057104743163867,3.0,0.09879093584738381,0.06019657578611981,0.0544431120259369,0.015163408905051223,2.0,0,0.0,0.0,0.0
