time,f1,f2,f3,f4,f5,filename,trialid
0,1901.2164903661317,3381.77660821602,5896.8579108655,0.0,0.0,0_1_trial_2_Mic_nominal_srate48000_p0_bitter_geluiden_corrected_formants,0_1_2_p0
0.0252812500000001,1901.2164903661317,3381.77660821602,5896.8579108655,0.0,0.0,0_1_trial_2_Mic_nominal_srate48000_p0_bitter_geluiden_corrected_formants,0_1_2_p0
0.0302812500000001,1901.7861987637384,3381.338093394338,5896.852409909783,0.0,0.0,0_1_trial_2_Mic_nominal_srate48000_p0_bitter_geluiden_corrected_formants,0_1_2_p0
0.0352812500000001,1901.227209557506,3380.324306742916,5896.861453731282,0.0,0.0,0_1_trial_2_Mic_nominal_srate48000_p0_bitter_geluiden_corrected_formants,0_1_2_p0
0.0402812500000001,1901.383084361315,3380.3409709785305,5896.870393532241,0.0,0.0,0_1_trial_2_Mic_nominal_srate48000_p0_bitter_geluiden_corrected_formants,0_1_2_p0
0.0452812500000001,1901.0430703848256,3379.7506912789013,5896.903402679191,0.0,0.0,0_1_trial_2_Mic_nominal_srate48000_p0_bitter_geluiden_corrected_formants,0_1_2_p0
0.0502812500000001,1901.772101541296,3379.7153938732845,5896.961924626983,0.0,0.0,0_1_trial_2_Mic_nominal_srate48000_p0_bitter_geluiden_corrected_formants,0_1_2_p0
0.0552812500000001,1204.3217516351033,2473.1031065819707,3773.1768636694055,0.0,0.0,0_1_trial_2_Mic_nominal_srate48000_p0_bitter_geluiden_corrected_formants,0_1_2_p0
0.0602812500000001,1174.239467422462,2401.475935145708,3546.787292758256,4396.41782226867,0.0,0_1_trial_2_Mic_nominal_srate48000_p0_bitter_geluiden_corrected_formants,0_1_2_p0
0.0652812500000001,1210.8000084256505,2439.177195938288,3657.5056237052254,4861.901974053842,0.0,0_1_trial_2_Mic_nominal_srate48000_p0_bitter_geluiden_corrected_formants,0_1_2_p0
0.0702812500000001,1236.1351981836528,2450.258751515488,3650.911936555335,4836.133284999039,0.0,0_1_trial_2_Mic_nominal_srate48000_p0_bitter_geluiden_corrected_formants,0_1_2_p0
0.0752812500000001,1244.1470932046525,2445.663846409072,3638.544539009516,4853.442227276947,0.0,0_1_trial_2_Mic_nominal_srate48000_p0_bitter_geluiden_corrected_formants,0_1_2_p0
0.0802812500000001,1251.5332315084102,2441.0660067436093,3625.859995653914,4866.676822623197,0.0,0_1_trial_2_Mic_nominal_srate48000_p0_bitter_geluiden_corrected_formants,0_1_2_p0
0.0852812500000001,1245.9269986912334,2402.090033341436,3551.9529825644267,4725.118446225589,0.0,0_1_trial_2_Mic_nominal_srate48000_p0_bitter_geluiden_corrected_formants,0_1_2_p0
0.0902812500000001,1235.9042971822576,2304.9711954621725,3374.811827731254,4445.49583172989,5745.068032791836,0_1_trial_2_Mic_nominal_srate48000_p0_bitter_geluiden_corrected_formants,0_1_2_p0
0.0952812500000001,1248.8004148431728,2201.3866945194527,3505.83384425569,4434.418720448249,0.0,0_1_trial_2_Mic_nominal_srate48000_p0_bitter_geluiden_corrected_formants,0_1_2_p0
0.1002812500000001,1287.5699799216527,1830.5919430447232,3500.70638617412,4378.017082004147,0.0,0_1_trial_2_Mic_nominal_srate48000_p0_bitter_geluiden_corrected_formants,0_1_2_p0
0.1052812500000001,1294.107275144427,1875.86462044196,3513.900939995409,4395.153015661024,0.0,0_1_trial_2_Mic_nominal_srate48000_p0_bitter_geluiden_corrected_formants,0_1_2_p0
0.1102812500000001,1261.0610145424469,2295.782419066628,3416.9187972255,4402.849667507394,0.0,0_1_trial_2_Mic_nominal_srate48000_p0_bitter_geluiden_corrected_formants,0_1_2_p0
0.1152812500000001,1239.945574048099,2098.8824527491824,3157.6519066467345,4183.381962941148,5779.397747072714,0_1_trial_2_Mic_nominal_srate48000_p0_bitter_geluiden_corrected_formants,0_1_2_p0
0.1202812500000001,1209.4522654136392,1945.833002627265,3123.56067804368,4141.010531716514,5538.156357787545,0_1_trial_2_Mic_nominal_srate48000_p0_bitter_geluiden_corrected_formants,0_1_2_p0
0.1252812500000001,1130.992118492792,1921.3859818755511,3100.538100087727,4159.1794166226,5529.391056331306,0_1_trial_2_Mic_nominal_srate48000_p0_bitter_geluiden_corrected_formants,0_1_2_p0
0.1302812500000001,1186.142585113541,2188.055429825852,3162.214086821877,4392.286951880315,5801.122841516108,0_1_trial_2_Mic_nominal_srate48000_p0_bitter_geluiden_corrected_formants,0_1_2_p0
0.1352812500000001,1254.4691831142827,2534.486667056046,3105.738586567875,4488.477746253955,0.0,0_1_trial_2_Mic_nominal_srate48000_p0_bitter_geluiden_corrected_formants,0_1_2_p0
0.1402812500000001,1309.4257879069446,2493.273318300125,3352.847515258956,4504.086168088618,0.0,0_1_trial_2_Mic_nominal_srate48000_p0_bitter_geluiden_corrected_formants,0_1_2_p0
0.1452812500000001,1410.2261009535396,2492.4545565714866,3482.476842081061,4565.811326676396,0.0,0_1_trial_2_Mic_nominal_srate48000_p0_bitter_geluiden_corrected_formants,0_1_2_p0
0.1502812500000001,1077.7659893575494,2300.1134708999343,3745.231825052979,4562.082285008705,0.0,0_1_trial_2_Mic_nominal_srate48000_p0_bitter_geluiden_corrected_formants,0_1_2_p0
0.1552812500000001,1069.2905964984377,2298.18185631115,3997.237291552731,4133.876313532634,5382.636235194027,0_1_trial_2_Mic_nominal_srate48000_p0_bitter_geluiden_corrected_formants,0_1_2_p0
0.1602812500000001,1178.0707011215404,2324.929245185393,3809.298961134032,4100.873287706369,5324.562652947207,0_1_trial_2_Mic_nominal_srate48000_p0_bitter_geluiden_corrected_formants,0_1_2_p0
0.1652812500000001,1407.8805912211762,2445.302736420377,4051.115294921703,5147.263748955328,0.0,0_1_trial_2_Mic_nominal_srate48000_p0_bitter_geluiden_corrected_formants,0_1_2_p0
0.1702812500000001,1300.249914035619,2390.647469494531,3423.456497295425,4633.255422958872,0.0,0_1_trial_2_Mic_nominal_srate48000_p0_bitter_geluiden_corrected_formants,0_1_2_p0
0.1752812500000001,1315.9825625359128,2449.78596580012,3356.748688009398,4391.604720791346,5478.698412724494,0_1_trial_2_Mic_nominal_srate48000_p0_bitter_geluiden_corrected_formants,0_1_2_p0
0.1802812500000001,1312.5731047966926,2422.023870592559,3342.8507267652667,4243.791817182299,5327.184567997231,0_1_trial_2_Mic_nominal_srate48000_p0_bitter_geluiden_corrected_formants,0_1_2_p0
0.1852812500000001,1285.3279979080298,2385.016943747527,3375.1570472536355,4195.034903142596,5302.880021593272,0_1_trial_2_Mic_nominal_srate48000_p0_bitter_geluiden_corrected_formants,0_1_2_p0
0.1902812500000001,1216.075915986573,2298.5212306059325,3531.7905151090845,4061.709179277147,5275.426254059707,0_1_trial_2_Mic_nominal_srate48000_p0_bitter_geluiden_corrected_formants,0_1_2_p0
0.1952812500000001,1291.8787068744423,2226.283679557489,3248.155272152706,4243.899294060393,5410.096668396471,0_1_trial_2_Mic_nominal_srate48000_p0_bitter_geluiden_corrected_formants,0_1_2_p0
0.2002812500000001,1243.8843097909255,2175.2900697156297,3227.4264200838466,4241.674209806517,5379.536246741092,0_1_trial_2_Mic_nominal_srate48000_p0_bitter_geluiden_corrected_formants,0_1_2_p0
0.2052812500000001,1162.8906891739464,2125.1808203857718,3251.382386106868,4241.434971670868,5353.936798253416,0_1_trial_2_Mic_nominal_srate48000_p0_bitter_geluiden_corrected_formants,0_1_2_p0
0.2102812500000001,1223.7844282122971,2168.452011864071,3386.8121514784666,4163.799026302846,5269.638139702747,0_1_trial_2_Mic_nominal_srate48000_p0_bitter_geluiden_corrected_formants,0_1_2_p0
0.2152812500000001,1407.3407224289922,2504.248651881371,3766.63881269004,5085.174609543707,0.0,0_1_trial_2_Mic_nominal_srate48000_p0_bitter_geluiden_corrected_formants,0_1_2_p0
0.2202812500000001,1330.0598362482697,2587.9462910306333,3719.243233667952,5114.567213261767,0.0,0_1_trial_2_Mic_nominal_srate48000_p0_bitter_geluiden_corrected_formants,0_1_2_p0
0.2252812500000001,1284.9113785359666,2547.164216130949,3820.4786797405095,4031.657554146606,5264.84477212979,0_1_trial_2_Mic_nominal_srate48000_p0_bitter_geluiden_corrected_formants,0_1_2_p0
0.2302812500000001,1274.0296016749803,2488.9094253413905,3302.1463890472214,3901.776872634927,5232.816046339612,0_1_trial_2_Mic_nominal_srate48000_p0_bitter_geluiden_corrected_formants,0_1_2_p0
0.2352812500000001,1172.1847648879505,2352.312752595031,3628.011103340028,4027.013071601684,5255.942233015042,0_1_trial_2_Mic_nominal_srate48000_p0_bitter_geluiden_corrected_formants,0_1_2_p0
0.2402812500000001,1189.0016763418162,2352.988120404474,3403.131371739178,3966.378465866448,5249.241954758919,0_1_trial_2_Mic_nominal_srate48000_p0_bitter_geluiden_corrected_formants,0_1_2_p0
0.2452812500000001,1154.3883191860962,2349.136061410236,3385.7352091189778,4070.808043797396,5232.848468533709,0_1_trial_2_Mic_nominal_srate48000_p0_bitter_geluiden_corrected_formants,0_1_2_p0
0.2502812500000001,1051.220122493717,2397.041815193178,3455.1320714498665,4225.814559932151,5345.486328100616,0_1_trial_2_Mic_nominal_srate48000_p0_bitter_geluiden_corrected_formants,0_1_2_p0
0.2552812500000001,1074.0540501216203,2500.0673651320703,3783.70112736798,4171.060378899243,5801.838693428141,0_1_trial_2_Mic_nominal_srate48000_p0_bitter_geluiden_corrected_formants,0_1_2_p0
0.2602812500000001,1188.59535261671,2610.34545683003,3467.7000088506475,4061.988263868741,5178.453161258994,0_1_trial_2_Mic_nominal_srate48000_p0_bitter_geluiden_corrected_formants,0_1_2_p0
0.2652812500000001,1389.19327586575,2682.3017283320555,4016.753196180128,5302.55988439157,0.0,0_1_trial_2_Mic_nominal_srate48000_p0_bitter_geluiden_corrected_formants,0_1_2_p0
0.2702812500000001,1327.6064871564768,2488.252931055453,2776.0684010447403,3964.664774074088,5480.50294471126,0_1_trial_2_Mic_nominal_srate48000_p0_bitter_geluiden_corrected_formants,0_1_2_p0
0.2752812500000001,1298.208589297207,2597.809186639512,3927.321095887625,4937.748978089194,0.0,0_1_trial_2_Mic_nominal_srate48000_p0_bitter_geluiden_corrected_formants,0_1_2_p0
0.2802812500000001,1339.820006557911,2635.356388414057,3901.082381009599,4768.812837625081,0.0,0_1_trial_2_Mic_nominal_srate48000_p0_bitter_geluiden_corrected_formants,0_1_2_p0
0.2852812500000001,1217.5888194425856,2595.51241628794,3877.2680626631854,4814.830449583041,0.0,0_1_trial_2_Mic_nominal_srate48000_p0_bitter_geluiden_corrected_formants,0_1_2_p0
0.2902812500000001,1242.6151505774812,2543.994833014356,3041.2850050071584,4033.0300492189,5347.874734352404,0_1_trial_2_Mic_nominal_srate48000_p0_bitter_geluiden_corrected_formants,0_1_2_p0
0.2952812500000001,1346.7029823779335,2457.159771774777,2861.8889558357323,4049.3070057030673,5277.933477759101,0_1_trial_2_Mic_nominal_srate48000_p0_bitter_geluiden_corrected_formants,0_1_2_p0
0.3002812500000001,1231.2006794685808,2470.6620178501225,3481.7762026474447,4008.326079443494,5335.719290261283,0_1_trial_2_Mic_nominal_srate48000_p0_bitter_geluiden_corrected_formants,0_1_2_p0
0.3052812500000001,1050.6373364910496,2513.891003584267,3376.502457887401,4049.579098147786,5597.157844832384,0_1_trial_2_Mic_nominal_srate48000_p0_bitter_geluiden_corrected_formants,0_1_2_p0
0.3102812500000002,1047.486248570097,2621.761877346844,3108.753803920303,4049.479669236753,0.0,0_1_trial_2_Mic_nominal_srate48000_p0_bitter_geluiden_corrected_formants,0_1_2_p0
0.3152812500000001,1080.3811050908942,2591.4663913488157,3514.5138784244123,3993.460006704423,5460.722404599823,0_1_trial_2_Mic_nominal_srate48000_p0_bitter_geluiden_corrected_formants,0_1_2_p0
0.3202812500000001,1206.057287726872,2539.896891975868,3732.6516538309,3975.952883945261,5255.913559571164,0_1_trial_2_Mic_nominal_srate48000_p0_bitter_geluiden_corrected_formants,0_1_2_p0
0.3252812500000001,1169.9632554975228,2254.628049187562,3414.6605994131555,4197.838409465826,5365.44228874364,0_1_trial_2_Mic_nominal_srate48000_p0_bitter_geluiden_corrected_formants,0_1_2_p0
0.3302812500000001,1228.32041849925,2193.0300909276966,3258.167079792144,4128.76314402277,5351.588110661884,0_1_trial_2_Mic_nominal_srate48000_p0_bitter_geluiden_corrected_formants,0_1_2_p0
0.3352812500000001,1240.1559452591246,2296.909996795113,3107.575470278753,4057.107162648627,5128.269880221423,0_1_trial_2_Mic_nominal_srate48000_p0_bitter_geluiden_corrected_formants,0_1_2_p0
0.3402812500000001,1223.5474838124394,2321.9428354589304,3338.150296011104,4017.926500708466,5170.280625180929,0_1_trial_2_Mic_nominal_srate48000_p0_bitter_geluiden_corrected_formants,0_1_2_p0
0.3452812500000001,1293.6112457867737,2442.1156295331057,3965.961430151859,4094.9978128556186,5265.405713785712,0_1_trial_2_Mic_nominal_srate48000_p0_bitter_geluiden_corrected_formants,0_1_2_p0
0.3502812500000001,1239.492447388391,2670.503681817466,3792.7057108275294,4894.310376877008,4899.594000924006,0_1_trial_2_Mic_nominal_srate48000_p0_bitter_geluiden_corrected_formants,0_1_2_p0
0.3552812500000001,1415.4767063361628,2703.4557041357657,3897.0621704245614,4975.226574479131,0.0,0_1_trial_2_Mic_nominal_srate48000_p0_bitter_geluiden_corrected_formants,0_1_2_p0
0.3602812500000001,1382.5710943682705,2245.875221803915,3467.021496782126,4164.833653711034,5037.827163768051,0_1_trial_2_Mic_nominal_srate48000_p0_bitter_geluiden_corrected_formants,0_1_2_p0
0.3652812500000001,1225.742080210756,2203.337628087248,3312.9652672951315,4463.3233387252885,5223.2894028670025,0_1_trial_2_Mic_nominal_srate48000_p0_bitter_geluiden_corrected_formants,0_1_2_p0
0.3702812500000002,1196.5657578122318,2199.0938237041464,3253.230399938496,4401.163682891283,5366.076072627937,0_1_trial_2_Mic_nominal_srate48000_p0_bitter_geluiden_corrected_formants,0_1_2_p0
0.3752812500000002,1117.5200780464168,2263.939323723828,3215.237326898696,4353.470822218291,5370.741372084968,0_1_trial_2_Mic_nominal_srate48000_p0_bitter_geluiden_corrected_formants,0_1_2_p0
0.3802812500000001,1101.7031224751147,2314.2846659784823,3358.904656556116,4295.591584690242,5277.367155531044,0_1_trial_2_Mic_nominal_srate48000_p0_bitter_geluiden_corrected_formants,0_1_2_p0
0.3852812500000001,1160.6542823156017,2213.6505695220458,3315.8285806620047,4224.397796899925,5300.108050355847,0_1_trial_2_Mic_nominal_srate48000_p0_bitter_geluiden_corrected_formants,0_1_2_p0
0.3902812500000001,1178.9272150953648,2103.435592244648,3247.532814671828,4258.612937606925,5340.977377797967,0_1_trial_2_Mic_nominal_srate48000_p0_bitter_geluiden_corrected_formants,0_1_2_p0
0.3952812500000001,1223.92663723458,2122.638527752689,3202.6322824229424,4422.447960642636,5325.81737138383,0_1_trial_2_Mic_nominal_srate48000_p0_bitter_geluiden_corrected_formants,0_1_2_p0
0.4002812500000001,1303.3323525879575,2257.272677465019,3084.665424410315,4723.695281146007,5186.871304341981,0_1_trial_2_Mic_nominal_srate48000_p0_bitter_geluiden_corrected_formants,0_1_2_p0
0.4052812500000001,1451.986297291865,2115.3588245515134,3015.165261744051,4706.240502887387,4921.076010068769,0_1_trial_2_Mic_nominal_srate48000_p0_bitter_geluiden_corrected_formants,0_1_2_p0
0.4102812500000001,1410.5188014367618,2455.975339334342,3405.617504274948,4886.909950149887,0.0,0_1_trial_2_Mic_nominal_srate48000_p0_bitter_geluiden_corrected_formants,0_1_2_p0
0.4152812500000001,1239.9013296353935,2376.1064636655087,3472.691973255686,4518.672715145709,5266.716324116883,0_1_trial_2_Mic_nominal_srate48000_p0_bitter_geluiden_corrected_formants,0_1_2_p0
0.4202812500000001,1208.7395716947558,2463.785384731081,3485.965206037217,4117.558651706916,5283.111624477361,0_1_trial_2_Mic_nominal_srate48000_p0_bitter_geluiden_corrected_formants,0_1_2_p0
0.4252812500000001,1301.1217883403594,2603.6237487804174,3965.998609672048,4344.844402540807,0.0,0_1_trial_2_Mic_nominal_srate48000_p0_bitter_geluiden_corrected_formants,0_1_2_p0
0.4302812500000001,1252.214928521741,2558.275982076681,3969.283338398837,4166.922774231794,5649.019465511465,0_1_trial_2_Mic_nominal_srate48000_p0_bitter_geluiden_corrected_formants,0_1_2_p0
0.4352812500000002,1177.8955687460816,2658.5509080373354,3063.5538097789054,4022.787175234879,5574.544727301996,0_1_trial_2_Mic_nominal_srate48000_p0_bitter_geluiden_corrected_formants,0_1_2_p0
0.4402812500000002,1236.5848821395168,2617.4130285963047,3217.9679265788477,4061.2672913749143,0.0,0_1_trial_2_Mic_nominal_srate48000_p0_bitter_geluiden_corrected_formants,0_1_2_p0
0.4452812500000001,1268.9242664120884,2411.291009868458,3819.141327831286,4286.58429215392,0.0,0_1_trial_2_Mic_nominal_srate48000_p0_bitter_geluiden_corrected_formants,0_1_2_p0
0.4502812500000001,1223.5361114529949,2192.204561474263,3652.1743884580096,4219.410114607259,0.0,0_1_trial_2_Mic_nominal_srate48000_p0_bitter_geluiden_corrected_formants,0_1_2_p0
0.4552812500000001,1243.481248201149,2135.7309077747627,3685.267137834741,4251.546859812426,0.0,0_1_trial_2_Mic_nominal_srate48000_p0_bitter_geluiden_corrected_formants,0_1_2_p0
0.4602812500000001,1288.5241158840076,2126.4066013256497,3542.191034513071,4246.259149762639,0.0,0_1_trial_2_Mic_nominal_srate48000_p0_bitter_geluiden_corrected_formants,0_1_2_p0
0.4652812500000001,1335.3366270279369,2462.0252415777254,3371.7544337570657,4151.788949952563,0.0,0_1_trial_2_Mic_nominal_srate48000_p0_bitter_geluiden_corrected_formants,0_1_2_p0
0.4702812500000001,1361.5282498544143,2623.293156563581,4031.849334223483,4459.350404621139,0.0,0_1_trial_2_Mic_nominal_srate48000_p0_bitter_geluiden_corrected_formants,0_1_2_p0
0.4752812500000001,1262.0066616677034,2489.853969254715,2672.2996219249803,4013.41981626001,5304.471350119307,0_1_trial_2_Mic_nominal_srate48000_p0_bitter_geluiden_corrected_formants,0_1_2_p0
0.4802812500000001,1173.526394081117,2600.171601067152,2778.489738367277,3998.9031930428673,5318.41356802925,0_1_trial_2_Mic_nominal_srate48000_p0_bitter_geluiden_corrected_formants,0_1_2_p0
0.4852812500000001,1132.6855398667578,2772.035072491395,3142.002652234071,3998.992091520704,5347.152822365096,0_1_trial_2_Mic_nominal_srate48000_p0_bitter_geluiden_corrected_formants,0_1_2_p0
0.4902812500000001,1121.521912353864,2551.171947586928,3360.699526880524,4036.5703416253255,5272.379044191863,0_1_trial_2_Mic_nominal_srate48000_p0_bitter_geluiden_corrected_formants,0_1_2_p0
0.4952812500000002,1151.878340723836,2299.526663485518,3431.209715543528,4062.076509958891,5301.942858328504,0_1_trial_2_Mic_nominal_srate48000_p0_bitter_geluiden_corrected_formants,0_1_2_p0
0.5002812500000002,1186.6328670297914,2355.577157764012,3595.743502703115,4068.474192023624,5689.882463532094,0_1_trial_2_Mic_nominal_srate48000_p0_bitter_geluiden_corrected_formants,0_1_2_p0
0.5052812500000001,1187.3959488671317,2400.0979770139347,3462.8273704141184,4093.1785125486153,5838.261996228494,0_1_trial_2_Mic_nominal_srate48000_p0_bitter_geluiden_corrected_formants,0_1_2_p0
0.5102812500000001,1184.2161995886042,2344.4652546748493,3648.461669396496,4025.925447329335,5541.605139075769,0_1_trial_2_Mic_nominal_srate48000_p0_bitter_geluiden_corrected_formants,0_1_2_p0
0.5152812500000001,1365.7189836641849,2519.228399475096,3959.0391077170098,5392.469384042342,0.0,0_1_trial_2_Mic_nominal_srate48000_p0_bitter_geluiden_corrected_formants,0_1_2_p0
0.5202812500000001,1568.6992388066612,2813.9925118058677,3959.407144872656,5244.831377024872,0.0,0_1_trial_2_Mic_nominal_srate48000_p0_bitter_geluiden_corrected_formants,0_1_2_p0
0.5252812500000001,1422.942197774482,2746.060917957569,3942.269840977813,5280.333338678264,0.0,0_1_trial_2_Mic_nominal_srate48000_p0_bitter_geluiden_corrected_formants,0_1_2_p0
0.5302812500000001,1216.458721322816,2625.8009409271563,3729.191740126973,3993.5271298569232,5397.321317073772,0_1_trial_2_Mic_nominal_srate48000_p0_bitter_geluiden_corrected_formants,0_1_2_p0
0.5352812500000002,1075.6571514450577,2562.7888544308908,3544.5680645781067,4015.387876475572,5303.099535752742,0_1_trial_2_Mic_nominal_srate48000_p0_bitter_geluiden_corrected_formants,0_1_2_p0
0.5402812500000002,1087.9446325067572,2553.249492367418,3681.6188259650535,3983.282962584296,5274.63830169664,0_1_trial_2_Mic_nominal_srate48000_p0_bitter_geluiden_corrected_formants,0_1_2_p0
0.5452812500000002,1158.56179748972,2577.4876348478124,3444.715050070553,4010.1683818290985,5419.67356006662,0_1_trial_2_Mic_nominal_srate48000_p0_bitter_geluiden_corrected_formants,0_1_2_p0
0.5502812500000002,1207.246646954914,2477.6149656522007,3044.1729332337786,4068.07198261708,5462.573151926375,0_1_trial_2_Mic_nominal_srate48000_p0_bitter_geluiden_corrected_formants,0_1_2_p0
0.5552812500000002,1303.510716395954,2429.3863729425425,2948.127708470157,4066.4262237439007,5539.164494741778,0_1_trial_2_Mic_nominal_srate48000_p0_bitter_geluiden_corrected_formants,0_1_2_p0
0.5602812500000002,1516.1558713067025,2686.5451182227266,4008.2656220264766,4864.577765180907,0.0,0_1_trial_2_Mic_nominal_srate48000_p0_bitter_geluiden_corrected_formants,0_1_2_p0
0.5652812500000002,636.3716127577433,2108.30088721767,3359.4305142376907,3994.436970974752,5645.291306372968,0_1_trial_2_Mic_nominal_srate48000_p0_bitter_geluiden_corrected_formants,0_1_2_p0
0.5702812500000002,1571.1604551642029,2653.214486684801,3990.5074490774928,0.0,0.0,0_1_trial_2_Mic_nominal_srate48000_p0_bitter_geluiden_corrected_formants,0_1_2_p0
0.5752812500000002,1413.785233361082,2679.91119589122,3977.851767282437,5070.08661943535,0.0,0_1_trial_2_Mic_nominal_srate48000_p0_bitter_geluiden_corrected_formants,0_1_2_p0
0.5802812500000002,1107.4346880390328,2470.7271889325907,3695.5637572344376,3950.326333127373,5280.032947392648,0_1_trial_2_Mic_nominal_srate48000_p0_bitter_geluiden_corrected_formants,0_1_2_p0
0.5852812500000002,1130.2727733520342,2503.018998068095,3986.6656907982738,4428.61617007932,5176.973682483189,0_1_trial_2_Mic_nominal_srate48000_p0_bitter_geluiden_corrected_formants,0_1_2_p0
0.5902812500000002,1239.677535669126,2559.0791179478133,4063.71474298328,4181.516998595954,5272.829135302644,0_1_trial_2_Mic_nominal_srate48000_p0_bitter_geluiden_corrected_formants,0_1_2_p0
0.5952812500000002,1333.2822724238424,2596.8105664024915,3480.156583356445,4080.024256513772,5375.210404031304,0_1_trial_2_Mic_nominal_srate48000_p0_bitter_geluiden_corrected_formants,0_1_2_p0
0.6002812500000002,1586.1927726501383,2515.6154989913207,4038.211218779633,5393.038296287591,0.0,0_1_trial_2_Mic_nominal_srate48000_p0_bitter_geluiden_corrected_formants,0_1_2_p0
0.6052812500000001,1693.518213390304,2437.3178230855365,2661.7280643578115,4023.9006933312776,5511.524309792184,0_1_trial_2_Mic_nominal_srate48000_p0_bitter_geluiden_corrected_formants,0_1_2_p0
0.6102812500000001,1559.5671766179694,2000.0398115465823,3370.2867276369307,4035.404345057203,5525.814567043064,0_1_trial_2_Mic_nominal_srate48000_p0_bitter_geluiden_corrected_formants,0_1_2_p0
0.6152812500000001,1125.777313795874,2135.46783747078,3578.072303099141,4098.663761954755,0.0,0_1_trial_2_Mic_nominal_srate48000_p0_bitter_geluiden_corrected_formants,0_1_2_p0
0.6202812500000001,1005.3264385611676,2499.161465672832,3810.7483205270287,4166.097337403747,0.0,0_1_trial_2_Mic_nominal_srate48000_p0_bitter_geluiden_corrected_formants,0_1_2_p0
0.6252812500000001,1065.613980078948,2310.950857501727,3769.888711772861,3937.491268531488,5740.116719259842,0_1_trial_2_Mic_nominal_srate48000_p0_bitter_geluiden_corrected_formants,0_1_2_p0
0.6302812500000001,1207.6995343145204,1816.840317834556,3263.5823205191527,4001.728303153402,5679.13322039219,0_1_trial_2_Mic_nominal_srate48000_p0_bitter_geluiden_corrected_formants,0_1_2_p0
0.6352812500000001,1621.5542660706828,2892.8293561663672,3996.689116503703,4639.8025553179305,0.0,0_1_trial_2_Mic_nominal_srate48000_p0_bitter_geluiden_corrected_formants,0_1_2_p0
0.6402812500000001,1141.0335801337756,2361.3960906661114,3746.6274507189823,4160.929034334261,0.0,0_1_trial_2_Mic_nominal_srate48000_p0_bitter_geluiden_corrected_formants,0_1_2_p0
0.6452812500000001,1083.60632370422,2049.955211100904,3634.1266079631214,4312.0535429925885,5440.394692197501,0_1_trial_2_Mic_nominal_srate48000_p0_bitter_geluiden_corrected_formants,0_1_2_p0
0.6502812500000001,1083.0763453492211,2078.4944746513142,3625.16099961372,4414.0418343610845,5705.509105371038,0_1_trial_2_Mic_nominal_srate48000_p0_bitter_geluiden_corrected_formants,0_1_2_p0
0.6552812500000001,680.789661253851,2262.2134047335767,3538.7400834184878,4057.532809830074,5571.672140618461,0_1_trial_2_Mic_nominal_srate48000_p0_bitter_geluiden_corrected_formants,0_1_2_p0
0.6602812500000002,606.9945176998406,2306.96003092753,3451.474597908473,4036.409626005456,5450.287370650308,0_1_trial_2_Mic_nominal_srate48000_p0_bitter_geluiden_corrected_formants,0_1_2_p0
0.6652812500000002,1057.9718188878296,2511.8553613596,3716.166619870997,4016.782564445112,5473.831622954797,0_1_trial_2_Mic_nominal_srate48000_p0_bitter_geluiden_corrected_formants,0_1_2_p0
0.6702812500000002,1260.2888762401528,2567.7781202850497,3747.9375423592255,4534.672367027136,0.0,0_1_trial_2_Mic_nominal_srate48000_p0_bitter_geluiden_corrected_formants,0_1_2_p0
0.6752812500000002,1512.03842193144,2627.4034132029424,3851.6246579229855,4634.195878002432,0.0,0_1_trial_2_Mic_nominal_srate48000_p0_bitter_geluiden_corrected_formants,0_1_2_p0
0.6802812500000002,1421.9561541872106,2737.511879678511,3919.628311449254,4630.876682343923,0.0,0_1_trial_2_Mic_nominal_srate48000_p0_bitter_geluiden_corrected_formants,0_1_2_p0
0.6852812500000002,1098.0546610505382,2789.063196641016,3859.1844750433647,4557.263678275957,0.0,0_1_trial_2_Mic_nominal_srate48000_p0_bitter_geluiden_corrected_formants,0_1_2_p0
0.6902812500000002,1204.5043910382922,2859.26412723966,3847.650504138129,4534.732027055088,0.0,0_1_trial_2_Mic_nominal_srate48000_p0_bitter_geluiden_corrected_formants,0_1_2_p0
0.6952812500000002,1267.73522509507,2772.9408118087035,3874.404470228411,4559.163610161319,0.0,0_1_trial_2_Mic_nominal_srate48000_p0_bitter_geluiden_corrected_formants,0_1_2_p0
0.7002812500000002,1415.2387874808358,2699.847842664952,3933.523036261156,4758.795854444675,0.0,0_1_trial_2_Mic_nominal_srate48000_p0_bitter_geluiden_corrected_formants,0_1_2_p0
0.7052812500000002,1292.272833326619,2488.568498962856,3955.214196233823,5154.102057061735,0.0,0_1_trial_2_Mic_nominal_srate48000_p0_bitter_geluiden_corrected_formants,0_1_2_p0
0.7102812500000002,1206.494149828677,2353.3728414149714,3577.527908499301,3986.453442461725,5326.717755115016,0_1_trial_2_Mic_nominal_srate48000_p0_bitter_geluiden_corrected_formants,0_1_2_p0
0.7152812500000002,1209.2037279017725,2344.7050749324853,3450.710916006844,3993.021945795836,5395.379135303726,0_1_trial_2_Mic_nominal_srate48000_p0_bitter_geluiden_corrected_formants,0_1_2_p0
0.7202812500000002,1184.1521060356786,2514.740266525998,3068.064430600009,4005.4449288852,5268.846736280135,0_1_trial_2_Mic_nominal_srate48000_p0_bitter_geluiden_corrected_formants,0_1_2_p0
0.7252812500000002,1150.6986407625602,2801.1560431273365,4015.676832755239,5017.20865094937,0.0,0_1_trial_2_Mic_nominal_srate48000_p0_bitter_geluiden_corrected_formants,0_1_2_p0
0.7302812500000001,1248.346140742448,2739.1541006668385,4056.625027803933,4514.32317794093,0.0,0_1_trial_2_Mic_nominal_srate48000_p0_bitter_geluiden_corrected_formants,0_1_2_p0
0.7352812500000001,1170.5507456769026,2224.404647596152,3395.3703793458035,4165.764625898248,5665.805321094056,0_1_trial_2_Mic_nominal_srate48000_p0_bitter_geluiden_corrected_formants,0_1_2_p0
0.7402812500000001,1111.177094166159,2234.3019119823484,3425.0857800891035,4143.042133565823,5628.629000818669,0_1_trial_2_Mic_nominal_srate48000_p0_bitter_geluiden_corrected_formants,0_1_2_p0
0.7452812500000001,1120.8425530575412,2271.9986112944985,3646.9642305604943,4003.045549080115,0.0,0_1_trial_2_Mic_nominal_srate48000_p0_bitter_geluiden_corrected_formants,0_1_2_p0
0.7502812500000001,1411.5115526946056,2224.00802443579,3962.876555197904,4176.254374929565,0.0,0_1_trial_2_Mic_nominal_srate48000_p0_bitter_geluiden_corrected_formants,0_1_2_p0
0.7552812500000001,1249.7533681860814,2413.79679600184,2623.3128984275445,3949.142291002489,5607.727457454796,0_1_trial_2_Mic_nominal_srate48000_p0_bitter_geluiden_corrected_formants,0_1_2_p0
0.7602812500000001,1193.7554766692083,2554.8814871530585,3441.881682739273,3915.1902976825286,5495.323468204088,0_1_trial_2_Mic_nominal_srate48000_p0_bitter_geluiden_corrected_formants,0_1_2_p0
0.7652812500000001,1216.4953606771926,2375.746138899842,3446.6169892907715,4382.655792010432,5719.404463944852,0_1_trial_2_Mic_nominal_srate48000_p0_bitter_geluiden_corrected_formants,0_1_2_p0
0.7702812500000001,1193.364451474787,2382.6463158748597,3655.777134580559,4408.62366863444,0.0,0_1_trial_2_Mic_nominal_srate48000_p0_bitter_geluiden_corrected_formants,0_1_2_p0
0.7752812500000001,1249.2395405048208,2354.034328444277,3668.6755754320393,4841.16361667245,0.0,0_1_trial_2_Mic_nominal_srate48000_p0_bitter_geluiden_corrected_formants,0_1_2_p0
0.7802812500000001,1167.2871937610948,2327.385456329644,3547.924207430501,4824.970775436404,0.0,0_1_trial_2_Mic_nominal_srate48000_p0_bitter_geluiden_corrected_formants,0_1_2_p0
0.7852812500000002,1015.2374500473312,2341.213958042263,3405.1897518045007,4641.84675457051,0.0,0_1_trial_2_Mic_nominal_srate48000_p0_bitter_geluiden_corrected_formants,0_1_2_p0
0.7902812500000002,1031.9167286952668,2343.310313159792,3474.40398344495,4654.249350648955,0.0,0_1_trial_2_Mic_nominal_srate48000_p0_bitter_geluiden_corrected_formants,0_1_2_p0
0.7952812500000002,1085.2772367081352,2339.643013999012,3527.664912082156,4749.649164416089,0.0,0_1_trial_2_Mic_nominal_srate48000_p0_bitter_geluiden_corrected_formants,0_1_2_p0
0.8002812500000002,1548.4649131317617,2302.3744041040995,3581.0719949712297,4869.015213717108,0.0,0_1_trial_2_Mic_nominal_srate48000_p0_bitter_geluiden_corrected_formants,0_1_2_p0
0.8052812500000002,1330.9388856879175,2273.303070913188,3581.144424672736,4893.706480856442,0.0,0_1_trial_2_Mic_nominal_srate48000_p0_bitter_geluiden_corrected_formants,0_1_2_p0
0.8102812500000002,1039.0908357264384,2313.770565910767,3542.806588239064,4906.799242470099,0.0,0_1_trial_2_Mic_nominal_srate48000_p0_bitter_geluiden_corrected_formants,0_1_2_p0
0.8152812500000002,1081.782219877582,2583.214627264972,3919.7327385975946,4844.0496640050815,0.0,0_1_trial_2_Mic_nominal_srate48000_p0_bitter_geluiden_corrected_formants,0_1_2_p0
0.8202812500000002,1025.302436512736,2252.2606024130214,2917.38446314096,4681.84019960218,0.0,0_1_trial_2_Mic_nominal_srate48000_p0_bitter_geluiden_corrected_formants,0_1_2_p0
0.8252812500000002,1113.549450471031,2706.0985161736726,4517.230383319413,0.0,0.0,0_1_trial_2_Mic_nominal_srate48000_p0_bitter_geluiden_corrected_formants,0_1_2_p0
0.8302812500000002,1029.8005910927404,2467.65034222891,2975.703508597615,4478.067251361102,0.0,0_1_trial_2_Mic_nominal_srate48000_p0_bitter_geluiden_corrected_formants,0_1_2_p0
0.8352812500000002,1048.9040755613455,2647.2651289438118,2976.8848462007536,4548.396059050019,0.0,0_1_trial_2_Mic_nominal_srate48000_p0_bitter_geluiden_corrected_formants,0_1_2_p0
0.8402812500000002,1067.137879552757,2660.1932289992164,3231.1380843915035,4599.382897046334,0.0,0_1_trial_2_Mic_nominal_srate48000_p0_bitter_geluiden_corrected_formants,0_1_2_p0
0.8452812500000002,1086.960102060874,2640.1450624327863,3397.069991924351,4615.736277996787,0.0,0_1_trial_2_Mic_nominal_srate48000_p0_bitter_geluiden_corrected_formants,0_1_2_p0
0.8502812500000002,1194.2429982513056,2592.959930204854,3570.012416025046,4677.776501779886,0.0,0_1_trial_2_Mic_nominal_srate48000_p0_bitter_geluiden_corrected_formants,0_1_2_p0
0.8552812500000002,1326.8236477399546,2385.451847394758,3556.955697125769,4867.69928356367,0.0,0_1_trial_2_Mic_nominal_srate48000_p0_bitter_geluiden_corrected_formants,0_1_2_p0
0.8602812500000001,1321.3733663728467,2359.227674613922,3555.948142392488,4881.010816797399,0.0,0_1_trial_2_Mic_nominal_srate48000_p0_bitter_geluiden_corrected_formants,0_1_2_p0
0.8652812500000001,1315.426037837749,2363.745725977094,3559.6661132606964,4847.757964245173,0.0,0_1_trial_2_Mic_nominal_srate48000_p0_bitter_geluiden_corrected_formants,0_1_2_p0
0.8702812500000001,1095.521784621613,2066.2126395761948,3565.2283277809192,4576.154847074935,0.0,0_1_trial_2_Mic_nominal_srate48000_p0_bitter_geluiden_corrected_formants,0_1_2_p0
0.8752812500000001,1139.5170693276498,2190.4287123772488,3536.4681502736444,4485.6563166868045,0.0,0_1_trial_2_Mic_nominal_srate48000_p0_bitter_geluiden_corrected_formants,0_1_2_p0
0.8802812500000001,2079.9522912634584,2792.134433654451,4261.764821747548,0.0,0.0,0_1_trial_2_Mic_nominal_srate48000_p0_bitter_geluiden_corrected_formants,0_1_2_p0
0.8852812500000001,426.87795779364353,1986.83071255964,2763.0838166594185,4264.917828497167,0.0,0_1_trial_2_Mic_nominal_srate48000_p0_bitter_geluiden_corrected_formants,0_1_2_p0
0.8902812500000001,439.1211935613305,2038.254472542809,3127.223705796664,4397.816951821208,0.0,0_1_trial_2_Mic_nominal_srate48000_p0_bitter_geluiden_corrected_formants,0_1_2_p0
0.8952812500000001,554.5586649044963,2038.2726494948256,3277.8817651023355,4468.572176738636,0.0,0_1_trial_2_Mic_nominal_srate48000_p0_bitter_geluiden_corrected_formants,0_1_2_p0
0.9002812500000001,422.1914824719551,2004.877655930366,3331.7197593897267,3943.222692354488,0.0,0_1_trial_2_Mic_nominal_srate48000_p0_bitter_geluiden_corrected_formants,0_1_2_p0
0.90528125,352.9116677144804,2102.831644075639,3181.7276081631567,3597.397023837625,0.0,0_1_trial_2_Mic_nominal_srate48000_p0_bitter_geluiden_corrected_formants,0_1_2_p0
0.9102812500000002,280.8268930491221,2083.801851225034,2805.038788819128,4022.517709161699,0.0,0_1_trial_2_Mic_nominal_srate48000_p0_bitter_geluiden_corrected_formants,0_1_2_p0
0.9152812500000002,270.38281156855646,2051.927995190636,2749.879634970512,3926.292026032651,0.0,0_1_trial_2_Mic_nominal_srate48000_p0_bitter_geluiden_corrected_formants,0_1_2_p0
0.9202812500000002,266.1006260052211,2159.16343161791,2795.474517955077,3877.391805465128,0.0,0_1_trial_2_Mic_nominal_srate48000_p0_bitter_geluiden_corrected_formants,0_1_2_p0
0.9252812500000002,292.8051859189926,2187.326596172449,2629.532378756442,3872.364137367708,0.0,0_1_trial_2_Mic_nominal_srate48000_p0_bitter_geluiden_corrected_formants,0_1_2_p0
0.9302812500000002,287.73220330747534,1925.639559699937,2337.0443742966568,3842.076381440472,0.0,0_1_trial_2_Mic_nominal_srate48000_p0_bitter_geluiden_corrected_formants,0_1_2_p0
0.9352812500000002,290.4870599696961,2215.6282436009674,2303.7274613264653,3770.0092330143502,0.0,0_1_trial_2_Mic_nominal_srate48000_p0_bitter_geluiden_corrected_formants,0_1_2_p0
0.9402812500000002,294.8088391512951,2265.237727139154,2542.9635648089293,3753.264282970127,0.0,0_1_trial_2_Mic_nominal_srate48000_p0_bitter_geluiden_corrected_formants,0_1_2_p0
0.9452812500000002,289.180092293578,2220.60793074375,2796.114888423898,4051.670623538076,0.0,0_1_trial_2_Mic_nominal_srate48000_p0_bitter_geluiden_corrected_formants,0_1_2_p0
0.9502812500000002,282.0246409433685,2178.3760426324307,2836.3001873740486,4096.670702296992,0.0,0_1_trial_2_Mic_nominal_srate48000_p0_bitter_geluiden_corrected_formants,0_1_2_p0
0.9552812500000002,280.54548235256993,2178.974823505853,2858.819177978483,4134.160744105977,0.0,0_1_trial_2_Mic_nominal_srate48000_p0_bitter_geluiden_corrected_formants,0_1_2_p0
0.9602812500000002,282.9331828453367,2184.1774011729644,2859.9908986058763,3974.2817031867617,0.0,0_1_trial_2_Mic_nominal_srate48000_p0_bitter_geluiden_corrected_formants,0_1_2_p0
0.9652812500000002,285.5830106157221,2164.222808424636,2636.7088753447624,3829.017499068652,0.0,0_1_trial_2_Mic_nominal_srate48000_p0_bitter_geluiden_corrected_formants,0_1_2_p0
0.9702812500000002,280.39742679689715,2187.891074783278,2694.264277778941,3938.492511613933,0.0,0_1_trial_2_Mic_nominal_srate48000_p0_bitter_geluiden_corrected_formants,0_1_2_p0
0.9752812500000002,270.6527866663006,2230.461728860816,3066.4654877234584,4392.098367628151,0.0,0_1_trial_2_Mic_nominal_srate48000_p0_bitter_geluiden_corrected_formants,0_1_2_p0
0.9802812500000002,268.3830639938172,956.6581631248392,2240.378609245661,3093.085535349556,4376.643838093592,0_1_trial_2_Mic_nominal_srate48000_p0_bitter_geluiden_corrected_formants,0_1_2_p0
0.98528125,269.75052751113145,2238.1923623328457,2882.5325139802794,4064.740848439686,0.0,0_1_trial_2_Mic_nominal_srate48000_p0_bitter_geluiden_corrected_formants,0_1_2_p0
0.99028125,269.3236550230619,2272.873803780067,2553.027320666183,3880.766612752525,0.0,0_1_trial_2_Mic_nominal_srate48000_p0_bitter_geluiden_corrected_formants,0_1_2_p0
0.99528125,269.2018375238064,2030.21503417768,2323.730073678265,3830.71399193885,0.0,0_1_trial_2_Mic_nominal_srate48000_p0_bitter_geluiden_corrected_formants,0_1_2_p0
1.00028125,269.08600365130724,1639.9379417105529,2315.3736864666657,3806.70205096534,4051.3474637904783,0_1_trial_2_Mic_nominal_srate48000_p0_bitter_geluiden_corrected_formants,0_1_2_p0
1.00528125,269.76017229361395,1482.2791825793306,2315.504027699257,3756.463734876588,3902.721692557883,0_1_trial_2_Mic_nominal_srate48000_p0_bitter_geluiden_corrected_formants,0_1_2_p0
1.0102812500000002,272.3569821655448,2276.0024633508456,2803.428564292726,3891.05542496504,0.0,0_1_trial_2_Mic_nominal_srate48000_p0_bitter_geluiden_corrected_formants,0_1_2_p0
1.01528125,273.5310039356016,2257.469676900109,2798.111673804414,3947.376769668449,0.0,0_1_trial_2_Mic_nominal_srate48000_p0_bitter_geluiden_corrected_formants,0_1_2_p0
1.02028125,274.42389974503504,2234.013228512404,2733.281901053228,3935.858475660419,0.0,0_1_trial_2_Mic_nominal_srate48000_p0_bitter_geluiden_corrected_formants,0_1_2_p0
1.02528125,277.06147935556083,2224.2257718422657,2747.680166212089,3885.214779703214,0.0,0_1_trial_2_Mic_nominal_srate48000_p0_bitter_geluiden_corrected_formants,0_1_2_p0
1.0302812500000005,279.4458805179912,2207.9292125686497,2829.495512950563,3870.6451743868047,0.0,0_1_trial_2_Mic_nominal_srate48000_p0_bitter_geluiden_corrected_formants,0_1_2_p0
1.0352812500000002,277.1261502266448,2211.3487952815426,2835.1779450854865,3897.005426587936,0.0,0_1_trial_2_Mic_nominal_srate48000_p0_bitter_geluiden_corrected_formants,0_1_2_p0
1.0402812500000005,276.1992607336365,2230.735703545952,2827.2504917577307,3917.422029010561,0.0,0_1_trial_2_Mic_nominal_srate48000_p0_bitter_geluiden_corrected_formants,0_1_2_p0
1.0452812500000002,276.3844295116196,2233.692776581858,2870.4170493403813,3925.499998088688,0.0,0_1_trial_2_Mic_nominal_srate48000_p0_bitter_geluiden_corrected_formants,0_1_2_p0
1.05028125,275.09568471670286,2232.752093047859,3134.706878932492,3999.949742467169,0.0,0_1_trial_2_Mic_nominal_srate48000_p0_bitter_geluiden_corrected_formants,0_1_2_p0
1.0552812500000002,274.56224204346216,2225.590528076476,3124.363123665176,4031.717815070015,0.0,0_1_trial_2_Mic_nominal_srate48000_p0_bitter_geluiden_corrected_formants,0_1_2_p0
1.06028125,273.9795480966584,2215.736139647683,2980.8819891951894,4020.564998670409,0.0,0_1_trial_2_Mic_nominal_srate48000_p0_bitter_geluiden_corrected_formants,0_1_2_p0
1.0652812500000002,272.9838728751604,2224.4791943426644,2943.410399141745,4011.675591335764,0.0,0_1_trial_2_Mic_nominal_srate48000_p0_bitter_geluiden_corrected_formants,0_1_2_p0
1.07028125,273.2307808426441,2201.2294156190587,2901.5846447121703,4000.817425886608,0.0,0_1_trial_2_Mic_nominal_srate48000_p0_bitter_geluiden_corrected_formants,0_1_2_p0
1.0752812500000002,272.0003487973348,2192.981517116224,2888.95625309585,4036.860909363387,0.0,0_1_trial_2_Mic_nominal_srate48000_p0_bitter_geluiden_corrected_formants,0_1_2_p0
1.08028125,269.4970542271953,2209.315066333687,2837.3557220209277,4068.175230419931,0.0,0_1_trial_2_Mic_nominal_srate48000_p0_bitter_geluiden_corrected_formants,0_1_2_p0
1.0852812500000002,268.0146083463809,1122.5163681738436,2240.723456771548,3191.3186452398418,4100.091478837521,0_1_trial_2_Mic_nominal_srate48000_p0_bitter_geluiden_corrected_formants,0_1_2_p0
1.09028125,264.7708234324876,1306.0691966413012,2257.520386105106,3547.9066975908363,4165.399884416321,0_1_trial_2_Mic_nominal_srate48000_p0_bitter_geluiden_corrected_formants,0_1_2_p0
1.0952812500000002,265.62527376484456,1380.57376978715,2245.950791207797,3604.2012323711247,4146.831014880826,0_1_trial_2_Mic_nominal_srate48000_p0_bitter_geluiden_corrected_formants,0_1_2_p0
1.10028125,266.30971435489374,1321.457245304255,2240.680352208856,3443.1892845174416,4109.705852739016,0_1_trial_2_Mic_nominal_srate48000_p0_bitter_geluiden_corrected_formants,0_1_2_p0
1.1052812500000002,265.1487384819368,1392.3720782165817,2251.495833643663,3532.9634442728398,4108.2140466788,0_1_trial_2_Mic_nominal_srate48000_p0_bitter_geluiden_corrected_formants,0_1_2_p0
1.11028125,264.8707577223012,1293.966517267938,2241.8538703573927,3523.462731913428,4093.6903920020472,0_1_trial_2_Mic_nominal_srate48000_p0_bitter_geluiden_corrected_formants,0_1_2_p0
1.1152812500000002,266.14359393743894,1137.100786368889,2230.300703085061,3566.26101822735,4105.137136605377,0_1_trial_2_Mic_nominal_srate48000_p0_bitter_geluiden_corrected_formants,0_1_2_p0
1.12028125,266.4192873794695,1140.121989198696,2253.6827185414218,3551.7515552574414,4104.674418189914,0_1_trial_2_Mic_nominal_srate48000_p0_bitter_geluiden_corrected_formants,0_1_2_p0
1.1252812500000002,266.3535052940461,1187.0345681295569,2273.957919146801,3508.7967692297734,4084.8451437886697,0_1_trial_2_Mic_nominal_srate48000_p0_bitter_geluiden_corrected_formants,0_1_2_p0
1.13028125,267.83406908516776,1154.3191098589705,2252.4185610311038,3502.978384273908,4028.285994530814,0_1_trial_2_Mic_nominal_srate48000_p0_bitter_geluiden_corrected_formants,0_1_2_p0
1.1352812500000002,268.0323251201715,1116.48690411719,2271.8421037977537,3496.9250363870856,4023.384746105453,0_1_trial_2_Mic_nominal_srate48000_p0_bitter_geluiden_corrected_formants,0_1_2_p0
1.14028125,269.1569973804212,1092.2147148543906,2293.94765088626,3442.270467158777,3987.751600114304,0_1_trial_2_Mic_nominal_srate48000_p0_bitter_geluiden_corrected_formants,0_1_2_p0
1.1452812500000005,270.3298709657071,1098.0473243799631,2332.280306324102,3211.2004307852176,3972.621533210472,0_1_trial_2_Mic_nominal_srate48000_p0_bitter_geluiden_corrected_formants,0_1_2_p0
1.15028125,271.95091700570043,892.320636915408,2355.897166245424,3148.057283446474,3975.239761906241,0_1_trial_2_Mic_nominal_srate48000_p0_bitter_geluiden_corrected_formants,0_1_2_p0
1.1552812500000005,279.8695479521308,2224.7072625379874,3028.104881582375,3909.065571220028,0.0,0_1_trial_2_Mic_nominal_srate48000_p0_bitter_geluiden_corrected_formants,0_1_2_p0
1.1602812500000002,283.62264886241803,2258.353930142672,3052.5228287280243,3886.027276981165,0.0,0_1_trial_2_Mic_nominal_srate48000_p0_bitter_geluiden_corrected_formants,0_1_2_p0
1.1652812500000005,280.1386230454903,2306.111424995043,3084.938543064161,3906.075299305484,0.0,0_1_trial_2_Mic_nominal_srate48000_p0_bitter_geluiden_corrected_formants,0_1_2_p0
1.1702812500000002,278.2135324570982,2333.9422501137806,3253.685103170818,3937.325073585503,0.0,0_1_trial_2_Mic_nominal_srate48000_p0_bitter_geluiden_corrected_formants,0_1_2_p0
1.1752812500000005,271.4876134717296,847.4911039759055,2355.4243546272664,3334.13644803468,3988.02023713903,0_1_trial_2_Mic_nominal_srate48000_p0_bitter_geluiden_corrected_formants,0_1_2_p0
1.1802812500000002,272.2655242544936,757.5047419906798,2333.0201857381307,3329.366218906464,3978.260028600599,0_1_trial_2_Mic_nominal_srate48000_p0_bitter_geluiden_corrected_formants,0_1_2_p0
1.18528125,277.45185255154416,2301.123082381152,3238.2201600234457,3945.495675076202,0.0,0_1_trial_2_Mic_nominal_srate48000_p0_bitter_geluiden_corrected_formants,0_1_2_p0
1.1902812500000002,289.35011012978725,2244.1818962076004,2926.2282776568177,3849.464818233886,0.0,0_1_trial_2_Mic_nominal_srate48000_p0_bitter_geluiden_corrected_formants,0_1_2_p0
1.19528125,298.27694838338743,2211.5328708762204,2784.9434579098797,3793.5108600543062,0.0,0_1_trial_2_Mic_nominal_srate48000_p0_bitter_geluiden_corrected_formants,0_1_2_p0
1.2002812500000002,293.5346378667241,2212.590432411733,2811.762314503802,3795.362397032943,0.0,0_1_trial_2_Mic_nominal_srate48000_p0_bitter_geluiden_corrected_formants,0_1_2_p0
1.20528125,279.55278897476126,2228.792307787379,2994.7042615663668,3853.9971748200433,0.0,0_1_trial_2_Mic_nominal_srate48000_p0_bitter_geluiden_corrected_formants,0_1_2_p0
1.2102812500000002,269.1532643584659,2243.8952722066247,3161.6282367561093,3907.924421212945,0.0,0_1_trial_2_Mic_nominal_srate48000_p0_bitter_geluiden_corrected_formants,0_1_2_p0
1.21528125,260.563410687898,264.99014971922173,2257.3226026579227,3237.6145633981496,3955.650868601136,0_1_trial_2_Mic_nominal_srate48000_p0_bitter_geluiden_corrected_formants,0_1_2_p0
1.2202812500000002,268.3265838569741,2257.3957014811745,3157.311686544675,3924.373515823323,0.0,0_1_trial_2_Mic_nominal_srate48000_p0_bitter_geluiden_corrected_formants,0_1_2_p0
1.22528125,269.5978886896455,2250.417497846148,3035.4144875833667,3923.474796236723,0.0,0_1_trial_2_Mic_nominal_srate48000_p0_bitter_geluiden_corrected_formants,0_1_2_p0
1.2302812500000002,269.4261459310541,2245.94562362173,3022.018238243439,3943.1611785435302,0.0,0_1_trial_2_Mic_nominal_srate48000_p0_bitter_geluiden_corrected_formants,0_1_2_p0
1.23528125,270.61407205909006,2253.130021368729,3058.1172252811766,3932.729689646316,0.0,0_1_trial_2_Mic_nominal_srate48000_p0_bitter_geluiden_corrected_formants,0_1_2_p0
1.2402812500000002,278.3207797309885,2239.3647635105635,2918.668566238475,3877.2947383287783,0.0,0_1_trial_2_Mic_nominal_srate48000_p0_bitter_geluiden_corrected_formants,0_1_2_p0
1.24528125,285.2049732554194,2201.732115315969,2826.9572558688333,3863.655908076664,0.0,0_1_trial_2_Mic_nominal_srate48000_p0_bitter_geluiden_corrected_formants,0_1_2_p0
1.2502812500000002,282.5698790373208,2212.60129535439,2810.0667294906943,3887.085534109636,0.0,0_1_trial_2_Mic_nominal_srate48000_p0_bitter_geluiden_corrected_formants,0_1_2_p0
1.25528125,281.52248792592053,2224.559488967913,2763.200613277916,3874.239082451305,0.0,0_1_trial_2_Mic_nominal_srate48000_p0_bitter_geluiden_corrected_formants,0_1_2_p0
1.2602812500000002,278.60354245413646,2260.7265285531366,2797.4407167639715,3893.909812872293,0.0,0_1_trial_2_Mic_nominal_srate48000_p0_bitter_geluiden_corrected_formants,0_1_2_p0
1.26528125,279.96350660085,2273.886655698348,2817.177180049499,3894.7542902088726,0.0,0_1_trial_2_Mic_nominal_srate48000_p0_bitter_geluiden_corrected_formants,0_1_2_p0
1.2702812500000005,283.3613712901666,2251.173793580674,2784.711818221654,3869.1970835042503,0.0,0_1_trial_2_Mic_nominal_srate48000_p0_bitter_geluiden_corrected_formants,0_1_2_p0
1.27528125,290.3277930688546,2194.9738201061587,2748.086003650912,3846.482503789489,0.0,0_1_trial_2_Mic_nominal_srate48000_p0_bitter_geluiden_corrected_formants,0_1_2_p0
1.2802812500000005,290.6710626253319,2195.2944443354354,2737.932085228509,3853.400857677447,0.0,0_1_trial_2_Mic_nominal_srate48000_p0_bitter_geluiden_corrected_formants,0_1_2_p0
1.2852812500000002,279.95716743618834,2249.270564481265,2792.228648202949,3880.094112986853,0.0,0_1_trial_2_Mic_nominal_srate48000_p0_bitter_geluiden_corrected_formants,0_1_2_p0
1.2902812500000005,275.9408516346238,2273.845825569766,2897.295707317104,3908.766386958066,0.0,0_1_trial_2_Mic_nominal_srate48000_p0_bitter_geluiden_corrected_formants,0_1_2_p0
1.2952812500000002,274.80884797613624,2260.824103480551,2926.647193290826,3880.077658110041,0.0,0_1_trial_2_Mic_nominal_srate48000_p0_bitter_geluiden_corrected_formants,0_1_2_p0
1.3002812500000005,270.4299464756473,2266.2407746475187,2966.71945942567,3885.062078179903,0.0,0_1_trial_2_Mic_nominal_srate48000_p0_bitter_geluiden_corrected_formants,0_1_2_p0
1.3052812500000002,268.5431771574604,2267.291301904035,2912.225074596968,3883.397272542056,0.0,0_1_trial_2_Mic_nominal_srate48000_p0_bitter_geluiden_corrected_formants,0_1_2_p0
1.31028125,267.87104816270414,2268.9272772926684,2940.204502608984,3899.7768934252263,0.0,0_1_trial_2_Mic_nominal_srate48000_p0_bitter_geluiden_corrected_formants,0_1_2_p0
1.3152812500000002,267.248794953066,2268.076813032961,2982.6413221281136,3946.00012727983,0.0,0_1_trial_2_Mic_nominal_srate48000_p0_bitter_geluiden_corrected_formants,0_1_2_p0
1.32028125,264.6169196176889,2268.625111080526,3016.188151066924,3938.172438714637,0.0,0_1_trial_2_Mic_nominal_srate48000_p0_bitter_geluiden_corrected_formants,0_1_2_p0
1.3252812500000002,262.26469053718256,2269.355319860548,3052.0819575478927,3890.629565679381,0.0,0_1_trial_2_Mic_nominal_srate48000_p0_bitter_geluiden_corrected_formants,0_1_2_p0
1.33028125,256.1988829244731,2272.7636067126123,3099.30301563664,3869.030787610475,0.0,0_1_trial_2_Mic_nominal_srate48000_p0_bitter_geluiden_corrected_formants,0_1_2_p0
1.3352812500000002,248.7765874801233,2275.0841569327595,3275.1635351902014,3889.841866820839,0.0,0_1_trial_2_Mic_nominal_srate48000_p0_bitter_geluiden_corrected_formants,0_1_2_p0
1.34028125,251.23865670372672,2251.4217642917,2990.935200648548,3859.636512199543,0.0,0_1_trial_2_Mic_nominal_srate48000_p0_bitter_geluiden_corrected_formants,0_1_2_p0
1.3452812500000002,258.51247868710226,2233.5504282527304,2896.196096156076,3823.787708932745,0.0,0_1_trial_2_Mic_nominal_srate48000_p0_bitter_geluiden_corrected_formants,0_1_2_p0
1.35028125,252.30002506500568,2242.4113732458995,3003.1717617715112,3840.2170657560064,0.0,0_1_trial_2_Mic_nominal_srate48000_p0_bitter_geluiden_corrected_formants,0_1_2_p0
1.3552812500000002,250.17455142503775,2231.843074574349,2982.377431115762,3839.158169551753,0.0,0_1_trial_2_Mic_nominal_srate48000_p0_bitter_geluiden_corrected_formants,0_1_2_p0
1.36028125,251.83897931779563,2227.010484976244,2938.9251889212,3810.217415499592,0.0,0_1_trial_2_Mic_nominal_srate48000_p0_bitter_geluiden_corrected_formants,0_1_2_p0
1.3652812500000002,254.6648356384034,2245.583510511179,2980.4010507482726,3802.744660551271,0.0,0_1_trial_2_Mic_nominal_srate48000_p0_bitter_geluiden_corrected_formants,0_1_2_p0
1.37028125,256.3395177991377,2247.5236747342924,3023.67504826497,3801.430347222399,0.0,0_1_trial_2_Mic_nominal_srate48000_p0_bitter_geluiden_corrected_formants,0_1_2_p0
1.3752812500000002,249.2955243819651,2263.661792400609,3288.4093237292877,3790.485786148965,0.0,0_1_trial_2_Mic_nominal_srate48000_p0_bitter_geluiden_corrected_formants,0_1_2_p0
1.38028125,246.03770183234968,2283.650676618493,3724.338195074184,3879.305713839961,0.0,0_1_trial_2_Mic_nominal_srate48000_p0_bitter_geluiden_corrected_formants,0_1_2_p0
1.3852812500000002,250.3683792722053,2267.133429974222,3460.708660580493,3731.3856993383656,0.0,0_1_trial_2_Mic_nominal_srate48000_p0_bitter_geluiden_corrected_formants,0_1_2_p0
1.39028125,249.99922035637096,2261.0215421226376,3607.905784811952,3715.5713705467138,0.0,0_1_trial_2_Mic_nominal_srate48000_p0_bitter_geluiden_corrected_formants,0_1_2_p0
1.3952812500000005,244.43069978887112,588.0735411633823,2273.490297495738,3581.080731046811,4564.587114922283,0_1_trial_2_Mic_nominal_srate48000_p0_bitter_geluiden_corrected_formants,0_1_2_p0
1.40028125,242.64937808864676,914.1920161079966,2290.634153688916,3543.366846504933,4622.353290904996,0_1_trial_2_Mic_nominal_srate48000_p0_bitter_geluiden_corrected_formants,0_1_2_p0
1.4052812500000005,241.0616849442606,1012.635586176014,2314.6486446943163,3550.0754690357608,4670.9744454550255,0_1_trial_2_Mic_nominal_srate48000_p0_bitter_geluiden_corrected_formants,0_1_2_p0
1.4102812500000002,238.83707141052025,1114.9206288075468,2301.50418080978,3538.1050740355618,4658.537496314257,0_1_trial_2_Mic_nominal_srate48000_p0_bitter_geluiden_corrected_formants,0_1_2_p0
1.4152812500000005,238.4670997700593,1150.264603625066,2280.134272271171,3462.5366643496263,4604.538477722745,0_1_trial_2_Mic_nominal_srate48000_p0_bitter_geluiden_corrected_formants,0_1_2_p0
1.4202812500000002,238.97720724344128,1116.5463385632015,2271.9072984818017,3354.234978909212,4583.440626048411,0_1_trial_2_Mic_nominal_srate48000_p0_bitter_geluiden_corrected_formants,0_1_2_p0
1.4252812500000005,237.7212388347607,1092.9151897637685,2274.6394655753297,3377.7932375205683,4538.581928981652,0_1_trial_2_Mic_nominal_srate48000_p0_bitter_geluiden_corrected_formants,0_1_2_p0
1.4302812500000002,237.04417617622607,1095.0649492072916,2278.546274369005,3407.713480544499,4397.213889381488,0_1_trial_2_Mic_nominal_srate48000_p0_bitter_geluiden_corrected_formants,0_1_2_p0
1.43528125,238.18990146069916,1142.7908001754563,2265.062274797079,3450.094192938382,4254.170209405338,0_1_trial_2_Mic_nominal_srate48000_p0_bitter_geluiden_corrected_formants,0_1_2_p0
1.4402812500000002,240.0961059422704,1114.7437386043134,2274.3842904164885,3463.993363594296,4336.759657836952,0_1_trial_2_Mic_nominal_srate48000_p0_bitter_geluiden_corrected_formants,0_1_2_p0
1.44528125,242.38759657278985,1144.2495882349535,2296.4957053160697,3475.516891453094,4165.867693597489,0_1_trial_2_Mic_nominal_srate48000_p0_bitter_geluiden_corrected_formants,0_1_2_p0
1.4502812500000002,245.91136977875536,1041.8547115413598,2318.531126883584,2952.0504545400536,3761.0402770457367,0_1_trial_2_Mic_nominal_srate48000_p0_bitter_geluiden_corrected_formants,0_1_2_p0
1.45528125,250.89779108462253,2039.9770903885883,2649.643040309348,3786.800345071749,0.0,0_1_trial_2_Mic_nominal_srate48000_p0_bitter_geluiden_corrected_formants,0_1_2_p0
1.4602812500000002,260.7594641402621,1953.328804921872,2720.591429499375,3731.9307544645344,0.0,0_1_trial_2_Mic_nominal_srate48000_p0_bitter_geluiden_corrected_formants,0_1_2_p0
1.46528125,256.5324490432673,2045.4448356517005,2740.5454190692326,3774.839293120544,0.0,0_1_trial_2_Mic_nominal_srate48000_p0_bitter_geluiden_corrected_formants,0_1_2_p0
1.4702812500000002,244.96014096384545,2308.5039239731177,3112.5921723611223,4300.138218860473,0.0,0_1_trial_2_Mic_nominal_srate48000_p0_bitter_geluiden_corrected_formants,0_1_2_p0
1.47528125,242.1182393760482,877.915811165441,2314.9895244823547,3091.287750707924,4244.208307894935,0_1_trial_2_Mic_nominal_srate48000_p0_bitter_geluiden_corrected_formants,0_1_2_p0
1.4802812500000002,249.62086314342895,2036.7461463484776,2738.141513555606,3778.626804097437,0.0,0_1_trial_2_Mic_nominal_srate48000_p0_bitter_geluiden_corrected_formants,0_1_2_p0
1.48528125,247.41293661929456,2107.2839102415205,2698.4238529602726,3842.123489416541,0.0,0_1_trial_2_Mic_nominal_srate48000_p0_bitter_geluiden_corrected_formants,0_1_2_p0
1.4902812500000002,243.5480630263978,2197.344035457703,2806.3857148434927,4510.98016284264,0.0,0_1_trial_2_Mic_nominal_srate48000_p0_bitter_geluiden_corrected_formants,0_1_2_p0
1.49528125,249.09838572283095,2067.7426682748,2735.91733334405,4075.166088044727,0.0,0_1_trial_2_Mic_nominal_srate48000_p0_bitter_geluiden_corrected_formants,0_1_2_p0
1.5002812500000002,254.8681504173368,2025.489729549567,2745.4352983657377,3893.879303265603,0.0,0_1_trial_2_Mic_nominal_srate48000_p0_bitter_geluiden_corrected_formants,0_1_2_p0
1.50528125,247.36811143943896,2154.4682476150824,2820.737916978174,4460.542019849769,0.0,0_1_trial_2_Mic_nominal_srate48000_p0_bitter_geluiden_corrected_formants,0_1_2_p0
1.5102812500000002,241.55284603139336,550.386520892042,2189.1820868657774,2882.376649212661,4509.489774468025,0_1_trial_2_Mic_nominal_srate48000_p0_bitter_geluiden_corrected_formants,0_1_2_p0
1.51528125,238.70491006838512,843.3839197923156,2216.670972364785,2888.333216643172,4522.407341435765,0_1_trial_2_Mic_nominal_srate48000_p0_bitter_geluiden_corrected_formants,0_1_2_p0
1.5202812500000005,235.7300457962474,878.7689155316228,2219.1697993416647,2900.047160099496,4535.038935769364,0_1_trial_2_Mic_nominal_srate48000_p0_bitter_geluiden_corrected_formants,0_1_2_p0
1.52528125,233.31879160257512,894.1793610175546,2192.98622477282,2907.4523514917173,4547.774196700772,0_1_trial_2_Mic_nominal_srate48000_p0_bitter_geluiden_corrected_formants,0_1_2_p0
1.5302812500000005,232.9941875654497,858.5466520624,2168.2492528646203,2857.536570906744,4600.896686845969,0_1_trial_2_Mic_nominal_srate48000_p0_bitter_geluiden_corrected_formants,0_1_2_p0
1.5352812500000002,233.08207262410835,855.242142064647,2159.49629248476,2855.2352431496893,4652.857289648314,0_1_trial_2_Mic_nominal_srate48000_p0_bitter_geluiden_corrected_formants,0_1_2_p0
1.5402812500000005,232.97380806302303,863.5266897598725,2151.5592353914963,2877.085840117737,4672.742935142063,0_1_trial_2_Mic_nominal_srate48000_p0_bitter_geluiden_corrected_formants,0_1_2_p0
1.5452812500000002,232.0129090390845,831.0978711233831,2147.7171746004624,2852.380971182716,4693.650824568404,0_1_trial_2_Mic_nominal_srate48000_p0_bitter_geluiden_corrected_formants,0_1_2_p0
1.5502812500000005,235.2182050522117,736.4216596961658,2153.4967132673414,2839.6490185140538,4694.10222897574,0_1_trial_2_Mic_nominal_srate48000_p0_bitter_geluiden_corrected_formants,0_1_2_p0
1.5552812500000002,244.86847539303056,2136.121116739199,2814.095871371943,4784.792423831728,0.0,0_1_trial_2_Mic_nominal_srate48000_p0_bitter_geluiden_corrected_formants,0_1_2_p0
1.5602812500000005,246.00253805619175,2135.631533676292,2770.0743760325176,4803.361302877754,0.0,0_1_trial_2_Mic_nominal_srate48000_p0_bitter_geluiden_corrected_formants,0_1_2_p0
1.5652812500000002,240.97161549642024,611.9548676298498,2149.0776993179347,2764.918406212488,4723.085806990908,0_1_trial_2_Mic_nominal_srate48000_p0_bitter_geluiden_corrected_formants,0_1_2_p0
1.57028125,238.6363678758551,706.5660527678117,2154.5939885477287,2743.526416501894,4718.95877242148,0_1_trial_2_Mic_nominal_srate48000_p0_bitter_geluiden_corrected_formants,0_1_2_p0
1.5752812500000002,236.6112040042381,766.3279245705854,2170.1431367507084,2739.0024738709217,4742.290682118601,0_1_trial_2_Mic_nominal_srate48000_p0_bitter_geluiden_corrected_formants,0_1_2_p0
1.58028125,239.2265756400176,711.1582333969974,2140.6918366595355,2711.052371148868,4765.232110470114,0_1_trial_2_Mic_nominal_srate48000_p0_bitter_geluiden_corrected_formants,0_1_2_p0
1.5852812500000002,248.82452993592943,539.3102202635382,2116.885878845033,2628.323796100207,4826.272979528272,0_1_trial_2_Mic_nominal_srate48000_p0_bitter_geluiden_corrected_formants,0_1_2_p0
1.59028125,256.4462278326407,412.3492473540509,2176.7364585850214,2644.890396281182,4945.60763686165,0_1_trial_2_Mic_nominal_srate48000_p0_bitter_geluiden_corrected_formants,0_1_2_p0
1.5952812500000002,263.8510651277048,2185.4503598314946,2683.1893255389577,5549.331957087582,0.0,0_1_trial_2_Mic_nominal_srate48000_p0_bitter_geluiden_corrected_formants,0_1_2_p0
1.60028125,275.5303439144631,2148.556529390776,2693.2609802153656,0.0,0.0,0_1_trial_2_Mic_nominal_srate48000_p0_bitter_geluiden_corrected_formants,0_1_2_p0
1.6052812500000002,277.62261308203347,2127.8021003920494,2620.3697777496545,5164.268685873559,0.0,0_1_trial_2_Mic_nominal_srate48000_p0_bitter_geluiden_corrected_formants,0_1_2_p0
1.61028125,285.7337222579216,2109.0570231822576,2515.30723883099,4898.490625596921,0.0,0_1_trial_2_Mic_nominal_srate48000_p0_bitter_geluiden_corrected_formants,0_1_2_p0
1.6152812500000002,293.76437397535824,2118.580369412892,2550.0551373273893,4875.782549904241,0.0,0_1_trial_2_Mic_nominal_srate48000_p0_bitter_geluiden_corrected_formants,0_1_2_p0
1.62028125,295.4767486224939,2141.7260059319715,2650.922535117606,0.0,0.0,0_1_trial_2_Mic_nominal_srate48000_p0_bitter_geluiden_corrected_formants,0_1_2_p0
1.6252812500000002,288.7534537518311,2173.437386609572,2692.8021767728824,0.0,0.0,0_1_trial_2_Mic_nominal_srate48000_p0_bitter_geluiden_corrected_formants,0_1_2_p0
1.63028125,141.16978600271082,280.6475413391421,2193.631113941825,0.0,0.0,0_1_trial_2_Mic_nominal_srate48000_p0_bitter_geluiden_corrected_formants,0_1_2_p0
1.6352812500000002,282.0704664110057,2202.064620394612,2548.368070685533,0.0,0.0,0_1_trial_2_Mic_nominal_srate48000_p0_bitter_geluiden_corrected_formants,0_1_2_p0
1.64028125,289.9202174880941,2196.914362237213,2598.160210806623,0.0,0.0,0_1_trial_2_Mic_nominal_srate48000_p0_bitter_geluiden_corrected_formants,0_1_2_p0
1.6452812500000005,279.7096059544976,2189.144507959184,2618.683046986237,0.0,0.0,0_1_trial_2_Mic_nominal_srate48000_p0_bitter_geluiden_corrected_formants,0_1_2_p0
1.65028125,270.4441007405351,324.284761047375,2155.6023560143053,2466.757647875897,5171.557455868331,0_1_trial_2_Mic_nominal_srate48000_p0_bitter_geluiden_corrected_formants,0_1_2_p0
1.6552812500000005,271.89787064299657,319.9596395000724,2135.732424002232,2461.962429407348,5105.065273988555,0_1_trial_2_Mic_nominal_srate48000_p0_bitter_geluiden_corrected_formants,0_1_2_p0
1.6602812500000002,262.01658623250864,276.3518702124325,2166.0271464902085,2488.394949120884,5041.400460409357,0_1_trial_2_Mic_nominal_srate48000_p0_bitter_geluiden_corrected_formants,0_1_2_p0
1.6652812500000005,128.49991000184468,278.65418747635533,2203.53913271732,2496.0539401609826,5101.289778065663,0_1_trial_2_Mic_nominal_srate48000_p0_bitter_geluiden_corrected_formants,0_1_2_p0
1.6702812500000002,281.7850985508328,2251.13810026447,2360.2844938967405,5078.814380123252,0.0,0_1_trial_2_Mic_nominal_srate48000_p0_bitter_geluiden_corrected_formants,0_1_2_p0
1.6752812500000005,262.84224380929567,270.8675230728873,2109.3479161500104,2497.453186863987,4982.913966102217,0_1_trial_2_Mic_nominal_srate48000_p0_bitter_geluiden_corrected_formants,0_1_2_p0
1.6802812500000002,255.93608510610457,380.211864547845,2056.8130521244507,2545.3412961530908,4912.126815820274,0_1_trial_2_Mic_nominal_srate48000_p0_bitter_geluiden_corrected_formants,0_1_2_p0
1.6852812500000005,256.1180279901622,361.9303353318216,2082.7200673150446,2517.6525391798023,4897.72304219318,0_1_trial_2_Mic_nominal_srate48000_p0_bitter_geluiden_corrected_formants,0_1_2_p0
1.6902812500000002,255.9347924490849,349.31414388598006,2088.7801933213887,2592.836974395433,4900.365093212688,0_1_trial_2_Mic_nominal_srate48000_p0_bitter_geluiden_corrected_formants,0_1_2_p0
1.69528125,206.22302037664335,269.8142153587427,2157.5704095596343,2572.634504001122,4972.027925984136,0_1_trial_2_Mic_nominal_srate48000_p0_bitter_geluiden_corrected_formants,0_1_2_p0
1.7002812500000002,278.0207845421963,2219.2477800268625,2403.617577425757,5089.016989833036,0.0,0_1_trial_2_Mic_nominal_srate48000_p0_bitter_geluiden_corrected_formants,0_1_2_p0
1.70528125,281.50326717083686,1130.0243746362194,2209.602229185197,5101.729638498037,0.0,0_1_trial_2_Mic_nominal_srate48000_p0_bitter_geluiden_corrected_formants,0_1_2_p0
1.7102812500000002,258.6701345061553,282.82054273185673,2142.8727150614773,2794.8878975011226,5077.548866700753,0_1_trial_2_Mic_nominal_srate48000_p0_bitter_geluiden_corrected_formants,0_1_2_p0
1.71528125,244.44621088495865,318.1381093677968,2044.1835864882448,2880.9829007799226,5142.467474837073,0_1_trial_2_Mic_nominal_srate48000_p0_bitter_geluiden_corrected_formants,0_1_2_p0
1.7202812500000002,222.3841041187676,366.6943192404258,2111.6083532237017,2949.660316682808,5243.488638575973,0_1_trial_2_Mic_nominal_srate48000_p0_bitter_geluiden_corrected_formants,0_1_2_p0
1.72528125,223.26678746002048,367.3417273109318,2097.9029663061983,2975.43351483336,5177.881459371087,0_1_trial_2_Mic_nominal_srate48000_p0_bitter_geluiden_corrected_formants,0_1_2_p0
1.7302812500000002,241.52908792157663,317.84562725566474,2092.1818312933983,3013.227445211631,5140.012245363431,0_1_trial_2_Mic_nominal_srate48000_p0_bitter_geluiden_corrected_formants,0_1_2_p0
1.73528125,244.9196935512445,291.1799698612895,2176.498322332432,2924.2088021940936,0.0,0_1_trial_2_Mic_nominal_srate48000_p0_bitter_geluiden_corrected_formants,0_1_2_p0
1.7402812500000002,220.11504991820024,354.0138779737502,2688.3017991497563,2709.839293510944,5065.619711859926,0_1_trial_2_Mic_nominal_srate48000_p0_bitter_geluiden_corrected_formants,0_1_2_p0
1.74528125,199.9756691266337,389.3081497823591,2610.1684050501703,4779.849448850757,0.0,0_1_trial_2_Mic_nominal_srate48000_p0_bitter_geluiden_corrected_formants,0_1_2_p0
1.7502812500000002,192.96381503526928,395.157226593697,2599.586883554647,4526.738009735649,0.0,0_1_trial_2_Mic_nominal_srate48000_p0_bitter_geluiden_corrected_formants,0_1_2_p0
1.75528125,189.15897119069223,390.2924021519652,2602.657670687309,4349.08919056056,5395.914774924125,0_1_trial_2_Mic_nominal_srate48000_p0_bitter_geluiden_corrected_formants,0_1_2_p0
1.7602812500000002,188.30683986718475,391.7032821182581,2710.034783563749,4149.2324700524805,5202.446141355072,0_1_trial_2_Mic_nominal_srate48000_p0_bitter_geluiden_corrected_formants,0_1_2_p0
1.76528125,189.01722701090517,382.793642957354,2801.1638131213085,3912.036647998824,5058.628761798875,0_1_trial_2_Mic_nominal_srate48000_p0_bitter_geluiden_corrected_formants,0_1_2_p0
1.7702812500000005,187.86194188992323,382.3163656469261,3166.388427757689,4319.516479039688,5440.614063189247,0_1_trial_2_Mic_nominal_srate48000_p0_bitter_geluiden_corrected_formants,0_1_2_p0
1.77528125,190.94416889789636,374.4674982948937,3167.7040965654905,4235.3067891426645,5469.285107190357,0_1_trial_2_Mic_nominal_srate48000_p0_bitter_geluiden_corrected_formants,0_1_2_p0
1.7802812500000005,192.61592699423176,374.4457047611892,2951.059629889873,4027.2979147944175,5429.929211181768,0_1_trial_2_Mic_nominal_srate48000_p0_bitter_geluiden_corrected_formants,0_1_2_p0
1.7852812500000002,196.92581814136128,365.6422496038043,2829.317074387695,4115.903657480459,5482.617626211111,0_1_trial_2_Mic_nominal_srate48000_p0_bitter_geluiden_corrected_formants,0_1_2_p0
1.7902812500000005,199.69480430992792,361.2857469021228,2755.399992759533,4159.179608510241,5355.539715182023,0_1_trial_2_Mic_nominal_srate48000_p0_bitter_geluiden_corrected_formants,0_1_2_p0
1.7952812500000002,200.31833171188356,367.3609257338087,2829.333017672111,4095.83424595062,5264.522535702748,0_1_trial_2_Mic_nominal_srate48000_p0_bitter_geluiden_corrected_formants,0_1_2_p0
1.8002812500000005,201.4711347858674,372.6804347911578,3064.516695970321,4069.5508493236566,5274.529698099422,0_1_trial_2_Mic_nominal_srate48000_p0_bitter_geluiden_corrected_formants,0_1_2_p0
1.80528125,202.50924612737168,368.05540589429086,2981.5141727309456,4158.440583601398,5383.214125932024,0_1_trial_2_Mic_nominal_srate48000_p0_bitter_geluiden_corrected_formants,0_1_2_p0
1.8102812500000005,202.7322035248304,360.7557487891227,2951.9139278291227,4214.867537456476,5339.600814134685,0_1_trial_2_Mic_nominal_srate48000_p0_bitter_geluiden_corrected_formants,0_1_2_p0
1.81528125,203.68901436424423,356.3705503036804,2960.3216531264347,4093.1117464818144,5292.362054055108,0_1_trial_2_Mic_nominal_srate48000_p0_bitter_geluiden_corrected_formants,0_1_2_p0
1.82028125,204.9337442276204,349.2775448976616,2908.0206401948485,4025.5844757265895,5325.730470978458,0_1_trial_2_Mic_nominal_srate48000_p0_bitter_geluiden_corrected_formants,0_1_2_p0
1.82528125,206.0497959369838,340.1550627346077,2943.5103910868465,3971.907537141994,5401.140041085139,0_1_trial_2_Mic_nominal_srate48000_p0_bitter_geluiden_corrected_formants,0_1_2_p0
1.83028125,208.592056781019,325.51620894528924,2865.349279537553,4010.40139093794,5379.097382669492,0_1_trial_2_Mic_nominal_srate48000_p0_bitter_geluiden_corrected_formants,0_1_2_p0
1.83528125,172.69440313631813,213.2977750999277,2928.649632581369,4119.113274511882,5339.274337007912,0_1_trial_2_Mic_nominal_srate48000_p0_bitter_geluiden_corrected_formants,0_1_2_p0
1.84028125,213.45644115452137,2894.35036158667,3932.175238774114,5152.161351227295,0.0,0_1_trial_2_Mic_nominal_srate48000_p0_bitter_geluiden_corrected_formants,0_1_2_p0
1.84528125,211.9230626951621,2444.3000570211666,3529.270925645912,4954.345859833788,0.0,0_1_trial_2_Mic_nominal_srate48000_p0_bitter_geluiden_corrected_formants,0_1_2_p0
1.85028125,212.4627533522046,2449.922201391845,3582.658927794774,4962.547928237648,0.0,0_1_trial_2_Mic_nominal_srate48000_p0_bitter_geluiden_corrected_formants,0_1_2_p0
1.85528125,214.3684845429478,2648.616364036347,3812.7534418292057,5321.241035372039,0.0,0_1_trial_2_Mic_nominal_srate48000_p0_bitter_geluiden_corrected_formants,0_1_2_p0
1.86028125,218.4135298172161,2823.91783337148,3833.713613626369,5321.009726188955,0.0,0_1_trial_2_Mic_nominal_srate48000_p0_bitter_geluiden_corrected_formants,0_1_2_p0
1.86528125,225.9142944212545,2627.452610747001,3972.946832519413,5227.515903552177,0.0,0_1_trial_2_Mic_nominal_srate48000_p0_bitter_geluiden_corrected_formants,0_1_2_p0
1.87028125,233.91604182777212,1857.6520439913932,2983.890048345136,4161.936289157879,5274.398923593034,0_1_trial_2_Mic_nominal_srate48000_p0_bitter_geluiden_corrected_formants,0_1_2_p0
1.87528125,230.76644913288848,1851.660144897088,3083.331941411216,4263.870215779434,5248.783577218311,0_1_trial_2_Mic_nominal_srate48000_p0_bitter_geluiden_corrected_formants,0_1_2_p0
1.88028125,230.9485430390673,1991.5852785085488,3222.6156857474703,4419.405722369927,5466.317317716642,0_1_trial_2_Mic_nominal_srate48000_p0_bitter_geluiden_corrected_formants,0_1_2_p0
1.88528125,2026.3397755719227,3388.7104487220045,4523.733088072794,0.0,0.0,0_1_trial_2_Mic_nominal_srate48000_p0_bitter_geluiden_corrected_formants,0_1_2_p0
1.89028125,1873.8120606321609,3348.6710203062607,4517.567784768305,0.0,0.0,0_1_trial_2_Mic_nominal_srate48000_p0_bitter_geluiden_corrected_formants,0_1_2_p0
1.8952812500000005,282.9309437185654,1840.0895663504748,3329.5211474617604,4276.260241357757,5212.887372828877,0_1_trial_2_Mic_nominal_srate48000_p0_bitter_geluiden_corrected_formants,0_1_2_p0
1.90028125,314.86189419994616,1794.3586102011675,3335.969904780633,4174.735662206066,5325.0767318857925,0_1_trial_2_Mic_nominal_srate48000_p0_bitter_geluiden_corrected_formants,0_1_2_p0
1.9052812500000005,1760.9334567413748,2204.495613989279,3425.3168333123454,4717.167159853854,0.0,0_1_trial_2_Mic_nominal_srate48000_p0_bitter_geluiden_corrected_formants,0_1_2_p0
1.91028125,1120.4537414939662,2058.008444058562,3430.704027066613,4588.747647887849,0.0,0_1_trial_2_Mic_nominal_srate48000_p0_bitter_geluiden_corrected_formants,0_1_2_p0
1.9152812500000005,778.3905715117697,2373.2802002687845,3448.9471755320924,4334.605673472935,0.0,0_1_trial_2_Mic_nominal_srate48000_p0_bitter_geluiden_corrected_formants,0_1_2_p0
1.92028125,792.0317898959321,2540.030189784582,3602.2880580334013,4304.02730324876,0.0,0_1_trial_2_Mic_nominal_srate48000_p0_bitter_geluiden_corrected_formants,0_1_2_p0
1.9252812500000005,715.1441501217711,2198.7182245663694,2747.7898216483777,4165.78098975683,0.0,0_1_trial_2_Mic_nominal_srate48000_p0_bitter_geluiden_corrected_formants,0_1_2_p0
1.93028125,791.840734733468,1816.8400415741608,2712.2894900799984,4156.064024597316,0.0,0_1_trial_2_Mic_nominal_srate48000_p0_bitter_geluiden_corrected_formants,0_1_2_p0
1.9352812500000005,1228.884339810768,2661.486671550268,3960.960478677052,0.0,0.0,0_1_trial_2_Mic_nominal_srate48000_p0_bitter_geluiden_corrected_formants,0_1_2_p0
1.94028125,1900.1145593776755,3377.864543347735,5896.565426208505,0.0,0.0,0_1_trial_2_Mic_nominal_srate48000_p0_bitter_geluiden_corrected_formants,0_1_2_p0
1.94528125,1591.0343373174755,2551.3226193844093,3582.634440796568,5899.940609162562,0.0,0_1_trial_2_Mic_nominal_srate48000_p0_bitter_geluiden_corrected_formants,0_1_2_p0
1.95028125,1704.4855847324177,2825.0587723517046,3946.191153490234,0.0,0.0,0_1_trial_2_Mic_nominal_srate48000_p0_bitter_geluiden_corrected_formants,0_1_2_p0
1.95528125,1537.2776558672922,2538.7386321779823,3515.847091398071,4496.659660096097,0.0,0_1_trial_2_Mic_nominal_srate48000_p0_bitter_geluiden_corrected_formants,0_1_2_p0
1.96028125,1596.5059623145526,2636.402226368837,3656.3504097499326,4691.609126269188,0.0,0_1_trial_2_Mic_nominal_srate48000_p0_bitter_geluiden_corrected_formants,0_1_2_p0
1.96528125,1603.608396589416,2647.8389021272687,3674.163550100373,4718.5762444083975,0.0,0_1_trial_2_Mic_nominal_srate48000_p0_bitter_geluiden_corrected_formants,0_1_2_p0
1.97028125,1597.3706954910144,2637.202289633928,3658.0610902439385,4696.194369994908,0.0,0_1_trial_2_Mic_nominal_srate48000_p0_bitter_geluiden_corrected_formants,0_1_2_p0
1.97528125,1368.599693581928,2452.373668373852,3577.864702547549,4583.545426945025,0.0,0_1_trial_2_Mic_nominal_srate48000_p0_bitter_geluiden_corrected_formants,0_1_2_p0
1.98028125,1233.400805748171,2362.4777420622563,3547.325108498639,4455.03031636637,0.0,0_1_trial_2_Mic_nominal_srate48000_p0_bitter_geluiden_corrected_formants,0_1_2_p0
1.98528125,1181.1177557773162,2368.488520937679,3505.703706966848,4389.679275635035,0.0,0_1_trial_2_Mic_nominal_srate48000_p0_bitter_geluiden_corrected_formants,0_1_2_p0
1.99028125,1134.604946987849,2365.066798557621,3331.2528550820334,4359.800341872628,0.0,0_1_trial_2_Mic_nominal_srate48000_p0_bitter_geluiden_corrected_formants,0_1_2_p0
1.99528125,1160.9628325128244,2363.077277317793,3238.9455300199625,4440.157600005318,0.0,0_1_trial_2_Mic_nominal_srate48000_p0_bitter_geluiden_corrected_formants,0_1_2_p0
2.0002812500000005,1135.8772789138463,2603.19196726009,3208.113547956803,4741.879311539729,0.0,0_1_trial_2_Mic_nominal_srate48000_p0_bitter_geluiden_corrected_formants,0_1_2_p0
2.0052812500000003,1127.7866878238688,2767.885405127613,3207.6096316258254,4847.915553656576,0.0,0_1_trial_2_Mic_nominal_srate48000_p0_bitter_geluiden_corrected_formants,0_1_2_p0
2.01028125,1131.522768839519,2757.944316645646,3231.01118100548,4844.789245134052,0.0,0_1_trial_2_Mic_nominal_srate48000_p0_bitter_geluiden_corrected_formants,0_1_2_p0
2.01528125,1110.8907459297818,2659.2519583938847,3094.814898775909,4853.641407865359,0.0,0_1_trial_2_Mic_nominal_srate48000_p0_bitter_geluiden_corrected_formants,0_1_2_p0
2.02028125,1079.3140709078066,2324.0078387021595,3070.4720842446613,4561.902747829329,0.0,0_1_trial_2_Mic_nominal_srate48000_p0_bitter_geluiden_corrected_formants,0_1_2_p0
2.02528125,1148.3911885477514,2835.4413806555017,3375.012626463628,0.0,0.0,0_1_trial_2_Mic_nominal_srate48000_p0_bitter_geluiden_corrected_formants,0_1_2_p0
2.03028125,1899.500448608236,3374.885494587435,5896.599135173544,0.0,0.0,0_1_trial_2_Mic_nominal_srate48000_p0_bitter_geluiden_corrected_formants,0_1_2_p0
2.0352812500000006,1899.9972607909112,3375.328288591016,5896.597544888666,0.0,0.0,0_1_trial_2_Mic_nominal_srate48000_p0_bitter_geluiden_corrected_formants,0_1_2_p0
2.0402812500000005,1899.30791643178,3374.817704840329,5896.602120394121,0.0,0.0,0_1_trial_2_Mic_nominal_srate48000_p0_bitter_geluiden_corrected_formants,0_1_2_p0
2.0452812500000004,1899.825363785227,3375.326448476525,5896.597663035262,0.0,0.0,0_1_trial_2_Mic_nominal_srate48000_p0_bitter_geluiden_corrected_formants,0_1_2_p0
2.0502812500000003,1899.296637069766,3374.806785277628,5896.60225361334,0.0,0.0,0_1_trial_2_Mic_nominal_srate48000_p0_bitter_geluiden_corrected_formants,0_1_2_p0
2.05528125,1900.1769667035144,3375.093353223216,5896.598030346641,0.0,0.0,0_1_trial_2_Mic_nominal_srate48000_p0_bitter_geluiden_corrected_formants,0_1_2_p0
2.06028125,1899.334189911325,3374.403873419788,5896.602487567046,0.0,0.0,0_1_trial_2_Mic_nominal_srate48000_p0_bitter_geluiden_corrected_formants,0_1_2_p0
2.06528125,1899.68179697434,3374.8567927759027,5896.599060822601,0.0,0.0,0_1_trial_2_Mic_nominal_srate48000_p0_bitter_geluiden_corrected_formants,0_1_2_p0
2.07028125,1899.1828447860496,3374.461072684631,5896.604171606503,0.0,0.0,0_1_trial_2_Mic_nominal_srate48000_p0_bitter_geluiden_corrected_formants,0_1_2_p0
2.07528125,1899.617578382988,3374.8091491550144,5896.603040106232,0.0,0.0,0_1_trial_2_Mic_nominal_srate48000_p0_bitter_geluiden_corrected_formants,0_1_2_p0
2.0802812500000005,1899.086563475526,3374.36070509282,5896.609716175288,0.0,0.0,0_1_trial_2_Mic_nominal_srate48000_p0_bitter_geluiden_corrected_formants,0_1_2_p0
2.0852812500000004,1900.052950288811,3374.847852543157,5896.61129028856,0.0,0.0,0_1_trial_2_Mic_nominal_srate48000_p0_bitter_geluiden_corrected_formants,0_1_2_p0
2.0902812500000003,1899.8100331741407,3374.6053544824704,5896.623560169004,0.0,0.0,0_1_trial_2_Mic_nominal_srate48000_p0_bitter_geluiden_corrected_formants,0_1_2_p0
2.09528125,1900.0431814030285,3374.5890111207527,5896.641326116663,0.0,0.0,0_1_trial_2_Mic_nominal_srate48000_p0_bitter_geluiden_corrected_formants,0_1_2_p0
2.10028125,1656.3691773621356,2803.062815760076,3926.744588204396,0.0,0.0,0_1_trial_2_Mic_nominal_srate48000_p0_bitter_geluiden_corrected_formants,0_1_2_p0
2.10528125,1376.008652585101,2414.817017932103,3416.4694613552274,4425.428931953234,0.0,0_1_trial_2_Mic_nominal_srate48000_p0_bitter_geluiden_corrected_formants,0_1_2_p0
2.11028125,1451.0673496796803,2569.5441909186875,3644.88507427282,4721.529195144509,0.0,0_1_trial_2_Mic_nominal_srate48000_p0_bitter_geluiden_corrected_formants,0_1_2_p0
2.11528125,1410.6878811140791,2538.861019227505,3624.728193298101,0.0,0.0,0_1_trial_2_Mic_nominal_srate48000_p0_bitter_geluiden_corrected_formants,0_1_2_p0
2.120281250000001,1353.9094174306838,2468.2250009474187,3544.8176711181686,4634.013930153835,0.0,0_1_trial_2_Mic_nominal_srate48000_p0_bitter_geluiden_corrected_formants,0_1_2_p0
2.1252812500000005,1343.774864676524,2460.0224318823284,3563.4357322774126,4677.977163451888,0.0,0_1_trial_2_Mic_nominal_srate48000_p0_bitter_geluiden_corrected_formants,0_1_2_p0
2.1302812500000003,1465.007525549437,2250.9951867187647,3592.6166375546245,4786.068015551559,0.0,0_1_trial_2_Mic_nominal_srate48000_p0_bitter_geluiden_corrected_formants,0_1_2_p0
2.13528125,1451.6575395116529,2215.882047565552,3365.381827230617,4408.18922291787,5382.441603318794,0_1_trial_2_Mic_nominal_srate48000_p0_bitter_geluiden_corrected_formants,0_1_2_p0
2.14028125,1333.891290455918,2175.875211220012,3184.285029844623,4339.5633622877,5331.244206236985,0_1_trial_2_Mic_nominal_srate48000_p0_bitter_geluiden_corrected_formants,0_1_2_p0
2.14528125,1510.7793611086097,2137.158028653392,3123.300552547385,4367.1848644374895,5293.813066002087,0_1_trial_2_Mic_nominal_srate48000_p0_bitter_geluiden_corrected_formants,0_1_2_p0
2.15028125,1413.7952913535792,3011.8533765947145,3044.4817490225546,4176.47250485946,5222.314104085587,0_1_trial_2_Mic_nominal_srate48000_p0_bitter_geluiden_corrected_formants,0_1_2_p0
2.15528125,1398.6701461956477,2855.9504302618066,3855.015937824191,5113.280252630232,0.0,0_1_trial_2_Mic_nominal_srate48000_p0_bitter_geluiden_corrected_formants,0_1_2_p0
2.1602812500000006,1385.3589206720326,2503.449445933307,3327.679182423438,4940.757553864492,0.0,0_1_trial_2_Mic_nominal_srate48000_p0_bitter_geluiden_corrected_formants,0_1_2_p0
2.1652812500000005,1230.5088880345784,2540.6845159718605,3316.0465827043813,4853.375849210293,0.0,0_1_trial_2_Mic_nominal_srate48000_p0_bitter_geluiden_corrected_formants,0_1_2_p0
2.1702812500000004,1278.1373242734012,2568.300900672209,3488.633833302636,4865.970087416598,0.0,0_1_trial_2_Mic_nominal_srate48000_p0_bitter_geluiden_corrected_formants,0_1_2_p0
2.1752812500000003,1297.8946059200032,2391.219138808795,3512.6635532522077,4848.2688246662265,0.0,0_1_trial_2_Mic_nominal_srate48000_p0_bitter_geluiden_corrected_formants,0_1_2_p0
2.18028125,1283.7521652917676,2482.624889814324,3730.7493667651206,4849.813774294854,0.0,0_1_trial_2_Mic_nominal_srate48000_p0_bitter_geluiden_corrected_formants,0_1_2_p0
2.18528125,1444.796595554702,2695.401471187021,3947.355571496667,4959.285955378214,0.0,0_1_trial_2_Mic_nominal_srate48000_p0_bitter_geluiden_corrected_formants,0_1_2_p0
2.19028125,1429.4724406493826,2749.0645063519364,3816.188183535983,5015.130899657484,0.0,0_1_trial_2_Mic_nominal_srate48000_p0_bitter_geluiden_corrected_formants,0_1_2_p0
2.19528125,1372.3446485330237,2687.7761814294176,3802.999678896149,4366.41478627884,5430.684881001201,0_1_trial_2_Mic_nominal_srate48000_p0_bitter_geluiden_corrected_formants,0_1_2_p0
2.2002812500000006,1381.9297469437256,2539.0783446457112,3676.362498201057,5162.086613690328,0.0,0_1_trial_2_Mic_nominal_srate48000_p0_bitter_geluiden_corrected_formants,0_1_2_p0
2.2052812500000005,1364.3081679641955,2417.6463203026287,3500.8289779354486,4874.201785006355,0.0,0_1_trial_2_Mic_nominal_srate48000_p0_bitter_geluiden_corrected_formants,0_1_2_p0
2.2102812500000004,1222.3399581209474,2065.041069795893,3251.8522086534126,4416.344759952349,5464.243143902819,0_1_trial_2_Mic_nominal_srate48000_p0_bitter_geluiden_corrected_formants,0_1_2_p0
2.2152812500000003,1313.294220725634,2259.9480335283924,3372.0891416634868,4425.006331283099,0.0,0_1_trial_2_Mic_nominal_srate48000_p0_bitter_geluiden_corrected_formants,0_1_2_p0
2.22028125,1401.3423586014833,2129.32513653668,3287.373498425101,4686.888017966236,0.0,0_1_trial_2_Mic_nominal_srate48000_p0_bitter_geluiden_corrected_formants,0_1_2_p0
2.22528125,1370.7037728669648,2120.9653807239747,3326.9180967867387,4684.772030544766,0.0,0_1_trial_2_Mic_nominal_srate48000_p0_bitter_geluiden_corrected_formants,0_1_2_p0
2.23028125,1286.7668232066003,2309.801185041763,3456.6792394130653,4272.96941246976,5781.395266389504,0_1_trial_2_Mic_nominal_srate48000_p0_bitter_geluiden_corrected_formants,0_1_2_p0
2.23528125,1284.5599107873866,2313.6261122392,3240.6731634016714,4303.238082320881,5293.563950879829,0_1_trial_2_Mic_nominal_srate48000_p0_bitter_geluiden_corrected_formants,0_1_2_p0
2.24028125,1424.133906672315,2583.8930438140533,3275.797263483973,4124.418283890005,5187.561496319399,0_1_trial_2_Mic_nominal_srate48000_p0_bitter_geluiden_corrected_formants,0_1_2_p0
2.245281250000001,1471.0447587008878,2562.989975450149,3972.885879619088,5040.349088013659,0.0,0_1_trial_2_Mic_nominal_srate48000_p0_bitter_geluiden_corrected_formants,0_1_2_p0
2.2502812500000005,1205.7973334044766,2345.077473042135,3417.405488234272,4209.4485265375615,5305.365314187813,0_1_trial_2_Mic_nominal_srate48000_p0_bitter_geluiden_corrected_formants,0_1_2_p0
2.2552812500000003,1215.4194929425555,2184.459223822318,3401.2677071635017,4319.019632091555,5404.224484789543,0_1_trial_2_Mic_nominal_srate48000_p0_bitter_geluiden_corrected_formants,0_1_2_p0
2.26028125,1293.884502497062,2205.753218678344,3351.09183615596,4428.256563727603,5487.827901952455,0_1_trial_2_Mic_nominal_srate48000_p0_bitter_geluiden_corrected_formants,0_1_2_p0
2.26528125,1290.920069012393,2210.550844362212,3395.473044424698,4491.203252522967,5460.9953071799055,0_1_trial_2_Mic_nominal_srate48000_p0_bitter_geluiden_corrected_formants,0_1_2_p0
2.27028125,1259.361885303085,2232.932936455103,3442.058423495029,4395.900012929596,0.0,0_1_trial_2_Mic_nominal_srate48000_p0_bitter_geluiden_corrected_formants,0_1_2_p0
2.27528125,1297.3803412549028,2306.195293493536,3113.8663576321737,4415.6438398545015,5472.963761820235,0_1_trial_2_Mic_nominal_srate48000_p0_bitter_geluiden_corrected_formants,0_1_2_p0
2.28028125,1436.1807569132811,2791.846293973192,4276.897772116939,4324.340194018923,0.0,0_1_trial_2_Mic_nominal_srate48000_p0_bitter_geluiden_corrected_formants,0_1_2_p0
2.2852812500000006,1378.9312930228557,2781.930005196617,3822.272845285103,4452.719571737859,0.0,0_1_trial_2_Mic_nominal_srate48000_p0_bitter_geluiden_corrected_formants,0_1_2_p0
2.2902812500000005,1264.7727399131886,2289.69055490053,3311.8102980356744,4270.102185396308,0.0,0_1_trial_2_Mic_nominal_srate48000_p0_bitter_geluiden_corrected_formants,0_1_2_p0
2.2952812500000004,1273.7254835706951,2276.6049956610154,3348.100368944129,4331.72475981424,0.0,0_1_trial_2_Mic_nominal_srate48000_p0_bitter_geluiden_corrected_formants,0_1_2_p0
2.3002812500000003,1297.5563044759454,2304.21993810338,3343.9320791076657,4403.819172015247,0.0,0_1_trial_2_Mic_nominal_srate48000_p0_bitter_geluiden_corrected_formants,0_1_2_p0
2.30528125,1231.7337789515427,2174.8678637305184,3131.57095048794,4140.340665290491,0.0,0_1_trial_2_Mic_nominal_srate48000_p0_bitter_geluiden_corrected_formants,0_1_2_p0
2.31028125,1396.3480923234729,2469.367213614084,3565.657256665761,0.0,0.0,0_1_trial_2_Mic_nominal_srate48000_p0_bitter_geluiden_corrected_formants,0_1_2_p0
2.31528125,1024.7227474732929,1932.611616711535,2839.364135353792,3753.604494127012,0.0,0_1_trial_2_Mic_nominal_srate48000_p0_bitter_geluiden_corrected_formants,0_1_2_p0
2.32028125,1031.1932944110674,1944.253999283981,2860.3623636976195,3788.9763073909194,0.0,0_1_trial_2_Mic_nominal_srate48000_p0_bitter_geluiden_corrected_formants,0_1_2_p0
2.3252812500000006,1149.7969216850445,2147.1829224732787,3164.2840433081715,4259.12400779152,0.0,0_1_trial_2_Mic_nominal_srate48000_p0_bitter_geluiden_corrected_formants,0_1_2_p0
2.3302812500000005,1247.298049467247,2292.872542479539,3459.787963483673,4527.959064184181,0.0,0_1_trial_2_Mic_nominal_srate48000_p0_bitter_geluiden_corrected_formants,0_1_2_p0
2.3352812500000004,1377.00987442646,2695.5041421059505,3566.055301760647,4526.186730428611,0.0,0_1_trial_2_Mic_nominal_srate48000_p0_bitter_geluiden_corrected_formants,0_1_2_p0
2.3402812500000003,1393.2152874097249,2707.660341445855,3555.7453189953667,4518.72646787912,0.0,0_1_trial_2_Mic_nominal_srate48000_p0_bitter_geluiden_corrected_formants,0_1_2_p0
2.34528125,1397.2011865735765,2625.348946758148,3608.229847826237,4605.105662831991,0.0,0_1_trial_2_Mic_nominal_srate48000_p0_bitter_geluiden_corrected_formants,0_1_2_p0
2.35028125,1515.609463067193,2619.379294772126,3671.969753576035,4723.954943071474,0.0,0_1_trial_2_Mic_nominal_srate48000_p0_bitter_geluiden_corrected_formants,0_1_2_p0
2.35528125,1279.3424497155809,2584.873662894882,3800.281596899949,5012.180672779095,0.0,0_1_trial_2_Mic_nominal_srate48000_p0_bitter_geluiden_corrected_formants,0_1_2_p0
2.36028125,1219.3751524752593,2587.1938959187323,3717.185392687041,5061.180927498171,0.0,0_1_trial_2_Mic_nominal_srate48000_p0_bitter_geluiden_corrected_formants,0_1_2_p0
2.36528125,1134.6533915736538,2415.011120547445,3620.6826365698703,5011.8387718228405,0.0,0_1_trial_2_Mic_nominal_srate48000_p0_bitter_geluiden_corrected_formants,0_1_2_p0
2.370281250000001,1153.380228554704,2161.953345833575,3646.821876246088,4813.591920181788,5807.701561075567,0_1_trial_2_Mic_nominal_srate48000_p0_bitter_geluiden_corrected_formants,0_1_2_p0
2.3752812500000005,1202.9371719051194,2238.6997685449846,3659.899745539458,4985.193790924627,0.0,0_1_trial_2_Mic_nominal_srate48000_p0_bitter_geluiden_corrected_formants,0_1_2_p0
2.3802812500000003,1155.9730621416902,2307.5620726264283,3634.9828932097207,5032.454078997462,0.0,0_1_trial_2_Mic_nominal_srate48000_p0_bitter_geluiden_corrected_formants,0_1_2_p0
2.38528125,1139.5076440406472,2295.835598548478,3615.34477717494,4897.106216086855,0.0,0_1_trial_2_Mic_nominal_srate48000_p0_bitter_geluiden_corrected_formants,0_1_2_p0
2.39028125,1135.626659701734,2362.137532140538,3549.1016709999917,4839.448303277722,0.0,0_1_trial_2_Mic_nominal_srate48000_p0_bitter_geluiden_corrected_formants,0_1_2_p0
2.39528125,1297.176937241457,2582.140964713308,3318.7559968815385,4297.570499610768,5477.819079484045,0_1_trial_2_Mic_nominal_srate48000_p0_bitter_geluiden_corrected_formants,0_1_2_p0
2.40028125,1311.5880406857757,2375.3076899136686,2858.037652603024,4173.923400905582,5528.220519556588,0_1_trial_2_Mic_nominal_srate48000_p0_bitter_geluiden_corrected_formants,0_1_2_p0
2.40528125,1242.580899933342,2808.7209657086214,3116.59609251969,4122.333041264565,5519.854767732389,0_1_trial_2_Mic_nominal_srate48000_p0_bitter_geluiden_corrected_formants,0_1_2_p0
2.4102812500000006,1267.969715851272,2657.087658875352,3532.8984955920946,4094.108633863032,5565.1003809809135,0_1_trial_2_Mic_nominal_srate48000_p0_bitter_geluiden_corrected_formants,0_1_2_p0
2.4152812500000005,1160.498266642032,2447.561140243563,3122.145005331216,4305.647923255796,5597.246875924806,0_1_trial_2_Mic_nominal_srate48000_p0_bitter_geluiden_corrected_formants,0_1_2_p0
2.4202812500000004,1108.917600402027,2422.0951943559653,3217.8300408920272,4340.853219551296,5581.365372299933,0_1_trial_2_Mic_nominal_srate48000_p0_bitter_geluiden_corrected_formants,0_1_2_p0
2.4252812500000003,1112.8606120329518,2526.67280502524,3441.648409152309,4332.061991926158,5528.20570771748,0_1_trial_2_Mic_nominal_srate48000_p0_bitter_geluiden_corrected_formants,0_1_2_p0
2.43028125,1237.9891257578138,2550.627002958948,3659.141107727954,4676.804283894028,0.0,0_1_trial_2_Mic_nominal_srate48000_p0_bitter_geluiden_corrected_formants,0_1_2_p0
2.43528125,1259.4697338291553,2679.9508706042748,3870.913637318402,4937.391104651386,0.0,0_1_trial_2_Mic_nominal_srate48000_p0_bitter_geluiden_corrected_formants,0_1_2_p0
2.44028125,1192.6192556709498,2720.8219543430664,3963.610829494769,5267.06713295223,0.0,0_1_trial_2_Mic_nominal_srate48000_p0_bitter_geluiden_corrected_formants,0_1_2_p0
2.44528125,1173.254727804422,2749.553376561517,4013.029561286002,5150.225559342121,0.0,0_1_trial_2_Mic_nominal_srate48000_p0_bitter_geluiden_corrected_formants,0_1_2_p0
2.4502812500000006,1172.577313400541,2760.133505958744,3909.1708989586778,4607.912356877608,0.0,0_1_trial_2_Mic_nominal_srate48000_p0_bitter_geluiden_corrected_formants,0_1_2_p0
2.4552812500000005,1509.5597704180043,2433.806140242199,3674.570277389677,4945.550430997375,0.0,0_1_trial_2_Mic_nominal_srate48000_p0_bitter_geluiden_corrected_formants,0_1_2_p0
2.4602812500000004,1236.1312457967597,2288.586054650144,3624.065516649268,4942.521229563061,0.0,0_1_trial_2_Mic_nominal_srate48000_p0_bitter_geluiden_corrected_formants,0_1_2_p0
2.4652812500000003,949.723622749078,2293.634315579169,3597.835758628566,4744.633589412457,0.0,0_1_trial_2_Mic_nominal_srate48000_p0_bitter_geluiden_corrected_formants,0_1_2_p0
2.47028125,946.93800715727,2499.2250492526523,3682.3879108268666,4629.738821394198,0.0,0_1_trial_2_Mic_nominal_srate48000_p0_bitter_geluiden_corrected_formants,0_1_2_p0
2.47528125,1119.742933894555,2637.005376116845,3756.2800042044046,4812.486413032016,0.0,0_1_trial_2_Mic_nominal_srate48000_p0_bitter_geluiden_corrected_formants,0_1_2_p0
2.48028125,1235.3525085249837,2665.045320198665,3676.444519357049,5091.265794208038,0.0,0_1_trial_2_Mic_nominal_srate48000_p0_bitter_geluiden_corrected_formants,0_1_2_p0
2.48528125,1263.4120773588827,2759.532906911094,3760.679715656349,5278.636205340749,0.0,0_1_trial_2_Mic_nominal_srate48000_p0_bitter_geluiden_corrected_formants,0_1_2_p0
2.49028125,603.1184985292505,1782.67163492872,3066.6538696137304,4180.548239637211,5340.928553199549,0_1_trial_2_Mic_nominal_srate48000_p0_bitter_geluiden_corrected_formants,0_1_2_p0
2.495281250000001,632.3734327308849,1769.0887750589357,3032.898469197134,4298.0530721641935,5420.914589279214,0_1_trial_2_Mic_nominal_srate48000_p0_bitter_geluiden_corrected_formants,0_1_2_p0
2.5002812500000005,630.3007653571007,1769.9596016800213,2977.922624786371,4362.205999609745,5375.986385438117,0_1_trial_2_Mic_nominal_srate48000_p0_bitter_geluiden_corrected_formants,0_1_2_p0
2.5052812500000003,472.867387516732,2210.0249867419725,2977.912663532007,3927.879100079081,5269.283905410119,0_1_trial_2_Mic_nominal_srate48000_p0_bitter_geluiden_corrected_formants,0_1_2_p0
2.51028125,398.12412911746713,2118.3592769142588,3759.9103492426593,4149.90416151622,5224.30838323326,0_1_trial_2_Mic_nominal_srate48000_p0_bitter_geluiden_corrected_formants,0_1_2_p0
2.51528125,317.0236785032037,2131.9314737411923,3680.0329646199248,4586.136216845028,0.0,0_1_trial_2_Mic_nominal_srate48000_p0_bitter_geluiden_corrected_formants,0_1_2_p0
2.52028125,277.62511271459266,2146.3871144758377,3746.051643461079,4595.927280034311,0.0,0_1_trial_2_Mic_nominal_srate48000_p0_bitter_geluiden_corrected_formants,0_1_2_p0
2.52528125,255.3153058784692,2154.260051843507,3556.442026791512,4278.351852829967,5692.233338897568,0_1_trial_2_Mic_nominal_srate48000_p0_bitter_geluiden_corrected_formants,0_1_2_p0
2.53028125,264.55765089066693,2127.584013507978,3528.4977031861545,4327.151609890624,5469.234407590388,0_1_trial_2_Mic_nominal_srate48000_p0_bitter_geluiden_corrected_formants,0_1_2_p0
2.5352812500000006,197.0633178220436,2029.7102882023016,3559.752853927975,0.0,5183.999808230932,0_1_trial_2_Mic_nominal_srate48000_p0_bitter_geluiden_corrected_formants,0_1_2_p0
2.5402812500000005,1549.320807681215,2432.24673208295,3758.923606117947,5167.077158903872,0.0,0_1_trial_2_Mic_nominal_srate48000_p0_bitter_geluiden_corrected_formants,0_1_2_p0
2.5452812500000004,1336.16907699139,2551.3387477322667,3942.040978221361,4949.0227325008445,0.0,0_1_trial_2_Mic_nominal_srate48000_p0_bitter_geluiden_corrected_formants,0_1_2_p0
2.5502812500000003,1254.32040811199,2505.855313542299,4021.7519427878296,5066.200191684986,0.0,0_1_trial_2_Mic_nominal_srate48000_p0_bitter_geluiden_corrected_formants,0_1_2_p0
2.55528125,987.1847134762852,2313.262094966989,3864.689575760277,4837.7226791720495,0.0,0_1_trial_2_Mic_nominal_srate48000_p0_bitter_geluiden_corrected_formants,0_1_2_p0
2.56028125,966.5763943275426,2177.226552483718,3691.984212550658,0.0,0.0,0_1_trial_2_Mic_nominal_srate48000_p0_bitter_geluiden_corrected_formants,0_1_2_p0
2.56528125,1066.7978543732106,2195.1069577374883,3642.694153176152,4545.060874355798,0.0,0_1_trial_2_Mic_nominal_srate48000_p0_bitter_geluiden_corrected_formants,0_1_2_p0
2.57028125,1138.319359437862,2182.046631270321,3641.4848831610143,4429.48862681241,0.0,0_1_trial_2_Mic_nominal_srate48000_p0_bitter_geluiden_corrected_formants,0_1_2_p0
2.5752812500000006,2062.974736401666,2450.544870998738,4094.14559788992,0.0,0.0,0_1_trial_2_Mic_nominal_srate48000_p0_bitter_geluiden_corrected_formants,0_1_2_p0
2.5802812500000005,1174.306187403761,2177.02031745839,3193.456417273151,4200.159591912364,0.0,0_1_trial_2_Mic_nominal_srate48000_p0_bitter_geluiden_corrected_formants,0_1_2_p0
2.5852812500000004,1245.1849782057363,2249.816548063539,3221.7654590275124,4951.023806597427,0.0,0_1_trial_2_Mic_nominal_srate48000_p0_bitter_geluiden_corrected_formants,0_1_2_p0
2.5902812500000003,1253.7689626970737,2217.303309079175,3145.5262283744432,4998.189934200172,0.0,0_1_trial_2_Mic_nominal_srate48000_p0_bitter_geluiden_corrected_formants,0_1_2_p0
2.59528125,1272.8578601148683,2191.701584978551,3081.597690715883,4994.563966649637,0.0,0_1_trial_2_Mic_nominal_srate48000_p0_bitter_geluiden_corrected_formants,0_1_2_p0
2.60028125,1307.6667375236457,2196.818245163656,3076.069719356321,4976.719301278354,0.0,0_1_trial_2_Mic_nominal_srate48000_p0_bitter_geluiden_corrected_formants,0_1_2_p0
2.60528125,1742.7620197918272,1975.0843576665263,3494.2784212529223,4613.702959954626,0.0,0_1_trial_2_Mic_nominal_srate48000_p0_bitter_geluiden_corrected_formants,0_1_2_p0
2.61028125,1731.2914112941246,2001.556551155168,3497.500182193692,4609.089815725522,0.0,0_1_trial_2_Mic_nominal_srate48000_p0_bitter_geluiden_corrected_formants,0_1_2_p0
2.61528125,1657.7924888804582,1821.9172900850965,3436.32520290872,4601.836881800728,0.0,0_1_trial_2_Mic_nominal_srate48000_p0_bitter_geluiden_corrected_formants,0_1_2_p0
2.620281250000001,1389.071946702787,2175.811964080591,3164.650781100242,4436.882588728356,5804.844743181295,0_1_trial_2_Mic_nominal_srate48000_p0_bitter_geluiden_corrected_formants,0_1_2_p0
2.6252812500000005,1339.9676384367265,2347.836647810401,3271.847677552889,4519.656827405851,0.0,0_1_trial_2_Mic_nominal_srate48000_p0_bitter_geluiden_corrected_formants,0_1_2_p0
2.6302812500000003,1285.6962718627574,2383.155061164296,3479.750648887906,4619.553829973327,0.0,0_1_trial_2_Mic_nominal_srate48000_p0_bitter_geluiden_corrected_formants,0_1_2_p0
2.63528125,1290.57726740885,2407.146680838297,3518.007746078568,4642.472043805233,0.0,0_1_trial_2_Mic_nominal_srate48000_p0_bitter_geluiden_corrected_formants,0_1_2_p0
2.64028125,1378.2076848829172,2716.9854310563937,4079.565834398659,5134.47505876122,0.0,0_1_trial_2_Mic_nominal_srate48000_p0_bitter_geluiden_corrected_formants,0_1_2_p0
2.64528125,1375.9823467126114,2725.350088175554,4092.66684167695,0.0,0.0,0_1_trial_2_Mic_nominal_srate48000_p0_bitter_geluiden_corrected_formants,0_1_2_p0
2.65028125,1372.5679636114653,2728.1953324842307,4102.581935908946,5747.542478920301,0.0,0_1_trial_2_Mic_nominal_srate48000_p0_bitter_geluiden_corrected_formants,0_1_2_p0
2.65528125,1406.086353344076,2814.5922425958047,3000.8123159420843,4248.694487624444,0.0,0_1_trial_2_Mic_nominal_srate48000_p0_bitter_geluiden_corrected_formants,0_1_2_p0
2.6602812500000006,1436.0185709623054,2274.36127966312,2915.303593888916,0.0,0.0,0_1_trial_2_Mic_nominal_srate48000_p0_bitter_geluiden_corrected_formants,0_1_2_p0
2.6652812500000005,1435.2054022583588,2305.0109207963624,2916.3438073266507,4361.609538753787,0.0,0_1_trial_2_Mic_nominal_srate48000_p0_bitter_geluiden_corrected_formants,0_1_2_p0
2.6702812500000004,1416.9899046550022,2958.3661613913605,4325.485772024449,0.0,0.0,0_1_trial_2_Mic_nominal_srate48000_p0_bitter_geluiden_corrected_formants,0_1_2_p0
2.6752812500000003,852.2659018307302,2045.392081449305,3448.789831643844,4344.3981190367695,5797.468652086409,0_1_trial_2_Mic_nominal_srate48000_p0_bitter_geluiden_corrected_formants,0_1_2_p0
2.68028125,845.0662091045348,2023.6043486571905,3405.690265524238,4324.375250798353,5588.40320304498,0_1_trial_2_Mic_nominal_srate48000_p0_bitter_geluiden_corrected_formants,0_1_2_p0
2.68528125,863.0028796506276,2028.616379774912,3421.361674923224,4342.385043403371,5781.371085346015,0_1_trial_2_Mic_nominal_srate48000_p0_bitter_geluiden_corrected_formants,0_1_2_p0
2.69028125,1280.4847881985136,2576.3985197917477,3791.775519723021,5093.205199973199,0.0,0_1_trial_2_Mic_nominal_srate48000_p0_bitter_geluiden_corrected_formants,0_1_2_p0
2.69528125,1303.4793054087263,2550.119615033694,3832.1034710793074,5431.895097249736,0.0,0_1_trial_2_Mic_nominal_srate48000_p0_bitter_geluiden_corrected_formants,0_1_2_p0
2.7002812500000006,1328.7256876726842,2526.2388000656533,3851.2783885774793,5284.689088047493,0.0,0_1_trial_2_Mic_nominal_srate48000_p0_bitter_geluiden_corrected_formants,0_1_2_p0
2.7052812500000005,1359.211625469957,2523.0721283957005,3842.055463800929,5259.005902678736,0.0,0_1_trial_2_Mic_nominal_srate48000_p0_bitter_geluiden_corrected_formants,0_1_2_p0
2.7102812500000004,1334.9707548651097,2551.39392082239,3729.7692216282994,5086.563016642612,0.0,0_1_trial_2_Mic_nominal_srate48000_p0_bitter_geluiden_corrected_formants,0_1_2_p0
2.7152812500000003,1216.278650122123,2521.0830330698736,3595.144333381858,5383.789309286029,0.0,0_1_trial_2_Mic_nominal_srate48000_p0_bitter_geluiden_corrected_formants,0_1_2_p0
2.72028125,1146.08797149603,2470.149475119487,3569.716974824069,4061.7191464169846,5416.901421040648,0_1_trial_2_Mic_nominal_srate48000_p0_bitter_geluiden_corrected_formants,0_1_2_p0
2.72528125,1084.714129465824,2426.0470666097312,3457.2170835478823,4084.150649974407,5452.23415013844,0_1_trial_2_Mic_nominal_srate48000_p0_bitter_geluiden_corrected_formants,0_1_2_p0
2.73028125,1070.977538023236,2542.2605461937505,3407.183669111475,4955.751536991336,0.0,0_1_trial_2_Mic_nominal_srate48000_p0_bitter_geluiden_corrected_formants,0_1_2_p0
2.73528125,1319.2358024553978,2590.9395975633724,3541.103528900784,4783.713650188978,0.0,0_1_trial_2_Mic_nominal_srate48000_p0_bitter_geluiden_corrected_formants,0_1_2_p0
2.74028125,1201.1283163478977,2466.133952977704,3524.9974844797875,4847.263260704256,0.0,0_1_trial_2_Mic_nominal_srate48000_p0_bitter_geluiden_corrected_formants,0_1_2_p0
2.745281250000001,1113.5612950599718,2349.3448416535743,3489.9822788389065,4454.288652781747,5020.880626963228,0_1_trial_2_Mic_nominal_srate48000_p0_bitter_geluiden_corrected_formants,0_1_2_p0
2.7502812500000005,1088.046996146771,2384.815958341665,3532.04185253329,4615.832284750775,0.0,0_1_trial_2_Mic_nominal_srate48000_p0_bitter_geluiden_corrected_formants,0_1_2_p0
