RHip_x,RHip_y,RHip_z,RKnee_x,RKnee_y,RKnee_z,RAnkle_x,RAnkle_y,RAnkle_z,RBigToe_x,RBigToe_y,RBigToe_z,RSmallToe_x,RSmallToe_y,RSmallToe_z,RHeel_x,RHeel_y,RHeel_z,LHip_x,LHip_y,LHip_z,LKnee_x,LKnee_y,LKnee_z,LAnkle_x,LAnkle_y,LAnkle_z,LBigToe_x,LBigToe_y,LBigToe_z,LSmallToe_x,LSmallToe_y,LSmallToe_z,LHeel_x,LHeel_y,LHeel_z,Neck_x,Neck_y,Neck_z,Head_x,Head_y,Head_z,Nose_x,Nose_y,Nose_z,RShoulder_x,RShoulder_y,RShoulder_z,RElbow_x,RElbow_y,RElbow_z,RWrist_x,RWrist_y,RWrist_z,RThumb_x,RThumb_y,RThumb_z,RIndex_x,RIndex_y,RIndex_z,RPinky_x,RPinky_y,RPinky_z,LShoulder_x,LShoulder_y,LShoulder_z,LElbow_x,LElbow_y,LElbow_z,LWrist_x,LWrist_y,LWrist_z,LThumb_x,LThumb_y,LThumb_z,LIndex_x,LIndex_y,LIndex_z,LPinky_x,LPinky_y,LPinky_z,Time
0.37605762228165995,0.9321410041820924,0.29042229090226807,0.3791867507444302,0.48659282326791076,0.3380259647513276,0.371550472792321,0.04229691479578595,0.38250089965192746,0.34203054091736745,0.008859242912549463,0.19967932291976248,0.3984860301244008,-0.011005847989735546,0.2368404235522303,0.34117724990803877,-0.035204630201422345,0.44921515804359535,0.1553320190236396,0.9292244938964682,0.2925518079845347,0.1778348357606239,0.4939459351668054,0.35099126015936455,0.18271313391365215,0.054188486766886035,0.3838844002924219,0.16857484690446606,0.00823932771483319,0.19778424407813763,0.12647987535900718,0.029483195079283726,0.22864237152367095,0.20314969144997644,-0.0038209629922653816,0.42300880044800776,0.24875194964464953,1.5517032810985487,0.2929637607358516,0.25534666646557064,1.8026959596479335,0.2342164044396592,0.2324590972904043,1.6563342740853795,0.14637192542403643,0.43456165057056195,1.4948518814667786,0.275213621267507,0.7113450851108062,1.4889989763835487,0.3153255109091273,0.9923350101295045,1.4903851169787117,0.32656399964497396,1.1169069710502575,1.5028871446353114,0.32461925091923505,1.1469667913194517,1.512280217906932,0.3511049516409608,1.107969990093679,1.4948348700537204,0.34712195781470484,0.06722272078888794,1.5028207755141825,0.3077604776192958,-0.18138227702109203,1.491154954327008,0.32279041476981113,-0.4634533432565222,1.4672214150565546,0.31878974098675517,-0.5476863191198269,1.440015053390798,0.3023179835112354,-0.5999849847771379,1.4787365649337123,0.34209981005168566,-0.6006181239973724,1.4851136504062064,0.34595515095650103,0.0
0.37494813180848224,0.9314663930060201,0.28947958079391756,0.37922789654360156,0.4864286491789621,0.33792711696721683,0.37096149259488126,0.04246679125300621,0.3823153649966548,0.34149742910462144,0.010231894117020877,0.199156589325181,0.39621580177355004,-0.007041834284596588,0.23142246745078787,0.3410870832891793,-0.03560822471587023,0.4497712114184626,0.1532209609411906,0.9306031466186307,0.2883736935857331,0.1765200976727779,0.4941745438527976,0.350524274786103,0.18275250191715736,0.053942990758623924,0.38398106843513813,0.17020539136019497,0.004595496103209834,0.2034681614000889,0.12645273340179483,0.02960159957855566,0.22865501419267525,0.20295924768479567,-0.003959772446142176,0.4235295334497757,0.24873468962500117,1.55171755110033,0.2929958839205663,0.25539186784511836,1.8026895269284595,0.23424250657675555,0.23328601471718313,1.6563947642786976,0.14628559725541077,0.43442549038945333,1.4964811505579325,0.2759080949361047,0.7104783257177313,1.4879465702251926,0.32245623195495166,0.993045113830292,1.489004490095159,0.3342522524050815,1.117047180463662,1.5008458391645036,0.32312930262240436,1.1459094556826757,1.5123520678695166,0.3511296592168562,1.1101044774087911,1.4946902092102077,0.3516542805427872,0.0658106937583092,1.5023384707184262,0.30213889072411904,-0.1835885946287939,1.4919009852683056,0.32153527006379645,-0.4623893972673253,1.4721856472433894,0.3149745268237714,-0.553325909250617,1.447820535250716,0.2915232080039966,-0.6006427426812347,1.480705172877184,0.3370712452813801,-0.5979425015893933,1.4867899577258605,0.34709787718674834,0.0169491525423728
0.37402202220826686,0.9308607179223883,0.28868893823714237,0.3792704329365079,0.4862434330733838,0.33788546968931776,0.37060566489909835,0.04257289056854842,0.3822179107798467,0.34122333689882645,0.010972596910349554,0.19909592811068408,0.39503902736871865,-0.004469668687557672,0.2279901879302304,0.34101112664561944,-0.03595589879291184,0.45020819925275085,0.15149194630525528,0.9318334094436781,0.2850145393053619,0.17546173503797166,0.4943220918170968,0.35010764710988224,0.18279494343145683,0.053686598734503495,0.3840934500817417,0.17121365677124498,0.0023183078624994143,0.20722090146696506,0.1264334051213108,0.029655130236891782,0.2286970547544298,0.20280402984546056,-0.004114321535726169,0.42393418589132337,0.24872309223979344,1.551724428129751,0.29301357368995773,0.25543614827974054,1.8026753538657787,0.23425670742806445,0.23438477137811517,1.6564015796535967,0.14734670937141559,0.43434448618210686,1.497516851367291,0.2763386797232146,0.7099207109010968,1.487274620845245,0.32701204397937733,0.9928549592642193,1.488092969967951,0.3390002869191692,1.117126324773873,1.4995164438350876,0.32216899034114743,1.144819332443546,1.512378525308354,0.35120912340988153,1.1116722178460954,1.4946173970817314,0.3548478386600254,0.06489432209885389,1.502275450489326,0.2986367002994294,-0.18464434907996702,1.493275263850266,0.3193617421523278,-0.462162243630029,1.4766203981494828,0.3124015603685366,-0.5566017011685317,1.4546140616656604,0.2844783475477787,-0.6011040363945223,1.482572141236859,0.33400189367467736,-0.5960116849898307,1.488163217364985,0.3475693126175189,0.0338983050847457
0.37327929348101385,0.9303239789311974,0.28805036323194244,0.3793143599231494,0.4860371749511757,0.33790102291763047,0.3704829897049723,0.04261521274241307,0.38220853700150303,0.3411408922320063,0.01123607699098152,0.19934034561632086,0.39469520223059834,-0.0030293463123145445,0.2261617068475084,0.3409493799773591,-0.03624765243254716,0.45052612154646016,0.1501449751158337,0.9329152823716103,0.282474345143421,0.17465974785620514,0.49438857905970296,0.3497413771307025,0.18284045845655053,0.053419310694524956,0.3842215452322327,0.17172335638076083,0.0011444308158351235,0.2093952487773903,0.1264207654332715,0.029656992226084103,0.22876136404980932,0.20268403793197112,-0.004284610261017129,0.42422275777265084,0.24871616956398224,1.5517254016007052,0.29302076179909564,0.25547902548591317,1.802655389281284,0.23426122438289104,0.23564049030200973,1.656368018221116,0.14922018106324578,0.43430791006124647,1.498073442147123,0.27655690782741743,0.7096125879932378,1.4869100208509691,0.3294821217083858,0.9920042121518017,1.4875643377336536,0.3413843663183793,1.117157643620287,1.4987666023669601,0.32163895588485625,1.1437379954553464,1.512366706595592,0.3513265809584579,1.1127521165294467,1.4945993784554048,0.3569159264919799,0.06437788950450551,1.5025583648815777,0.29683066354535026,-0.1847490768155125,1.4951103054887942,0.31651744930261644,-0.4625121237957919,1.4805717200392048,0.31086787310592034,-0.5579935478453564,1.4605210386229015,0.2804756442675917,-0.6013357052513596,1.4843540794646608,0.33240673917916364,-0.5947064298754627,1.4893513238540845,0.34751315817826756,0.0508474576271186
0.37271994562672317,0.9298561760324471,0.28756385577831783,0.37935967750352584,0.48580987481233795,0.3379737766521548,0.3705934670125031,0.04259375777459965,0.3822872436616239,0.3411827230361848,0.011177060057362367,0.1997328481821402,0.39492382167988077,-0.002460862272563844,0.22555514605957214,0.34090184328439826,-0.0364834856347762,0.45072497829959046,0.1491800473729258,0.9338487654024274,0.2807531110999104,0.17411413612747834,0.49437400558061634,0.34942546484856374,0.18288904699243846,0.053141126638688335,0.3843653538866109,0.17185820343188724,0.0008105327863505915,0.2103439878299889,0.12641368925339344,0.029620390717925115,0.22884081291968844,0.20259927194432736,-0.004470638622015497,0.4243952490937581,0.24871293367252348,1.551721960927087,0.2930213800030496,0.2555200171801121,1.8026315819963665,0.23425827483054035,0.23693829451767623,1.656307377992294,0.15157093162209617,0.43430503413959587,1.4982653811496958,0.276614311447294,0.7094943043264894,1.486779662849627,0.3303556398679587,0.9907325382135544,1.4873323745288327,0.34198075373385395,1.1171543766423,1.4984639584800186,0.32143984106292245,1.1427070185713595,1.5123237281033783,0.3514652686010066,1.1134230785827013,1.4946190981183423,0.35807183836421114,0.06416567966924755,1.503113863949877,0.29629753766200506,-0.1841023142763315,1.497238625599794,0.3132500097818735,-0.46317927921577273,1.4840856651769272,0.31017049652079237,-0.5579813022528763,1.4656668721097104,0.27880734028844567,-0.601304588586106,1.4860675970125135,0.3318007657424249,-0.5939074919230672,1.490472171723662,0.34707311479844905,0.0677966101694915
0.37237125102301694,0.9291281910004006,0.2873085319895204,0.37954058703534166,0.48463827898130446,0.3385149696361931,0.3718752038009035,0.04226299936371954,0.3828518992948892,0.34128145724338693,0.0109502718079319,0.2001164421481912,0.39546438103725867,-0.0025042116820049136,0.22578862742337244,0.34088840896909167,-0.036799978860886394,0.45058418152401053,0.1490183035276908,0.9350165994796058,0.2805495826122678,0.1742224709520048,0.4937740536768668,0.34891683572409615,0.18309777686990547,0.05201975904944446,0.38487732849970624,0.17174191116776927,0.0010532815971741154,0.21041990312338504,0.1264110514973934,0.02955853088420193,0.228928272204942,0.20259732680828518,-0.005140175641285452,0.42408272652222284,0.2487123966403736,1.5517155955227884,0.29301936005688944,0.2555586410788137,1.8026058808324177,0.23425007616031787,0.23816330705392458,1.6562329569781695,0.15406388033916169,0.4343251305298799,1.4982071266272765,0.27656242278142534,0.7095062072331886,1.4868104394484807,0.33012177318407776,0.9892796031699957,1.4873108614900519,0.3413657122967356,1.1171297634793107,1.4984761558941573,0.3214722876847381,1.1417679756448704,1.5122567062038597,0.35160842307594914,1.1137640091297167,1.4946595008576566,0.35852886860228006,0.06416197628706366,1.5038685977489206,0.29661407984951743,-0.18290359790332553,1.4994927395991682,0.30980704185731056,-0.4639039513411315,1.4872082858270195,0.31010646209802273,-0.557044817362878,1.470176968113357,0.2787656777353509,-0.6009775257331222,1.4877293033323389,0.3316989573120478,-0.5934956268094237,1.4916436555042207,0.3463928834075187,0.0847457627118644
0.37239725309269656,0.9287114035921034,0.2873891043340707,0.3796101086811169,0.4840861725754424,0.3390633234908253,0.37283631898769914,0.04196221016572406,0.38322119543080485,0.341379355734551,0.010709924523563626,0.20039454369366339,0.3957696724217383,-0.0027805895980304793,0.22628438331538564,0.3408820738359598,-0.036860504720983435,0.45040515030051925,0.14920261218313877,0.935593498330409,0.28123999601708066,0.17446807291805072,0.493462257128328,0.3487065635073969,0.18318821463217103,0.05152163099740292,0.3851533770365619,0.17155161063323165,0.0015081484330878997,0.2100907715872135,0.12641344360247198,0.029492734378000186,0.22901427759127083,0.202622144371446,-0.005418817260183291,0.4238634136317814,0.24871317766292123,1.5517089896555385,0.29302248984415014,0.2555920787550083,1.8025808612997334,0.23424300606449716,0.2391045853164611,1.6561724380519762,0.15603333684228998,0.4343542305240459,1.498059099890801,0.27647257694987015,0.7095716152677785,1.486903445915697,0.32944484299131216,0.988081980939103,1.4873844854388514,0.3403494672463367,1.1171023081379754,1.4986209502818493,0.32159493713602627,1.140830085673325,1.512150492488814,0.35172958599070125,1.113990608364784,1.4946438240362252,0.3587642704314916,0.06422659746279341,1.5048427572736067,0.2971930383214273,-0.1812919017822528,1.5016275888803325,0.3065752160293592,-0.46418552225612114,1.4899287890127144,0.31043360413466503,-0.5555845057705466,1.4741507093645592,0.27836559808254746,-0.600233116697722,1.4893797722195639,0.3311620075997988,-0.5937217307426008,1.4931172550386331,0.34614401676567275,0.1016949152542373
0.3724577008816735,0.9285339026841555,0.2874102414321009,0.3795718388546837,0.4843715813184191,0.33931489666320513,0.3733859736822245,0.041782627574706646,0.3834201207150586,0.34134201893092697,0.010730902701257292,0.20017727624223766,0.395854213173905,-0.003108051830059251,0.22684836913497305,0.34085998350226093,-0.03685395240322187,0.4502910910492085,0.14925111787705375,0.9359370851426623,0.28213679793711127,0.17455774536631063,0.4934377692818731,0.34867919522979685,0.1831454509432176,0.05172143637692632,0.3851640004744525,0.171416921553113,0.0019216451286266922,0.20976335423731635,0.12641752774233148,0.029425941963692016,0.22909821962536533,0.2026251744100838,-0.005419113978742583,0.42385682311879597,0.24871462816755732,1.551701728365797,0.29303367879380104,0.2556237364733134,1.802556843435893,0.23423544295138565,0.2396762230604939,1.6561221521223006,0.15746788166057762,0.4343858198842752,1.4979425592821136,0.2764048601583178,0.7096199719364056,1.4869794627028883,0.3288631902474798,0.9872207334796407,1.487457689139832,0.3395152777368822,1.1170789615273151,1.4987535752816472,0.3216958627614369,1.1399643039275242,1.5120365160105989,0.35183271590905557,1.1140042923405054,1.4946286201793086,0.3586548477140827,0.06427089534989862,1.5057474718274428,0.2975534209344701,-0.17958698034973536,1.5034644427534332,0.30397714224697503,-0.46403911331518677,1.4924903115703407,0.31106301072021836,-0.5550347766356203,1.4780222182859184,0.27889518747737435,-0.5992605169404781,1.491093203229699,0.33031112173902377,-0.5940179644931993,1.4950289248322683,0.345955336977713,0.1186440677966101
0.3723564290051701,0.9287249184407631,0.28700112534438155,0.37947336465294323,0.48547824936415085,0.33871259435284373,0.3735165265321099,0.04185087221742181,0.3835529054196808,0.34106779760668915,0.011204525993219458,0.1991728629711603,0.3956599969587401,-0.0032263927759633194,0.22704890400741085,0.3408391658118795,-0.036904016453927165,0.4502529385637169,0.1492319298694161,0.935979044011203,0.28319372937636333,0.17454056431320675,0.49354885305159113,0.3487561512829439,0.18299858081453987,0.05248212300771317,0.3849420451439465,0.1713830895920285,0.0021162115233480418,0.2095987035331772,0.1264177803647133,0.02936850893167279,0.22917023361372893,0.2026077566907085,-0.005332428621739955,0.4239818121390825,0.24871603810569212,1.551695745051269,0.29305180846117396,0.2556544234778637,1.802538610000988,0.234224905374027,0.2398843055974286,1.6560899476754447,0.15821778601416653,0.4344095969647042,1.4979062718706015,0.27638360569888165,0.7096136533574664,1.4870003835328214,0.32861720625417096,0.9868159479723677,1.4874887697133057,0.33915222707987985,1.1170812575921831,1.4988127679127732,0.3217676802411964,1.1396486853898693,1.511970962492949,0.3518942207725886,1.1137807259974717,1.4946705521752777,0.35827891787586935,0.06425155906071459,1.5065131588181002,0.2975372601236562,-0.1781696693020602,1.5048869549905786,0.30186881503348695,-0.46319295618329825,1.494797670637878,0.3117466532136009,-0.5552526251855187,1.481636642547441,0.2803782307817517,-0.5980276937208082,1.4927057401598895,0.3290934201910314,-0.5937914193792794,1.4972886633994273,0.34542796175923135,0.135593220338983
0.3719541643015155,0.929267212748957,0.28581966504895745,0.379370094046719,0.48725371912576604,0.33688020203511027,0.37338250705548454,0.04221091438216128,0.3837675883850879,0.34056622066903874,0.012094563349027108,0.19740467555307262,0.3952127597581938,-0.0031230330296848855,0.22677512514169604,0.3408390744659298,-0.037025419473439236,0.45031259506586613,0.14922661082410268,0.9357428690899486,0.28422171806872265,0.17450449853630437,0.49368036202051985,0.3487959095651153,0.18279981461342526,0.05354681665454589,0.38460256429347905,0.17139637494012178,0.0021492022408424113,0.2095264167362161,0.12640809405605297,0.029320740544898062,0.22922724067544226,0.20257986421930504,-0.00529190845057443,0.42413327764098663,0.24871707790021852,1.5516921581298357,0.2930721224653713,0.25568293550882953,1.8025304937647955,0.2342071181240899,0.23984989152166653,1.6560767749400165,0.15834221563563844,0.434412724600318,1.4979137142634629,0.27637691499699746,0.7095635597208176,1.486982266807456,0.3285716128506786,0.9867876694995577,1.487496107779171,0.33911251583844765,1.1171273957869532,1.498844773962992,0.32187486716212677,1.1403267115068536,1.5119906579174183,0.3518892398618213,1.1132759682180404,1.494829957454855,0.35765216044710635,0.0641978489626932,1.5071751916956388,0.2973367387017115,-0.17729062810337065,1.505881039272648,0.30016053115184443,-0.4616394369078949,1.4966933936158453,0.31225313105242475,-0.5551785128829856,1.484611343829387,0.2823907657796565,-0.5963207314677363,1.494087189905559,0.32718538112299833,-0.5925468020394168,1.4996642214105467,0.3440409282349848,0.1525423728813559
0.37126938926968295,0.9300042358125815,0.28382629322030184,0.3792904439660834,0.48945537135879824,0.3339028486730708,0.37318248002584337,0.04279635999500023,0.38414502865415207,0.3399201404504259,0.013233807259627927,0.19512481095507334,0.3945827165406217,-0.002933616538021506,0.22617574261294782,0.34086616208018067,-0.03711705265939348,0.45047641606342026,0.14924850472054363,0.9354037594596539,0.28498346019434806,0.17451040325715816,0.49380595604645083,0.3486878498910182,0.1825935427030946,0.05471095494272074,0.38424063907978556,0.1714062626039004,0.0021473188086758785,0.20947831237687248,0.12638871395166806,0.029283230874784426,0.22926542374794584,0.2025531703145786,-0.005309148912890679,0.4242567579568349,0.24871753344113415,1.5516905388796407,0.29308965418942057,0.25570721964577814,1.8025329069367515,0.23417984980438603,0.2397278224059466,1.6560741577501246,0.15812275648696641,0.4343797947080921,1.497927157101915,0.27632691643592366,0.7094916794686434,1.486949094764515,0.328559361097289,0.9869128576791257,1.4875001527976626,0.3391795395437144,1.117203433283442,1.4989149211191586,0.32199794743624915,1.142036554300812,1.5120977525964694,0.35178069352921093,1.112473055555376,1.4951099513159067,0.3567613519002301,0.0641480413992303,1.5077166073238872,0.29714921678417555,-0.1771465283715053,1.5064721073364427,0.29929079463131836,-0.4597316874309936,1.4982025539542738,0.3124830894622569,-0.5541123633454701,1.4868022089226858,0.2844448044526691,-0.5938848828436754,1.4953026422847022,0.3240392814365414,-0.5900313575666254,1.501954625587544,0.3412926364459664,0.1694915254237288
0.3704231160928912,0.9307509623540763,0.2813381612865144,0.37922915447393984,0.49154657484943837,0.3303502427047206,0.3730283927629379,0.04349025239074182,0.38465662904412373,0.33923005010694773,0.014436128714068148,0.19266815347358265,0.3939368478517139,-0.0027552568809447,0.22545150311244322,0.3409149559886573,-0.03704495047324975,0.4507255166849534,0.14926967687784654,0.935192380399146,0.28529750243425683,0.17453789227481784,0.4938647915523705,0.34849831827111305,0.18241593164603212,0.0558142329138824,0.38390618296581475,0.17141660327588693,0.0022007452795020366,0.2093854020388852,0.1263828626704392,0.029291937826519194,0.2292341664121573,0.20253689151029877,-0.0053484343060576575,0.4243446959779845,0.24871726028196137,1.5516899396588006,0.29310160007034747,0.2557267880471504,1.8025415897726464,0.23414502615682414,0.23963159334486828,1.6560707551942668,0.15789212422025506,0.4343066700270335,1.49793346805839,0.27620097745517286,0.7094165350195865,1.4869150517859906,0.3285160835869749,0.9869753773753256,1.4875088924978108,0.33923004797062783,1.1172399684580092,1.4990592568054577,0.32196720696528514,1.1444175605485511,1.5122710022075745,0.351496336456291,1.111405623134158,1.4953904594020786,0.3555843927218751,0.06410994074798704,1.5080446193660437,0.2970342852930335,-0.17773544906233868,1.5067635985185264,0.29954981270873066,-0.45792554149067866,1.4994855650801795,0.3125698442218471,-0.5523400816238138,1.4884012691420305,0.2863521230325542,-0.5907659835778879,1.4964640529960607,0.3195976010825804,-0.5863883110061672,1.5040264600430502,0.33694412237412963,0.1864406779661017
0.36957195884898714,0.9313624245828335,0.2788782527708731,0.3791454574797302,0.4927263294934675,0.327275457176509,0.37292841610052613,0.04417450604556581,0.3851992121325127,0.3385906213286486,0.01553392070422074,0.19038766809856833,0.39350217273353877,-0.002613862853032011,0.22478437751827898,0.3409758229417466,-0.03673774404997004,0.4510302721100116,0.14926759975774775,0.9352088395865651,0.2850958904032594,0.1744617816346959,0.49370026884236123,0.3485563114438499,0.18229800310835345,0.05669451565658387,0.38364047397724893,0.171483471768345,0.002401189114386783,0.20911094532257826,0.12644809616392227,0.02944531073181373,0.22899534450957412,0.20253608752134117,-0.005383521468448244,0.42440913923382645,0.2487164876912974,1.551690096669739,0.29310654506213635,0.25574423439757216,1.8025498898184005,0.2341073545497203,0.2395961319398429,1.6560618060298136,0.15780561877147395,0.4342359804521222,1.497925026985605,0.27609491281813425,0.7093541551351892,1.4868852406524962,0.32845126825961085,0.9868941954277997,1.487522987165601,0.3392306196192644,1.1171489535604828,1.4992359663773718,0.32161096473711276,1.1469419143715651,1.512459467857979,0.35102132302220446,1.1101601052089962,1.495471489474024,0.3541293167485991,0.06404899001889794,1.5080908032894516,0.29693617573520564,-0.17863270884962587,1.5069880643247877,0.30029704681178465,-0.45652395768514664,1.5006413384116768,0.3126767765892031,-0.5506048834626834,1.4896591390712277,0.287868706526631,-0.5875509461134714,1.4975221537816683,0.31474029659385117,-0.5823084505528874,1.5057291179083632,0.3315796460687592,0.2033898305084746
0.36888546843852127,0.9316937717336187,0.2769511738913817,0.37900611792378214,0.4924020057633956,0.3258685281037027,0.37286043596194085,0.04473592801048565,0.3856571855590738,0.33808979368148284,0.016378621128152963,0.18862212071376924,0.39338534253184176,-0.002533939048165606,0.22432094187123972,0.3410366371950544,-0.0362366021414891,0.4513439725968395,0.14924314324200447,0.9353641211396891,0.2844894263023302,0.17417025155620894,0.4932414299247787,0.34919533093439015,0.1822581901278625,0.057212129383907975,0.3834848897993685,0.17165928124640656,0.002817277679229461,0.20854284698691308,0.12663229446443108,0.02982446071877689,0.22843625350532262,0.20255118758492863,-0.005405682946864651,0.42446001159718744,0.24871594590960563,1.5516912934777345,0.293103682724584,0.2557628047014088,1.8025524917881242,0.23407137423979196,0.23959924557092385,1.6560500215927294,0.15782688048359875,0.43426660091637936,1.4978850273176183,0.27625945044607003,0.7093174934028061,1.4868605514136344,0.32839130211575973,0.9867588673444957,1.4875395780757252,0.3392020714880026,1.1169497888146294,1.4993068685442617,0.321088200346529,1.1491518813563713,1.5125651520125882,0.3505907046303702,1.1089314100211234,1.4952007659327617,0.35251729112733776,0.06392422730601363,1.507904700734364,0.29677280140822854,-0.17915229187215034,1.5074233379695818,0.3002919668448665,-0.45561734745883975,1.5016503433914983,0.3127154338363187,-0.5493051441431319,1.4906345002289456,0.2884080382247899,-0.5850593498581389,1.4983449905212687,0.3107304370133162,-0.5788951899012866,1.5069193191937202,0.326781855169228,0.2203389830508474
0.36849320175906136,0.9316672060532748,0.2758726947027935,0.3788887725262499,0.4907923817914307,0.32654827142298104,0.3728168876337972,0.04508071789235638,0.3859439194677248,0.33779703072410755,0.016861303309938132,0.18761951931931353,0.39348702393240553,-0.0025420630593889215,0.22412819696442046,0.3410795399923001,-0.0356958280658662,0.4515823266904757,0.1492107786380666,0.935504477744119,0.28378245417117076,0.17371470154508287,0.49268155168556116,0.35035941774581864,0.18228742417358013,0.057343055542182365,0.38344718065127964,0.17187278196432787,0.003285575442804795,0.2079124636803805,0.12685645868762468,0.03027071282984486,0.22778799237730957,0.20257781300552694,-0.005415774446670869,0.42449673778727265,0.24871633570820734,1.551693371290349,0.2930950946883463,0.2557823981891696,1.8025480163039846,0.23404054819052433,0.23961278668666736,1.6560397714636619,0.15787452651233416,0.434445256017533,1.497809592422331,0.27681019175974103,0.7093138678726623,1.4868425216741141,0.32834868399261274,0.986741263851842,1.4875567045418272,0.33918751854732965,1.1168873838761149,1.4991200455865648,0.3210385894548904,1.1507991299498204,1.5124822777926559,0.35064493435333555,1.1080824957935531,1.4945595108700807,0.35110588536014176,0.06378232749683352,1.5076663864645559,0.2965775852698177,-0.1787901569037994,1.5081941817788445,0.29881276625688863,-0.45522362935676935,1.5024613747468694,0.312615884442753,-0.548599439380139,1.4913234729247973,0.2876353070341854,-0.5838054975444078,1.4989122796691237,0.3083385716373953,-0.5770889046313057,1.5076455938579771,0.32406729564986403,0.2372881355932203
0.3683501078055451,0.9317170805747835,0.27548604975701724,0.37906917555315,0.49079401235125525,0.3264451584688122,0.37280009500968375,0.045196722568525,0.38603968353141904,0.33778118446661537,0.0168664338458868,0.1875780240241346,0.3936395579899961,-0.002658871064822505,0.22422500380773597,0.3410799091224565,-0.035649371489569766,0.45159236559536853,0.14920127001808772,0.9355283879763393,0.28364944699761474,0.17364287665842207,0.4927619207881878,0.35062691966092546,0.18228467057372919,0.05743655227428894,0.3834228159380589,0.17195188943026152,0.0034478163725245835,0.20774092397330488,0.1269410188685283,0.030437150878656147,0.22755120820029334,0.20258721575174887,-0.005418142965061254,0.4245002166019714,0.24871704265781325,1.5516956208079484,0.2930842115619555,0.25579795368687736,1.802536548242131,0.23401923202635894,0.23962619998671525,1.6560335372157895,0.15790555786349117,0.4346267999248432,1.4977411610973612,0.277357931328185,0.7093448289539614,1.4868333260826203,0.3283126605331941,0.9868645850942724,1.487574916059687,0.3392014042729745,1.11716673310049,1.4987262313712137,0.32176835040568486,1.1517115779439902,1.5121989524542148,0.35119621033661585,1.1079075462811707,1.4935961587829718,0.3503509608777,0.06374992829124508,1.5075673860348773,0.29649814649742395,-0.17759779604447362,1.5092514395938421,0.2964749022942945,-0.455468192892358,1.5031329513787839,0.3126722224023809,-0.5484630197841331,1.4919191541626717,0.28505331555310326,-0.5832823962956849,1.4994192572065046,0.306503538765781,-0.5768981174529542,1.5080954136060476,0.322873716904972,0.2542372881355932
0.3682095639285001,0.9317191796135141,0.2751366226676607,0.379597322511983,0.4907848078111545,0.3267576645684733,0.37278183218499217,0.04530877952130403,0.3861359049881442,0.3378365292633243,0.016767313384627086,0.18780736391869413,0.3937664052825317,-0.002729733966959389,0.22435786726030613,0.34106058176054377,-0.035667366582092803,0.45151458922402915,0.14918274012256735,0.9355532584436906,0.2834719080829738,0.17353036547996975,0.49309823840681083,0.3511765421349178,0.18229631875978108,0.057490347766082306,0.3834160193338209,0.1716670786719778,0.0028603664501296207,0.20862620722611658,0.12665839566889522,0.029892117174927825,0.2283384667010397,0.20260905524999873,-0.005417441336840367,0.4244910183257137,0.24871951624068225,1.551697337486099,0.2930762099748523,0.25581177677452405,1.8025251287443567,0.23400397176120796,0.23964073010049505,1.656030132370707,0.15792978824877857,0.4347769394717032,1.497686768784342,0.2778084751775224,0.7093932790661075,1.4868344703276928,0.3282851576815519,0.9873051185739063,1.4876016864744523,0.3392921734303293,1.1182578610129827,1.4979826768658275,0.3243749737232227,1.1524811593053221,1.5117337102597892,0.35279784220604876,1.108654230747516,1.4926091063822062,0.35057588917888227,0.06398555905258826,1.507711445680514,0.29673804495485734,-0.17580493495851432,1.5103131557379446,0.2934555498317076,-0.4562358675319263,1.5034871225061577,0.31338483388365135,-0.5497659351973713,1.492457535718808,0.28358169079677914,-0.5841403225190914,1.4996868049099064,0.306959306957146,-0.5781602529336396,1.5086694152546232,0.323807544345016,0.2711864406779661
0.3682632120914349,0.9315910786465386,0.27535234598123126,0.3803485906775232,0.4907589823914027,0.3277618133454645,0.3727839992583445,0.04526089994135583,0.3861050508839827,0.33789877399260065,0.016685755037851926,0.1880874299003871,0.393795462969445,-0.002692747230179468,0.22443299665141053,0.34101450023566077,-0.035833239334748676,0.451306340611187,0.14916486001962886,0.9355475289149335,0.28341233641162655,0.17345937242800819,0.4936686619099409,0.3517456561339464,0.18233084079350328,0.05736654596133478,0.3834651331591861,0.17085396460408486,0.0011949143022101684,0.21102103322006782,0.12584276031628847,0.028317627737822565,0.23060395100731054,0.20263494008932156,-0.005409488155265915,0.4244602788419134,0.2487244103619937,1.5516979647068005,0.2930744639424094,0.25582391037678387,1.8025165778527792,0.23399486965511254,0.23965407441136558,1.6560298285907045,0.1579415515801095,0.4348516290603432,1.4976591798646943,0.27804042387279376,0.7094532887217938,1.4868476971958609,0.32826609627577097,0.9881742209892534,1.4876403331032186,0.3394905582701669,1.1204755575246272,1.4968065903153578,0.3295630539394878,1.1532893633447157,1.5110729215946326,0.3557911590061512,1.1105780740966646,1.491743967161001,0.35210648885320806,0.0646044322193932,1.5082212238462611,0.29743712611583595,-0.17342909861838166,1.5112725581037383,0.28980960675438033,-0.45752515726013415,1.5034512027527576,0.3150515418063406,-0.5529674001443896,1.493014093477201,0.2844423627405339,-0.5866744447139686,1.499668388349322,0.31043706342199684,-0.5809703599656548,1.509594184890642,0.32727080056712043,0.288135593220339
0.36851105229434944,0.9313327776738577,0.2761332196977291,0.38132298004977044,0.4907165360919994,0.3294576047997858,0.37280659622974077,0.0450530838286802,0.38594712121893476,0.3379036275328115,0.01674357191725004,0.18819811286660867,0.39365462821016955,-0.002486006318866217,0.22435660131032908,0.34094166454780755,-0.03614698974753825,0.45096761975684224,0.14914762970927226,0.9355111993900678,0.283470731983573,0.17342989750253734,0.49447319129757783,0.3523342616580115,0.1823882366748958,0.05706514686004661,0.38357015741415446,0.16934816214119122,-0.0018768514446492988,0.2153781217364108,0.12432828403827144,0.025395698586498778,0.23480184424686787,0.20266487026971733,-0.005394283420338351,0.42440799815057034,0.2487323789269276,1.5516969458520529,0.29308234747999967,0.25583439741833175,1.8025137156095157,0.23399202796811402,0.23966393030268612,1.6560328975380723,0.15793518176939694,0.43480682309299445,1.4976711587198372,0.2779323779790398,0.7095189284337158,1.4868747494736523,0.3282553971539363,0.9895832490388261,1.4876941732630804,0.3398272910432606,1.1241346125464597,1.4951151799647557,0.3380371855864648,1.1543176793730716,1.5102029568439979,0.3605174897814405,1.1139346012326947,1.4911463546125736,0.35526857849019705,0.06572176023019023,1.5092193789769115,0.29873523545407815,-0.17048781199653618,1.5120228745838087,0.2855919709475658,-0.45933456606164247,1.5029525067423504,0.3179701690902256,-0.5585266291497256,1.4936643033218444,0.2888572613596885,-0.5911799313796589,1.499317473094742,0.31766799537084034,-0.5854234874412945,1.5110963086010405,0.3336655081684099,0.3050847457627119
0.36895308453724374,0.9309442766954708,0.27747924381715394,0.3825204906287248,0.4906574689129449,0.3318450389314372,0.3728496230991809,0.04468533118327735,0.38566211599300015,0.3377867987623239,0.01706257713450947,0.18791930371475385,0.3932717981641388,-0.002047606697404881,0.22403489056634143,0.3408420746969841,-0.03660861782046065,0.45049842666099477,0.14913104919149756,0.9354442698690937,0.2836470947988131,0.17344194070355726,0.4955118265697214,0.35294235870711305,0.18246850640395862,0.05658615046221756,0.3837310920987259,0.1669852861979054,-0.006683242163864324,0.22215019255639787,0.12194913806240743,0.020808345740114236,0.24138632954747363,0.20269884579118605,-0.005371827132058114,0.4243341762516848,0.248744075840664,1.5516937243038549,0.29310323460299603,0.2558432808238425,1.802519362056684,0.23399554896025376,0.239667995157816,1.6560396108750992,0.15790501272855406,0.43459847597188817,1.4977354697311915,0.27736293806130113,0.7095842687145685,1.486917369947596,0.32825298115413315,0.9916435594211364,1.487766524271131,0.34033310400038375,1.129549815989516,1.4928256540589706,0.3505019631961378,1.1557475967012916,1.5091101863931378,0.367318163576434,1.1189793370596837,1.4909618822301407,0.36038797667936906,0.06745275552350966,1.5108285695172592,0.30077221844330226,-0.16699860006543849,1.512457333070741,0.28085754029651666,-0.46166259792111214,1.501918349098702,0.322438538655083,-0.5669028367379166,1.4944836411367324,0.29804831662956394,-0.5979519510155046,1.498587524716157,0.32938329001418337,-0.5916146842528527,1.5134023724727566,0.34339368974600915,0.3220338983050847
