,pcnfolder,mean_marker_error_RMS,sd_marker_error_RMS,mean_marker_error_max,sd_marker_error_max
1,10_1_12_p1,0.041,0.011,0.102,0.049
4,10_1_15_p1,0.047,0.022,0.102,0.062
7,10_1_20_p0,0.087,0.028,0.218,0.067
9,10_1_22_p0,0.041,0.009,0.092,0.031
10,10_1_23_p0,0.047,0.015,0.109,0.049
21,10_1_35_p1,0.041,0.008,0.096,0.032
32,10_1_49_p1,0.042,0.009,0.081,0.017
34,10_1_50_p1,0.046,0.021,0.092,0.031
35,10_1_51_p1,0.042,0.006,0.082,0.01
39,10_1_6_p0,0.042,0.016,0.096,0.052
50,10_2_11_p0,0.05,0.013,0.126,0.036
55,10_2_16_p0,0.041,0.023,0.095,0.062
66,10_2_31_p1,0.052,0.018,0.126,0.065
67,10_2_32_p1,0.043,0.013,0.105,0.055
69,10_2_34_p1,0.045,0.021,0.095,0.066
72,10_2_39_p0,0.062,0.041,0.14,0.109
75,10_2_41_p0,0.049,0.011,0.117,0.049
76,10_2_42_p0,0.041,0.019,0.091,0.059
80,10_2_46_p0,0.042,0.006,0.094,0.033
81,10_2_47_p0,0.071,0.035,0.149,0.084
83,10_2_50_p1,0.043,0.027,0.109,0.11
90,10_2_57_p1,0.06,0.025,0.137,0.067
93,10_2_5_p0,0.056,0.023,0.123,0.064
100,10_2_6_p0,0.049,0.017,0.113,0.053
118,10_2_91_p1,0.055,0.028,0.109,0.067
119,10_2_92_p1,0.059,0.032,0.114,0.067
124,10_2_97_p1,0.058,0.024,0.146,0.084
125,10_2_98_p1,0.055,0.033,0.103,0.058
152,11_1_3_p0,0.065,0.018,0.159,0.051
167,11_1_6_p0,0.043,0.005,0.104,0.019
168,11_1_7_p0,0.058,0.024,0.131,0.071
169,11_1_8_p0,0.049,0.025,0.097,0.047
172,11_2_100_p1,0.042,0.015,0.111,0.054
214,11_2_47_p0,0.041,0.027,0.105,0.12
215,11_2_48_p0,0.043,0.033,0.099,0.106
249,11_2_86_p0,0.081,0.054,0.142,0.09
264,12_1_16_p1,0.051,0.033,0.122,0.096
316,12_2_12_p0,0.043,0.026,0.091,0.055
318,12_2_14_p0,0.057,0.031,0.132,0.075
319,12_2_15_p0,0.066,0.036,0.142,0.078
328,12_2_27_p1,0.041,0.011,0.081,0.028
332,12_2_31_p1,0.047,0.022,0.115,0.084
333,12_2_32_p1,0.041,0.007,0.089,0.027
334,12_2_33_p1,0.058,0.041,0.172,0.16
381,12_2_88_p0,0.053,0.008,0.118,0.034
382,12_2_89_p0,0.057,0.028,0.128,0.075
391,12_2_97_p0,0.046,0.012,0.104,0.035
404,13_1_23_p0,0.041,0.027,0.084,0.048
414,13_1_34_p1,0.041,0.018,0.085,0.055
416,13_1_38_p0,0.053,0.034,0.12,0.089
423,13_1_44_p0,0.062,0.02,0.148,0.066
426,13_1_49_p1,0.042,0.014,0.093,0.057
428,13_1_50_p1,0.057,0.025,0.144,0.078
429,13_1_51_p1,0.049,0.011,0.107,0.033
430,13_1_52_p1,0.045,0.021,0.114,0.066
431,13_1_53_p1,0.051,0.019,0.115,0.056
444,13_2_106_p1,0.069,0.037,0.152,0.092
445,13_2_107_p1,0.069,0.032,0.147,0.058
481,13_2_53_p0,0.048,0.024,0.138,0.094
484,13_2_56_p0,0.05,0.028,0.114,0.069
491,13_2_66_p1,0.041,0.007,0.085,0.021
498,13_2_72_p1,0.053,0.019,0.113,0.068
499,13_2_73_p1,0.053,0.02,0.111,0.062
500,13_2_74_p1,0.045,0.017,0.114,0.052
513,13_2_90_p0,0.049,0.019,0.107,0.051
515,13_2_92_p0,0.056,0.026,0.131,0.066
518,13_2_97_p1,0.041,0.022,0.097,0.059
545,14_1_39_p0,0.054,0.027,0.132,0.094
554,14_1_49_p1,0.042,0.017,0.105,0.048
560,14_1_5_p0,0.044,0.02,0.095,0.053
573,14_2_11_p0,0.048,0.017,0.103,0.047
574,14_2_12_p0,0.048,0.014,0.111,0.049
618,14_2_6_p0,0.063,0.025,0.123,0.049
649,15_1_12_p1,0.062,0.036,0.142,0.095
652,15_1_15_p1,0.07,0.026,0.162,0.065
654,15_1_17_p1,0.067,0.03,0.147,0.071
678,15_1_47_p1,0.059,0.029,0.135,0.079
679,15_1_48_p1,0.05,0.026,0.095,0.048
692,15_2_100_p1,0.049,0.012,0.124,0.038
693,15_2_101_p1,0.069,0.02,0.164,0.07
695,15_2_103_p1,0.071,0.065,0.175,0.205
696,15_2_104_p1,0.056,0.013,0.145,0.044
697,15_2_10_p0,0.051,0.012,0.119,0.029
703,15_2_20_p1,0.059,0.01,0.134,0.03
705,15_2_22_p1,0.055,0.031,0.122,0.085
706,15_2_23_p1,0.058,0.048,0.153,0.178
707,15_2_24_p1,0.043,0.016,0.094,0.049
709,15_2_26_p1,0.068,0.036,0.149,0.081
710,15_2_27_p1,0.044,0.037,0.09,0.077
711,15_2_28_p1,0.043,0.047,0.094,0.123
714,15_2_30_p1,0.064,0.04,0.137,0.079
726,15_2_47_p0,0.047,0.017,0.112,0.05
739,15_2_62_p1,0.043,0.008,0.109,0.033
740,15_2_63_p1,0.048,0.015,0.119,0.048
747,15_2_6_p0,0.042,0.028,0.097,0.073
753,15_2_79_p0,0.053,0.028,0.135,0.086
770,15_2_96_p1,0.053,0.027,0.118,0.056
772,15_2_98_p1,0.056,0.01,0.149,0.035
773,15_2_99_p1,0.062,0.02,0.169,0.069
840,16_2_19_p1,0.045,0.008,0.098,0.024
845,16_2_24_p1,0.061,0.038,0.144,0.099
846,16_2_25_p1,0.052,0.012,0.095,0.027
861,16_2_45_p0,0.047,0.026,0.103,0.067
870,16_2_56_p1,0.044,0.009,0.1,0.032
874,16_2_5_p0,0.047,0.014,0.107,0.04
876,16_2_61_p1,0.056,0.013,0.114,0.023
877,16_2_62_p1,0.044,0.015,0.111,0.052
878,16_2_63_p1,0.06,0.031,0.127,0.056
931,17_1_39_p0,0.044,0.018,0.105,0.053
935,17_1_42_p0,0.043,0.006,0.088,0.018
937,17_1_44_p0,0.077,0.038,0.175,0.093
947,17_1_6_p0,0.047,0.017,0.105,0.041
1035,17_2_94_p0,0.043,0.022,0.101,0.066
1040,17_2_99_p0,0.058,0.031,0.131,0.077
1053,18_1_24_p0,0.055,0.022,0.155,0.085
1065,18_1_39_p0,0.051,0.021,0.124,0.054
1067,18_1_40_p0,0.044,0.031,0.089,0.055
1073,18_1_48_p1,0.044,0.013,0.094,0.038
1091,18_2_15_p0,0.049,0.033,0.096,0.06
1103,18_2_31_p1,0.063,0.028,0.141,0.065
1106,18_2_4_p0,0.056,0.01,0.149,0.031
1107,18_2_5_p0,0.041,0.023,0.091,0.06
1108,18_2_6_p0,0.043,0.018,0.101,0.061
1110,18_2_8_p0,0.043,0.019,0.097,0.051
1111,18_2_9_p0,0.051,0.021,0.112,0.06
1124,18_2_rein_44_p0,0.043,0.013,0.089,0.041
1147,18_2_rein_72_p1,0.043,0.02,0.1,0.064
1153,18_2_rein_80_p0,0.049,0.017,0.109,0.047
1157,18_2_rein_84_p0,0.064,0.031,0.147,0.081
1158,18_2_rein_85_p0,0.057,0.026,0.117,0.072
1162,18_2_rein_89_p0,0.045,0.015,0.09,0.038
1178,19_1_21_p0,0.055,0.026,0.126,0.076
1192,19_1_38_p0,0.059,0.021,0.147,0.058
1247,19_2_47_p0,0.043,0.005,0.082,0.012
1249,19_2_49_p0,0.05,0.018,0.117,0.054
1254,19_2_54_p0,0.057,0.021,0.126,0.066
1258,19_2_63_p1,0.055,0.028,0.142,0.09
1261,19_2_66_p1,0.044,0.019,0.104,0.062
1263,19_2_68_p1,0.071,0.032,0.188,0.099
1279,19_2_85_p0,0.051,0.023,0.117,0.111
1280,19_2_86_p0,0.057,0.048,0.145,0.189
1284,19_2_8_p0,0.041,0.013,0.092,0.038
1291,19_2_98_p1,0.049,0.009,0.118,0.024
1302,1_1_21_p0,0.046,0.021,0.097,0.058
1307,1_1_26_p0,0.042,0.026,0.083,0.066
1378,1_2_rein_100_p0,0.042,0.004,0.1,0.017
1379,1_2_rein_101_p0,0.042,0.005,0.093,0.021
1380,1_2_rein_102_p0,0.045,0.008,0.1,0.026
1386,1_2_rein_112_p1,0.043,0.008,0.111,0.037
1395,1_2_rein_121_p1,0.048,0.026,0.11,0.068
1406,1_2_rein_60_p0,0.066,0.027,0.164,0.079
1407,1_2_rein_61_p0,0.052,0.027,0.12,0.067
1409,1_2_rein_63_p0,0.05,0.016,0.119,0.047
1410,1_2_rein_64_p0,0.051,0.013,0.12,0.04
1414,1_2_rein_68_p0,0.064,0.039,0.136,0.102
1419,1_2_rein_79_p1,0.041,0.009,0.081,0.017
1436,1_2_rein_99_p0,0.06,0.026,0.15,0.09
1464,20_1_42_p0,0.043,0.016,0.099,0.05
1465,20_1_43_p0,0.056,0.029,0.123,0.071
1472,20_1_51_p1,0.044,0.026,0.105,0.082
1491,20_2_11_p0,0.054,0.033,0.117,0.059
1524,20_2_48_p0,0.056,0.023,0.12,0.046
1525,20_2_49_p0,0.058,0.036,0.137,0.097
1527,20_2_50_p0,0.053,0.029,0.124,0.082
1543,20_2_69_p1,0.042,0.02,0.103,0.062
1556,20_2_84_p0,0.044,0.019,0.096,0.044
1557,20_2_85_p0,0.048,0.015,0.107,0.048
1563,20_2_90_p0,0.044,0.012,0.102,0.032
1566,20_2_96_p1,0.049,0.028,0.107,0.074
1569,20_2_99_p1,0.043,0.026,0.093,0.063
1570,20_2_9_p0,0.046,0.014,0.104,0.043
1587,21_1_30_p1,0.072,0.037,0.153,0.08
1608,21_1_53_p1,0.046,0.018,0.105,0.049
1622,22_1_20_p0,0.051,0.027,0.115,0.07
1649,22_1_50_p1,0.054,0.02,0.111,0.051
1671,22_2_111_p1,0.048,0.012,0.106,0.04
1680,22_2_22_p1,0.058,0.013,0.122,0.042
1690,22_2_32_p1,0.045,0.019,0.11,0.063
1761,23_1_2_p0,0.048,0.033,0.089,0.058
1768,23_1_38_p0,0.047,0.021,0.107,0.057
1772,23_1_41_p0,0.043,0.015,0.106,0.057
1775,23_1_44_p0,0.046,0.033,0.105,0.097
1777,23_1_48_p1,0.041,0.019,0.084,0.042
1787,23_1_8_p0,0.053,0.033,0.115,0.078
1793,24_1_14_p1,0.044,0.005,0.086,0.021
1794,24_1_15_p1,0.066,0.089,0.192,0.353
1795,24_1_16_p1,0.054,0.063,0.147,0.25
1817,24_1_42_p0,0.042,0.015,0.095,0.048
1839,24_2_105_p0,0.044,0.008,0.087,0.03
1842,24_2_110_p1,0.049,0.038,0.093,0.063
1843,24_2_111_p1,0.041,0.01,0.084,0.022
1845,24_2_113_p1,0.048,0.017,0.1,0.04
1846,24_2_114_p1,0.05,0.025,0.094,0.048
1864,24_2_21_p0,0.056,0.005,0.098,0.008
1866,24_2_27_p1,0.057,0.007,0.131,0.021
1871,24_2_32_p1,0.065,0.03,0.166,0.111
1906,24_2_73_p1,0.076,0.025,0.185,0.071
1909,24_2_76_p1,0.048,0.024,0.106,0.061
1910,24_2_77_p1,0.05,0.019,0.103,0.051
1931,26_1_11_p1,0.054,0.017,0.142,0.057
1932,26_1_12_p1,0.048,0.028,0.114,0.095
1937,26_1_17_p1,0.041,0.016,0.1,0.075
1952,26_1_35_p1,0.06,0.019,0.154,0.063
1961,26_1_47_p1,0.041,0.006,0.1,0.02
1962,26_1_48_p1,0.043,0.013,0.115,0.054
1963,26_1_49_p1,0.044,0.008,0.099,0.022
1964,26_1_4_p0,0.044,0.033,0.086,0.059
1965,26_1_50_p1,0.041,0.008,0.109,0.028
1966,26_1_51_p1,0.042,0.006,0.103,0.021
1968,26_1_53_p1,0.059,0.01,0.171,0.035
1969,26_1_5_p0,0.07,0.039,0.191,0.143
1971,26_1_7_p0,0.045,0.013,0.108,0.044
1978,26_2_106_p1,0.06,0.023,0.153,0.063
1983,26_2_110_p1,0.042,0.016,0.097,0.052
1984,26_2_111_p1,0.05,0.015,0.132,0.052
1997,26_2_19_p0,0.053,0.021,0.131,0.067
1998,26_2_20_p0,0.056,0.02,0.139,0.073
2002,26_2_29_p1,0.07,0.021,0.195,0.073
2004,26_2_31_p1,0.043,0.007,0.119,0.03
2006,26_2_33_p1,0.05,0.009,0.134,0.032
2015,26_2_45_p0,0.055,0.027,0.129,0.066
2024,26_2_54_p0,0.062,0.034,0.146,0.093
2025,26_2_55_p0,0.062,0.036,0.153,0.08
2031,26_2_61_p0,0.054,0.023,0.112,0.044
2033,26_2_66_p1,0.048,0.017,0.114,0.06
2036,26_2_69_p1,0.092,0.031,0.209,0.074
2049,26_2_84_p0,0.057,0.015,0.137,0.039
2050,26_2_85_p0,0.053,0.018,0.128,0.051
2051,26_2_86_p0,0.065,0.023,0.161,0.068
2053,26_2_88_p0,0.041,0.021,0.091,0.058
2056,26_2_90_p0,0.049,0.031,0.111,0.083
2058,26_2_92_p0,0.063,0.039,0.139,0.098
2060,26_2_94_p0,0.09,0.049,0.206,0.125
2073,27_1_20_p0,0.044,0.026,0.095,0.073
2075,27_1_22_p0,0.043,0.018,0.1,0.054
2086,27_1_34_p1,0.041,0.019,0.113,0.087
2105,27_1_6_p0,0.046,0.024,0.112,0.067
2121,27_2_20_p1,0.049,0.014,0.112,0.037
2128,27_2_27_p1,0.057,0.024,0.151,0.079
2129,27_2_28_p1,0.052,0.031,0.108,0.063
2138,27_2_39_p0,0.099,0.032,0.236,0.079
2139,27_2_3_p0,0.042,0.018,0.092,0.039
2149,27_2_52_p1,0.042,0.01,0.095,0.03
2150,27_2_53_p1,0.042,0.015,0.09,0.042
2152,27_2_55_p1,0.048,0.012,0.124,0.035
2166,27_2_71_p0,0.053,0.019,0.115,0.05
2176,27_2_80_p0,0.066,0.019,0.14,0.037
2177,27_2_81_p0,0.054,0.011,0.138,0.035
2204,28_1_25_p0,0.041,0.049,0.121,0.248
2211,28_1_33_p1,0.043,0.005,0.099,0.02
2215,28_1_39_p0,0.042,0.026,0.096,0.077
2219,28_1_42_p0,0.057,0.019,0.144,0.068
2241,28_2_19_p1,0.046,0.01,0.094,0.02
2253,28_2_34_p0,0.048,0.015,0.129,0.064
2255,28_2_36_p0,0.054,0.006,0.106,0.021
2290,28_2_78_p0,0.045,0.019,0.111,0.053
2291,28_2_79_p0,0.051,0.024,0.112,0.052
2293,28_2_80_p0,0.041,0.021,0.092,0.06
2303,28_2_92_p1,0.064,0.034,0.129,0.062
2324,29_1_25_p0,0.045,0.009,0.101,0.032
2326,29_1_29_p1,0.044,0.027,0.09,0.065
2337,29_1_40_p0,0.041,0.035,0.093,0.099
2344,29_1_49_p1,0.043,0.016,0.095,0.05
2361,29_2_19_p1,0.051,0.02,0.12,0.067
2362,29_2_20_p1,0.044,0.021,0.099,0.066
2410,29_2_75_p0,0.07,0.026,0.146,0.054
2420,29_2_84_p0,0.051,0.044,0.13,0.144
2422,29_2_88_p1,0.048,0.013,0.111,0.043
2437,2_1_12_p1,0.043,0.007,0.088,0.019
2438,2_1_13_p1,0.041,0.006,0.1,0.021
2439,2_1_14_p1,0.042,0.004,0.082,0.01
2441,2_1_16_p1,0.047,0.014,0.104,0.046
2482,2_2_102_p1,0.049,0.02,0.122,0.06
2483,2_2_103_p1,0.054,0.02,0.147,0.08
2484,2_2_104_p1,0.041,0.003,0.095,0.013
2499,2_2_25_p1,0.047,0.007,0.105,0.026
2504,2_2_30_p1,0.052,0.01,0.122,0.031
2557,2_2_95_p1,0.047,0.018,0.102,0.054
2559,2_2_97_p1,0.073,0.03,0.149,0.069
2560,2_2_98_p1,0.046,0.011,0.116,0.035
2561,2_2_99_p1,0.05,0.019,0.12,0.059
2571,30_1_21_p0,0.042,0.016,0.109,0.07
2575,30_1_25_p0,0.079,0.033,0.196,0.092
2582,30_1_33_p1,0.045,0.03,0.1,0.078
2586,30_1_39_p0,0.059,0.025,0.149,0.081
2610,30_2_103_p1,0.041,0.016,0.092,0.046
2646,30_2_46_p0,0.059,0.102,0.212,0.525
2647,30_2_47_p0,0.05,0.016,0.128,0.045
2657,30_2_63_p1,0.07,0.027,0.144,0.054
2659,30_2_65_p1,0.06,0.035,0.12,0.069
2669,30_2_74_p1,0.059,0.033,0.133,0.082
2671,30_2_76_p1,0.044,0.012,0.1,0.041
2672,30_2_77_p1,0.071,0.032,0.151,0.062
2673,30_2_78_p1,0.043,0.01,0.1,0.036
2686,30_2_91_p0,0.041,0.024,0.098,0.09
2690,30_2_97_p1,0.05,0.013,0.126,0.04
2691,30_2_98_p1,0.043,0.015,0.098,0.046
2697,31_1_14_p1,0.043,0.01,0.107,0.055
2701,31_1_20_p0,0.042,0.02,0.089,0.049
2721,31_1_42_p0,0.049,0.008,0.122,0.036
2723,31_1_44_p0,0.058,0.018,0.144,0.046
2754,31_2_rein_100_p1,0.049,0.027,0.114,0.057
2761,31_2_rein_107_p1,0.058,0.029,0.146,0.088
2773,31_2_rein_32_p1,0.042,0.018,0.113,0.085
2896,32_2_30_p1,0.043,0.019,0.105,0.068
2919,32_2_58_p1,0.044,0.016,0.105,0.047
2920,32_2_59_p1,0.046,0.041,0.116,0.148
2923,32_2_61_p1,0.047,0.038,0.101,0.086
2977,33_1_35_p1,0.043,0.02,0.097,0.065
2992,33_1_52_p1,0.06,0.012,0.119,0.026
3006,33_2_106_p1,0.056,0.025,0.136,0.063
3007,33_2_107_p1,0.046,0.018,0.111,0.079
3010,33_2_11_p0,0.051,0.027,0.118,0.076
3013,33_2_14_p0,0.041,0.015,0.108,0.07
3014,33_2_15_p0,0.046,0.016,0.106,0.053
3017,33_2_18_p0,0.048,0.02,0.109,0.06
3018,33_2_23_p1,0.044,0.017,0.093,0.041
3019,33_2_24_p1,0.046,0.028,0.108,0.086
3021,33_2_26_p1,0.043,0.006,0.101,0.029
3050,33_2_63_p1,0.048,0.022,0.129,0.079
3053,33_2_66_p1,0.046,0.02,0.112,0.064
3066,33_2_80_p0,0.045,0.018,0.103,0.047
3067,33_2_81_p0,0.043,0.016,0.094,0.043
3068,33_2_82_p0,0.041,0.007,0.071,0.008
3072,33_2_86_p0,0.042,0.02,0.091,0.052
3076,33_2_8_p0,0.05,0.014,0.105,0.038
3084,33_2_9_p0,0.048,0.019,0.097,0.042
3116,34_1_48_p1,0.049,0.015,0.115,0.042
3119,34_1_50_p1,0.041,0.009,0.102,0.037
3161,34_2_50_p0,0.042,0.026,0.097,0.076
3163,34_2_52_p0,0.043,0.022,0.094,0.049
3166,34_2_55_p0,0.063,0.022,0.163,0.071
3179,34_2_70_p1,0.045,0.012,0.121,0.037
3180,34_2_73_p0,0.041,0.013,0.094,0.04
3181,34_2_74_p0,0.046,0.039,0.12,0.137
3187,34_2_7_p0,0.041,0.018,0.09,0.049
3199,34_2_92_p1,0.077,0.025,0.149,0.04
3218,35_2_16_p0,0.062,0.032,0.154,0.085
3221,35_2_22_p1,0.051,0.014,0.122,0.042
3222,35_2_23_p1,0.054,0.016,0.125,0.045
3231,35_2_32_p1,0.052,0.03,0.12,0.082
3237,35_2_41_p0,0.085,0.03,0.218,0.093
3240,35_2_44_p0,0.047,0.021,0.115,0.052
3242,35_2_46_p0,0.05,0.042,0.097,0.07
3245,35_2_54_p1,0.058,0.023,0.123,0.054
3253,35_2_62_p1,0.075,0.022,0.152,0.043
3293,36_1_5_p0,0.055,0.02,0.128,0.054
3330,36_2_13_p0,0.06,0.032,0.128,0.089
3380,36_2_rein_50_p0,0.046,0.017,0.093,0.041
3392,36_2_rein_62_p0,0.044,0.013,0.091,0.041
3395,36_2_rein_65_p0,0.05,0.027,0.101,0.057
3410,36_2_rein_90_p0,0.069,0.045,0.123,0.073
3411,36_2_rein_91_p0,0.047,0.018,0.111,0.067
3413,36_2_rein_93_p0,0.082,0.027,0.182,0.069
3414,36_2_rein_94_p0,0.051,0.036,0.102,0.061
3419,36_2_rein_99_p0,0.042,0.015,0.087,0.047
3421,37_1_12_p1,0.052,0.037,0.123,0.1
3423,37_1_14_p1,0.054,0.024,0.143,0.086
3426,37_1_17_p1,0.041,0.03,0.1,0.117
3443,37_1_39_p0,0.043,0.013,0.107,0.046
3444,37_1_3_p0,0.041,0.016,0.092,0.049
3448,37_1_43_p0,0.051,0.018,0.144,0.071
3468,37_2_106_p1,0.041,0.01,0.092,0.047
3482,37_2_15_p0,0.043,0.015,0.105,0.049
3486,37_2_19_p0,0.042,0.008,0.101,0.038
3489,37_2_25_p1,0.042,0.012,0.096,0.038
3490,37_2_26_p1,0.059,0.033,0.146,0.093
3494,37_2_30_p1,0.061,0.031,0.138,0.08
3495,37_2_31_p1,0.048,0.014,0.108,0.042
3525,37_2_6_p0,0.043,0.017,0.104,0.051
3539,37_2_82_p1,0.048,0.005,0.11,0.017
3546,37_2_91_p0,0.053,0.018,0.124,0.052
3547,37_2_92_p0,0.049,0.023,0.112,0.06
3555,37_2_9_p0,0.042,0.014,0.09,0.036
3557,38_1_12_p1,0.045,0.018,0.101,0.051
3617,38_2_12_p0,0.045,0.011,0.108,0.037
3628,38_2_23_p0,0.048,0.019,0.115,0.064
3644,38_2_46_p0,0.05,0.026,0.12,0.072
3652,38_2_54_p0,0.048,0.018,0.112,0.049
3657,38_2_62_p1,0.042,0.019,0.092,0.051
3661,38_2_66_p1,0.068,0.024,0.155,0.056
3708,39_1_32_p1,0.045,0.018,0.11,0.061
3736,39_2_102_p1,0.076,0.028,0.197,0.082
3737,39_2_103_p1,0.075,0.021,0.171,0.047
3741,39_2_107_p1,0.05,0.023,0.124,0.06
3748,39_2_113_p1,0.045,0.022,0.096,0.042
3796,39_2_71_p1,0.07,0.025,0.18,0.078
3797,39_2_72_p1,0.056,0.012,0.134,0.047
3798,39_2_73_p1,0.046,0.025,0.108,0.081
3801,39_2_76_p1,0.05,0.035,0.112,0.094
3807,39_2_81_p1,0.055,0.015,0.137,0.054
3809,39_2_88_p0,0.041,0.016,0.104,0.051
3819,39_2_97_p0,0.045,0.019,0.117,0.063
3833,3_1_25_p0,0.041,0.012,0.105,0.053
3840,3_1_33_p1,0.041,0.015,0.094,0.043
3843,3_1_38_p0,0.042,0.01,0.086,0.027
3844,3_1_39_p0,0.042,0.015,0.099,0.053
3846,3_1_40_p0,0.053,0.02,0.132,0.061
3848,3_1_42_p0,0.044,0.012,0.107,0.052
3849,3_1_43_p0,0.045,0.028,0.091,0.057
3857,3_1_52_p1,0.048,0.028,0.117,0.088
3869,3_2_14_p0,0.056,0.027,0.147,0.087
3890,3_2_43_p0,0.046,0.012,0.102,0.046
3891,3_2_44_p0,0.053,0.027,0.11,0.052
3892,3_2_45_p0,0.049,0.022,0.111,0.057
3893,3_2_46_p0,0.043,0.02,0.104,0.047
3896,3_2_49_p0,0.048,0.018,0.1,0.038
3901,3_2_53_p0,0.044,0.021,0.101,0.053
3903,3_2_58_p1,0.045,0.021,0.102,0.058
3911,3_2_65_p1,0.045,0.019,0.107,0.051
3913,3_2_67_p1,0.042,0.008,0.088,0.029
3915,3_2_71_p0,0.079,0.041,0.167,0.087
3917,3_2_73_p0,0.044,0.015,0.119,0.055
3918,3_2_74_p0,0.082,0.028,0.201,0.079
3919,3_2_75_p0,0.053,0.025,0.12,0.069
3920,3_2_76_p0,0.048,0.022,0.113,0.072
3923,3_2_79_p0,0.044,0.012,0.106,0.045
3925,3_2_80_p0,0.059,0.017,0.136,0.028
3935,3_2_92_p1,0.046,0.021,0.112,0.064
3936,3_2_93_p1,0.055,0.016,0.143,0.044
3938,3_2_9_p0,0.043,0.026,0.096,0.061
3945,40_1_17_p1,0.115,0.284,0.339,0.901
3949,40_1_23_p0,0.064,0.033,0.156,0.096
3953,40_1_29_p1,0.041,0.007,0.081,0.023
3963,40_1_3_p0,0.041,0.005,0.078,0.012
3986,40_2_103_p1,0.061,0.029,0.156,0.087
3988,40_2_105_p1,0.043,0.034,0.096,0.094
3995,40_2_12_p0,0.046,0.024,0.095,0.041
3996,40_2_13_p0,0.041,0.021,0.093,0.069
3998,40_2_15_p0,0.045,0.018,0.105,0.061
4013,40_2_34_p1,0.043,0.015,0.105,0.057
4016,40_2_37_p1,0.049,0.016,0.109,0.05
4023,40_2_46_p0,0.041,0.008,0.081,0.019
4032,40_2_54_p0,0.051,0.02,0.111,0.059
4060,40_2_88_p0,0.041,0.015,0.085,0.032
4081,41_1_25_p0,0.041,0.022,0.08,0.044
4163,41_2_6_p0,0.041,0.011,0.103,0.036
4181,41_2_89_p1,0.046,0.025,0.103,0.066
4183,41_2_90_p1,0.045,0.025,0.099,0.064
4282,45_1_11_p1,0.077,0.016,0.162,0.048
4284,45_1_13_p1,0.048,0.024,0.107,0.06
4306,45_1_3_p0,0.071,0.043,0.246,0.209
4329,45_2_106_p1,0.045,0.007,0.097,0.029
4335,45_2_111_p1,0.041,0.022,0.09,0.061
4372,45_2_51_p0,0.045,0.022,0.094,0.051
4373,45_2_52_p0,0.041,0.02,0.098,0.074
4377,45_2_56_p0,0.044,0.006,0.107,0.026
4419,46_1_11_p1,0.046,0.012,0.106,0.043
4423,46_1_15_p1,0.043,0.012,0.108,0.05
4424,46_1_16_p1,0.041,0.015,0.089,0.052
4431,46_1_25_p0,0.044,0.011,0.094,0.028
4433,46_1_29_p1,0.041,0.004,0.086,0.014
4435,46_1_30_p1,0.048,0.017,0.111,0.051
4438,46_1_33_p1,0.075,0.057,0.144,0.103
4451,46_1_49_p1,0.046,0.017,0.111,0.06
4452,46_1_4_p0,0.043,0.029,0.095,0.079
4453,46_1_50_p1,0.042,0.011,0.093,0.042
4464,46_2_101_p1,0.047,0.024,0.098,0.047
4469,46_2_16_p1,0.059,0.023,0.136,0.058
4470,46_2_17_p1,0.059,0.026,0.138,0.077
4478,46_2_25_p1,0.05,0.022,0.117,0.062
4505,46_2_60_p1,0.043,0.057,0.118,0.255
4527,46_2_82_p0,0.051,0.031,0.154,0.142
4531,46_2_86_p0,0.044,0.013,0.117,0.06
4533,46_2_90_p1,0.056,0.014,0.126,0.055
4534,46_2_91_p1,0.042,0.006,0.094,0.024
4535,46_2_92_p1,0.057,0.026,0.115,0.065
4537,46_2_94_p1,0.041,0.011,0.09,0.036
4554,47_1_23_p0,0.051,0.023,0.131,0.097
4561,47_1_31_p1,0.046,0.019,0.1,0.054
4569,47_1_40_p0,0.083,0.043,0.19,0.108
4571,47_1_42_p0,0.041,0.039,0.101,0.181
4579,47_1_51_p1,0.042,0.018,0.095,0.048
4580,47_1_52_p1,0.041,0.011,0.103,0.046
4601,48_1_26_p0,0.059,0.034,0.123,0.078
4605,48_1_31_p1,0.058,0.019,0.138,0.067
4643,48_2_37_p0,0.056,0.033,0.103,0.056
4647,48_2_40_p0,0.066,0.038,0.131,0.068
4650,48_2_43_p0,0.067,0.032,0.136,0.054
4651,48_2_44_p0,0.048,0.01,0.118,0.034
4652,48_2_45_p0,0.063,0.023,0.133,0.041
4654,48_2_4_p0,0.045,0.02,0.106,0.049
4657,48_2_53_p1,0.044,0.016,0.101,0.054
4662,48_2_58_p1,0.058,0.027,0.146,0.091
4689,48_2_8_p0,0.061,0.028,0.125,0.051
4780,49_2_rein_74_p0,0.044,0.023,0.099,0.07
4782,49_2_rein_76_p0,0.047,0.024,0.113,0.099
4797,49_2_rein_94_p1,0.049,0.024,0.115,0.06
4882,50_1_rein_49_p1,0.067,0.023,0.141,0.05
4894,50_2_105_p1,0.043,0.034,0.112,0.157
4898,50_2_109_p1,0.042,0.015,0.098,0.044
4929,50_2_45_p0,0.064,0.03,0.16,0.088
4931,50_2_47_p0,0.062,0.034,0.122,0.065
4932,50_2_48_p0,0.06,0.032,0.141,0.089
4938,50_2_54_p0,0.071,0.021,0.17,0.046
4954,50_2_71_p1,0.05,0.016,0.126,0.054
4955,50_2_72_p1,0.047,0.016,0.114,0.051
4959,50_2_76_p1,0.059,0.024,0.132,0.067
4964,50_2_83_p0,0.054,0.01,0.131,0.036
4970,50_2_89_p0,0.06,0.043,0.124,0.085
4988,51_1_22_p0,0.053,0.013,0.126,0.04
4990,51_1_24_p0,0.048,0.016,0.1,0.039
4998,51_1_33_p1,0.047,0.024,0.106,0.058
5002,51_1_39_p0,0.061,0.031,0.154,0.112
5007,51_1_43_p0,0.084,0.04,0.2,0.103
5013,51_1_50_p1,0.045,0.024,0.106,0.065
5015,51_1_52_p1,0.054,0.017,0.132,0.046
5054,51_2_48_p0,0.041,0.024,0.089,0.062
5056,51_2_50_p0,0.045,0.029,0.092,0.05
5059,51_2_53_p0,0.064,0.035,0.15,0.092
5063,51_2_57_p0,0.042,0.026,0.087,0.068
5066,51_2_62_p1,0.041,0.031,0.083,0.068
5069,51_2_65_p1,0.049,0.02,0.112,0.044
5072,51_2_68_p1,0.067,0.035,0.12,0.06
5085,51_2_82_p0,0.049,0.033,0.129,0.149
5086,51_2_83_p0,0.055,0.026,0.123,0.07
5089,51_2_86_p0,0.042,0.011,0.084,0.029
5090,51_2_87_p0,0.07,0.035,0.149,0.08
5093,51_2_93_p1,0.054,0.011,0.116,0.018
5095,51_2_95_p1,0.066,0.032,0.167,0.09
5099,51_2_99_p1,0.044,0.027,0.096,0.067
5105,52_1_15_p1,0.044,0.019,0.09,0.053
5109,52_1_21_p0,0.071,0.021,0.168,0.053
5111,52_1_23_p0,0.067,0.022,0.164,0.055
5116,52_1_2_p0,0.048,0.026,0.12,0.103
5122,52_1_35_p1,0.058,0.029,0.126,0.074
5177,52_2_4_p0,0.054,0.015,0.132,0.039
5188,52_2_5_p0,0.056,0.023,0.121,0.051
5196,52_2_69_p0,0.041,0.015,0.092,0.045
5198,52_2_70_p0,0.042,0.016,0.098,0.047
5203,52_2_75_p0,0.053,0.02,0.123,0.042
5204,52_2_76_p0,0.057,0.024,0.135,0.061
5209,52_2_84_p1,0.048,0.006,0.094,0.03
5210,52_2_85_p1,0.041,0.008,0.088,0.03
5215,52_2_8_p0,0.044,0.017,0.1,0.046
5217,52_2_91_p1,0.07,0.028,0.181,0.089
5221,52_2_95_p1,0.051,0.026,0.125,0.086
5228,53_1_14_p1,0.048,0.029,0.111,0.094
5281,53_2_12_p0,0.047,0.019,0.107,0.057
5285,53_2_16_p0,0.045,0.014,0.1,0.041
5289,53_2_22_p1,0.066,0.045,0.132,0.074
5297,53_2_30_p1,0.053,0.02,0.125,0.052
5333,53_2_80_p0,0.063,0.042,0.139,0.085
5343,53_2_8_p0,0.045,0.018,0.131,0.088
5354,54_1_13_p1,0.062,0.025,0.148,0.074
5355,54_1_14_p1,0.041,0.014,0.091,0.04
5374,54_1_38_p0,0.059,0.014,0.131,0.041
5375,54_1_39_p0,0.042,0.008,0.098,0.019
5377,54_1_40_p0,0.055,0.026,0.126,0.077
5381,54_1_44_p0,0.049,0.019,0.114,0.055
5382,54_1_47_p1,0.051,0.027,0.106,0.064
5383,54_1_48_p1,0.049,0.019,0.122,0.058
5384,54_1_49_p1,0.058,0.031,0.121,0.066
5388,54_1_52_p1,0.047,0.023,0.119,0.094
5393,54_1_8_p0,0.043,0.012,0.096,0.034
5396,54_2_10_p0,0.052,0.024,0.109,0.046
5397,54_2_11_p0,0.046,0.017,0.11,0.051
5398,54_2_15_p1,0.041,0.014,0.088,0.036
5400,54_2_17_p1,0.042,0.025,0.085,0.043
5401,54_2_18_p1,0.057,0.017,0.146,0.051
5403,54_2_20_p1,0.041,0.019,0.095,0.068
5405,54_2_22_p1,0.045,0.017,0.114,0.056
5406,54_2_23_p1,0.057,0.023,0.14,0.084
5407,54_2_24_p1,0.047,0.021,0.106,0.055
5408,54_2_25_p1,0.044,0.017,0.101,0.048
5409,54_2_26_p1,0.061,0.028,0.149,0.067
5410,54_2_27_p1,0.049,0.024,0.118,0.07
5411,54_2_28_p1,0.058,0.014,0.149,0.044
5425,54_2_4_p0,0.059,0.016,0.156,0.041
5430,54_2_9_p0,0.043,0.023,0.104,0.071
5433,54_2_rein_102_p1,0.043,0.019,0.109,0.079
5434,54_2_rein_103_p1,0.057,0.027,0.114,0.052
5437,54_2_rein_48_p1,0.051,0.02,0.116,0.054
5439,54_2_rein_50_p1,0.059,0.028,0.139,0.074
5441,54_2_rein_52_p1,0.042,0.028,0.085,0.053
5442,54_2_rein_53_p1,0.049,0.017,0.123,0.053
5444,54_2_rein_55_p1,0.045,0.021,0.104,0.06
5446,54_2_rein_57_p1,0.046,0.018,0.11,0.06
5464,54_2_rein_81_p0,0.049,0.033,0.127,0.105
5471,54_2_rein_92_p1,0.049,0.028,0.107,0.076
5473,54_2_rein_94_p1,0.07,0.021,0.182,0.061
5527,55_2_108_p1,0.046,0.02,0.113,0.067
5528,55_2_109_p1,0.048,0.021,0.116,0.069
5544,55_2_21_p1,0.055,0.022,0.138,0.075
5546,55_2_23_p1,0.062,0.035,0.151,0.099
5548,55_2_25_p1,0.062,0.033,0.149,0.092
5552,55_2_29_p1,0.064,0.019,0.135,0.045
5553,55_2_2_p0,0.042,0.007,0.096,0.024
5556,55_2_32_p1,0.042,0.015,0.098,0.046
5600,55_2_88_p0,0.043,0.027,0.097,0.071
5634,56_1_34_p1,0.064,0.036,0.147,0.075
5647,56_1_4_p0,0.048,0.018,0.125,0.064
5665,56_2_107_p1,0.046,0.023,0.119,0.073
5674,56_2_15_p0,0.041,0.008,0.087,0.021
5715,56_2_63_p0,0.045,0.02,0.106,0.052
5716,56_2_68_p1,0.054,0.023,0.15,0.081
5717,56_2_69_p1,0.045,0.027,0.111,0.081
5722,56_2_73_p1,0.041,0.008,0.098,0.032
5723,56_2_74_p1,0.056,0.023,0.13,0.051
5726,56_2_77_p1,0.047,0.024,0.113,0.07
5731,56_2_83_p0,0.058,0.02,0.135,0.06
5736,56_2_88_p0,0.055,0.036,0.121,0.088
5739,56_2_90_p0,0.048,0.021,0.119,0.068
5744,57_1_11_p1,0.067,0.052,0.232,0.255
5788,57_2_100_p1,0.043,0.019,0.089,0.046
5789,57_2_101_p1,0.048,0.021,0.123,0.087
5849,57_2_6_p0,0.055,0.029,0.135,0.094
5867,57_2_91_p0,0.057,0.038,0.125,0.095
5868,57_2_92_p0,0.047,0.019,0.108,0.058
5869,57_2_93_p0,0.046,0.022,0.107,0.068
5874,58_1_12_p1,0.059,0.03,0.131,0.07
5879,58_1_17_p1,0.049,0.025,0.121,0.08
5902,58_1_44_p0,0.05,0.032,0.118,0.079
5936,58_2_23_p1,0.048,0.025,0.114,0.07
5937,58_2_24_p1,0.047,0.029,0.106,0.069
5942,58_2_29_p1,0.042,0.027,0.094,0.072
5944,58_2_30_p1,0.047,0.033,0.101,0.082
5945,58_2_31_p1,0.048,0.018,0.114,0.048
5950,58_2_39_p0,0.07,0.031,0.178,0.083
5957,58_2_45_p0,0.049,0.025,0.118,0.071
5970,58_2_60_p1,0.05,0.025,0.109,0.057
5985,58_2_7_p0,0.043,0.03,0.093,0.072
5994,58_2_88_p0,0.055,0.022,0.129,0.065
6107,59_2_80_p0,0.043,0.012,0.103,0.05
6116,59_2_91_p1,0.043,0.017,0.107,0.053
6126,5_1_11_p1,0.046,0.023,0.101,0.063
6128,5_1_13_p1,0.059,0.016,0.152,0.053
6129,5_1_14_p1,0.06,0.015,0.14,0.051
6132,5_1_17_p1,0.06,0.021,0.125,0.046
6156,5_1_47_p1,0.069,0.023,0.159,0.065
6157,5_1_48_p1,0.073,0.028,0.138,0.055
6161,5_1_51_p1,0.047,0.013,0.092,0.035
6162,5_1_52_p1,0.052,0.024,0.114,0.071
6163,5_1_53_p1,0.055,0.016,0.125,0.046
6170,5_2_100_p1,0.041,0.008,0.104,0.039
6176,5_2_13_p0,0.074,0.032,0.173,0.08
6181,5_2_20_p1,0.053,0.016,0.117,0.052
6182,5_2_21_p1,0.062,0.022,0.137,0.06
6184,5_2_23_p1,0.05,0.015,0.104,0.055
6185,5_2_24_p1,0.043,0.016,0.088,0.04
6188,5_2_27_p1,0.066,0.035,0.152,0.096
6190,5_2_29_p1,0.063,0.02,0.15,0.06
6191,5_2_30_p1,0.057,0.023,0.128,0.068
6192,5_2_31_p1,0.049,0.031,0.107,0.085
6193,5_2_32_p1,0.045,0.026,0.095,0.077
6194,5_2_33_p1,0.056,0.023,0.131,0.05
6195,5_2_34_p1,0.048,0.012,0.119,0.048
6211,5_2_54_p1,0.05,0.016,0.118,0.047
6213,5_2_56_p1,0.061,0.019,0.129,0.05
6214,5_2_57_p1,0.052,0.031,0.109,0.081
6215,5_2_58_p1,0.068,0.026,0.146,0.054
6216,5_2_59_p1,0.046,0.028,0.097,0.08
6219,5_2_61_p1,0.056,0.027,0.127,0.077
6220,5_2_62_p1,0.053,0.022,0.11,0.065
6221,5_2_63_p1,0.046,0.016,0.105,0.049
6223,5_2_69_p0,0.052,0.023,0.142,0.095
6259,60_1_20_p0,0.042,0.019,0.098,0.062
6262,60_1_23_p0,0.041,0.017,0.097,0.049
6265,60_1_26_p0,0.041,0.029,0.078,0.049
6309,60_2_12_p0,0.051,0.03,0.111,0.077
6318,60_2_27_p1,0.044,0.019,0.113,0.052
6319,60_2_28_p1,0.042,0.018,0.112,0.059
6347,60_2_5_p0,0.047,0.017,0.117,0.049
6363,60_2_78_p0,0.045,0.026,0.107,0.07
6365,60_2_7_p0,0.047,0.025,0.104,0.06
6366,60_2_80_p0,0.044,0.023,0.104,0.065
6368,60_2_82_p0,0.044,0.028,0.104,0.071
6371,60_2_85_p0,0.047,0.015,0.1,0.031
6375,60_2_89_p0,0.048,0.026,0.101,0.051
6381,60_2_94_p0,0.056,0.026,0.143,0.064
6383,60_2_9_p0,0.046,0.025,0.098,0.061
6391,61_1_20_p0,0.045,0.019,0.092,0.045
6393,61_1_22_p0,0.062,0.027,0.141,0.072
6394,61_1_23_p0,0.044,0.018,0.096,0.053
6395,61_1_24_p0,0.059,0.024,0.139,0.067
6396,61_1_25_p0,0.051,0.02,0.116,0.054
6397,61_1_26_p0,0.044,0.013,0.103,0.047
6398,61_1_29_p1,0.056,0.022,0.137,0.07
6430,61_2_102_p1,0.053,0.021,0.112,0.05
6442,61_2_12_p0,0.052,0.024,0.123,0.073
6443,61_2_13_p0,0.056,0.019,0.131,0.051
6444,61_2_14_p0,0.054,0.024,0.12,0.061
6449,61_2_24_p1,0.048,0.031,0.102,0.082
6455,61_2_30_p1,0.059,0.026,0.15,0.082
6458,61_2_33_p1,0.047,0.019,0.103,0.051
6464,61_2_43_p0,0.041,0.015,0.096,0.051
6465,61_2_44_p0,0.042,0.014,0.094,0.042
6466,61_2_45_p0,0.056,0.021,0.139,0.069
6469,61_2_48_p0,0.082,0.029,0.209,0.098
6473,61_2_51_p0,0.051,0.016,0.116,0.049
6480,61_2_5_p0,0.052,0.015,0.137,0.048
6485,61_2_64_p1,0.055,0.023,0.14,0.083
6490,61_2_6_p0,0.045,0.014,0.104,0.041
6494,61_2_78_p0,0.045,0.007,0.11,0.03
6495,61_2_79_p0,0.049,0.016,0.114,0.044
6519,62_1_16_p1,0.043,0.013,0.102,0.04
6521,62_1_20_p0,0.041,0.014,0.089,0.041
6529,62_1_2_p0,0.046,0.032,0.101,0.081
6538,62_1_3_p0,0.049,0.028,0.123,0.084
6554,62_1_7_p0,0.044,0.024,0.099,0.062
6582,62_2_15_p0,0.066,0.021,0.159,0.072
6586,62_2_23_p1,0.043,0.022,0.104,0.073
6587,62_2_24_p1,0.051,0.034,0.123,0.12
6590,62_2_27_p1,0.053,0.018,0.14,0.059
6596,62_2_33_p1,0.062,0.039,0.161,0.14
6599,62_2_3_p0,0.05,0.006,0.124,0.028
6604,62_2_44_p0,0.046,0.02,0.115,0.057
6608,62_2_48_p0,0.046,0.037,0.111,0.105
6616,62_2_5_p0,0.045,0.019,0.101,0.048
6618,62_2_61_p1,0.046,0.029,0.113,0.098
6624,62_2_67_p1,0.055,0.036,0.116,0.075
6633,62_2_79_p0,0.058,0.027,0.122,0.048
6634,62_2_7_p0,0.041,0.012,0.094,0.04
6636,62_2_81_p0,0.041,0.018,0.088,0.05
6655,63_1_15_p1,0.054,0.036,0.101,0.062
6658,63_1_20_p0,0.069,0.02,0.169,0.051
6659,63_1_21_p0,0.073,0.073,0.179,0.225
6666,63_1_2_p0,0.042,0.02,0.098,0.072
6668,63_1_31_p1,0.064,0.027,0.156,0.073
6671,63_1_34_p1,0.057,0.019,0.134,0.058
6684,63_1_4_p0,0.072,0.029,0.197,0.1
6686,63_1_51_p1,0.041,0.011,0.095,0.04
6690,63_1_6_p0,0.042,0.021,0.098,0.068
6699,63_2_15_p1,0.046,0.005,0.116,0.035
6701,63_2_17_p1,0.059,0.032,0.136,0.092
6703,63_2_19_p1,0.044,0.013,0.104,0.038
6704,63_2_23_p0,0.074,0.026,0.152,0.043
6706,63_2_25_p0,0.046,0.014,0.09,0.03
6715,63_2_35_p1,0.042,0.016,0.082,0.048
6717,63_2_37_p1,0.06,0.034,0.141,0.099
6724,63_2_43_p1,0.043,0.01,0.092,0.033
6727,63_2_46_p1,0.044,0.014,0.103,0.042
6737,63_2_5_p0,0.061,0.025,0.167,0.108
6752,63_2_77_p1,0.045,0.024,0.1,0.061
6771,64_1_23_p0,0.052,0.025,0.125,0.066
6773,64_1_25_p0,0.047,0.025,0.105,0.065
6774,64_1_26_p0,0.046,0.009,0.115,0.029
6775,64_1_29_p1,0.064,0.022,0.165,0.059
6782,64_1_35_p1,0.05,0.02,0.113,0.046
6788,64_1_42_p0,0.069,0.037,0.219,0.161
6792,64_1_48_p1,0.05,0.019,0.118,0.057
6794,64_1_4_p0,0.068,0.016,0.167,0.051
6799,64_1_5_p0,0.046,0.03,0.098,0.079
6801,64_1_7_p0,0.046,0.028,0.097,0.072
6808,64_2_103_p1,0.057,0.029,0.122,0.057
6813,64_2_108_p1,0.049,0.027,0.117,0.074
6817,64_2_13_p0,0.044,0.015,0.094,0.042
6828,64_2_26_p1,0.044,0.016,0.095,0.049
6831,64_2_29_p1,0.098,0.05,0.243,0.23
6837,64_2_39_p0,0.052,0.021,0.128,0.073
6844,64_2_46_p0,0.043,0.019,0.086,0.046
6872,64_2_81_p0,0.041,0.014,0.091,0.037
6874,64_2_83_p0,0.045,0.013,0.102,0.047
6877,64_2_86_p0,0.049,0.031,0.091,0.052
6879,64_2_88_p0,0.043,0.019,0.097,0.046
6880,64_2_89_p0,0.051,0.025,0.112,0.059
6891,65_1_13_p1,0.043,0.008,0.099,0.032
6945,65_2_24_p1,0.05,0.012,0.161,0.069
6946,65_2_25_p1,0.041,0.009,0.089,0.03
6955,65_2_36_p0,0.043,0.011,0.103,0.055
6996,65_2_81_p0,0.041,0.01,0.096,0.037
7002,65_2_87_p0,0.041,0.014,0.095,0.059
7017,66_1_15_p1,0.044,0.006,0.102,0.021
7057,66_2_100_p1,0.053,0.024,0.112,0.052
7099,66_2_58_p1,0.052,0.011,0.116,0.037
7103,66_2_61_p1,0.06,0.034,0.115,0.053
7105,66_2_63_p1,0.044,0.011,0.089,0.034
7146,67_1_21_p0,0.05,0.023,0.112,0.062
7205,67_2_34_p1,0.05,0.019,0.113,0.051
7217,67_2_46_p1,0.061,0.024,0.159,0.079
7220,67_2_53_p0,0.044,0.024,0.088,0.049
7226,67_2_63_p1,0.041,0.009,0.087,0.024
7228,67_2_65_p1,0.041,0.01,0.093,0.033
7244,67_2_81_p0,0.042,0.014,0.097,0.042
7248,67_2_85_p0,0.053,0.015,0.12,0.058
7254,67_2_92_p1,0.041,0.023,0.091,0.067
7279,69_1_30_p1,0.049,0.013,0.119,0.05
7288,69_1_40_p0,0.049,0.009,0.106,0.036
7290,69_1_42_p0,0.044,0.008,0.085,0.022
7335,69_2_20_p0,0.058,0.028,0.125,0.07
7370,69_2_67_p1,0.041,0.006,0.091,0.025
7372,69_2_69_p1,0.059,0.022,0.143,0.06
7375,69_2_71_p1,0.049,0.03,0.119,0.098
7376,69_2_72_p1,0.056,0.035,0.124,0.086
7381,69_2_7_p0,0.042,0.005,0.087,0.017
7392,69_2_8_p0,0.044,0.01,0.093,0.03
7412,6_1_25_p0,0.047,0.02,0.108,0.053
7419,6_1_33_p1,0.041,0.012,0.105,0.065
7428,6_1_43_p0,0.041,0.013,0.097,0.052
7448,6_2_105_p1,0.062,0.021,0.162,0.063
7452,6_2_109_p1,0.067,0.026,0.174,0.077
7465,6_2_17_p0,0.059,0.025,0.147,0.071
7469,6_2_21_p0,0.042,0.024,0.087,0.057
7492,6_2_53_p0,0.046,0.025,0.094,0.048
7503,6_2_63_p0,0.057,0.013,0.117,0.044
7519,6_2_83_p0,0.05,0.029,0.12,0.078
7520,6_2_84_p0,0.055,0.019,0.122,0.068
7521,6_2_85_p0,0.052,0.012,0.117,0.04
7522,6_2_86_p0,0.05,0.016,0.112,0.05
7528,6_2_91_p0,0.041,0.022,0.097,0.062
7544,70_1_21_p0,0.048,0.016,0.123,0.043
7547,70_1_24_p0,0.09,0.042,0.202,0.089
7559,70_1_39_p0,0.054,0.018,0.117,0.047
7566,70_1_47_p1,0.065,0.057,0.117,0.095
7586,70_2_10_p0,0.043,0.017,0.109,0.044
7594,70_2_21_p1,0.054,0.029,0.124,0.084
7617,70_2_43_p0,0.06,0.028,0.126,0.065
7624,70_2_4_p0,0.073,0.023,0.176,0.063
7625,70_2_50_p0,0.05,0.022,0.122,0.064
7630,70_2_58_p1,0.061,0.03,0.145,0.071
7652,70_2_7_p0,0.063,0.02,0.146,0.057
7676,71_2_103_p1,0.054,0.026,0.13,0.081
7683,71_2_10_p0,0.071,0.028,0.144,0.06
7697,71_2_23_p1,0.043,0.065,0.121,0.308
7701,71_2_27_p1,0.05,0.028,0.114,0.076
7737,71_2_70_p1,0.056,0.041,0.163,0.208
7750,71_2_84_p0,0.051,0.019,0.117,0.058
7794,72_1_48_p1,0.05,0.017,0.119,0.056
7809,72_2_102_p0,0.041,0.017,0.096,0.055
7811,72_2_108_p1,0.046,0.008,0.093,0.023
7827,72_2_22_p1,0.044,0.01,0.085,0.022
7839,72_2_34_p1,0.047,0.014,0.114,0.044
7887,72_2_90_p0,0.046,0.014,0.109,0.04
7918,8_2_104_p1,0.062,0.025,0.145,0.066
7924,8_2_12_p0,0.043,0.019,0.094,0.04
7925,8_2_13_p0,0.067,0.019,0.156,0.042
7926,8_2_18_p1,0.051,0.024,0.095,0.044
7927,8_2_19_p1,0.068,0.03,0.156,0.068
7928,8_2_20_p1,0.059,0.028,0.136,0.083
7929,8_2_21_p1,0.063,0.03,0.141,0.069
7930,8_2_22_p1,0.07,0.033,0.161,0.093
7932,8_2_24_p1,0.043,0.017,0.092,0.047
7933,8_2_25_p1,0.052,0.016,0.132,0.043
7934,8_2_26_p1,0.06,0.031,0.137,0.082
7935,8_2_27_p1,0.09,0.051,0.187,0.112
7936,8_2_28_p1,0.068,0.033,0.132,0.054
7937,8_2_29_p1,0.085,0.057,0.173,0.118
7940,8_2_32_p1,0.054,0.033,0.134,0.101
7941,8_2_33_p1,0.043,0.012,0.088,0.037
7943,8_2_37_p0,0.059,0.026,0.154,0.09
7945,8_2_39_p0,0.073,0.029,0.187,0.088
7947,8_2_41_p0,0.067,0.036,0.167,0.1
7948,8_2_42_p0,0.065,0.03,0.151,0.075
7952,8_2_46_p0,0.042,0.019,0.097,0.056
7954,8_2_48_p0,0.044,0.018,0.103,0.055
7955,8_2_52_p1,0.062,0.026,0.147,0.067
7956,8_2_53_p1,0.048,0.026,0.112,0.071
7958,8_2_55_p1,0.049,0.02,0.102,0.053
7959,8_2_56_p1,0.068,0.033,0.142,0.072
7960,8_2_57_p1,0.054,0.029,0.118,0.069
7961,8_2_58_p1,0.05,0.023,0.114,0.062
7962,8_2_59_p1,0.068,0.033,0.147,0.077
7987,8_2_8_p0,0.056,0.019,0.134,0.057
8045,9_2_104_p1,0.047,0.044,0.107,0.149
8046,9_2_105_p1,0.052,0.04,0.139,0.134
8048,9_2_107_p1,0.07,0.093,0.223,0.394
8050,9_2_109_p1,0.046,0.012,0.11,0.047
8080,9_2_38_p1,0.059,0.026,0.219,0.146
8098,9_2_64_p1,0.056,0.075,0.193,0.395
8099,9_2_65_p1,0.046,0.01,0.097,0.025
8103,9_2_69_p1,0.045,0.018,0.116,0.067
