Time,RWrist_speed,RWrist_vert_vel,RHip_speed,RAnkle_speed,RBigToe_speed,LBigToe_speed,LHeel_speed,RKnee_speed,RElbow_speed,Head_speed,LKnee_speed,LElbow_speed,LWrist_speed,LWrist_vert_vel,Neck_speed,LShoulder_speed,LHip_speed,RSmallToe_speed,RHeel_speed,LSmallToe_speed,LAnkle_speed,RShoulder_speed,Nose_speed,TrialID,RWrist_speed_movement,RWrist_speed_event,RHip_speed_movement,RHip_speed_event,RAnkle_speed_movement,RAnkle_speed_event,RBigToe_speed_movement,RBigToe_speed_event,LBigToe_speed_movement,LBigToe_speed_event,LHeel_speed_movement,LHeel_speed_event,RKnee_speed_movement,RKnee_speed_event,RElbow_speed_movement,RElbow_speed_event,Head_speed_movement,Head_speed_event,LKnee_speed_movement,LKnee_speed_event,LElbow_speed_movement,LElbow_speed_event,LWrist_speed_movement,LWrist_speed_event,Neck_speed_movement,Neck_speed_event,LShoulder_speed_movement,LShoulder_speed_event,LHip_speed_movement,LHip_speed_event,RSmallToe_speed_movement,RSmallToe_speed_event,RHeel_speed_movement,RHeel_speed_event,LSmallToe_speed_movement,LSmallToe_speed_event,LAnkle_speed_movement,LAnkle_speed_event,RShoulder_speed_movement,RShoulder_speed_event,Nose_speed_movement,Nose_speed_event,RWrist_vert_vel_movement,RWrist_vert_vel_movement_event,LWrist_vert_vel_movement,LWrist_vert_vel_movement_event
16.6666666666666,4.009542159999191,-2.857633032692253,1.4549836730516654,2.1217439511756218,2.128654111072145,2.4900963284908184,0.9349899628825388,4.957218309252826,4.3108362215933385,-0.7805640082770388,4.894965607546572,-0.2683298174866851,5.876221513164216,-1.5244449497973485,0.713199274364692,0.1234283286430071,-0.9279388967856358,2.99464369514133,0.8607508082407807,1.898019180647241,3.821440286058351,0.506545600826495,-0.1629384049894169,0_1_40_p0,0,0,0,0,0,0,0,0,0,0,0,0,0,0,0,0,0,0,0,0,0,0,0,0,0,0,0,0,0,0,1,1,0,0,0,0,1,1,0,0,0,0,0,0,0,0
33.3333333333333,4.362595813595143,-2.7388771416709363,1.5856594309792322,2.1639475911007726,2.3136168764873037,2.631534769354008,0.895185664523081,5.4923816951585085,4.439673775143887,0.0437204893179282,4.976963779525898,-0.113090750684991,5.93712858515431,-1.5309933534245832,0.769712143370584,0.1193793127420916,-0.5790899193438455,2.8751456997873253,0.9073259880770383,1.901394178922427,3.771803627960061,0.5306874133526748,-0.1132808474765291,0_1_40_p0,0,0,0,0,0,0,0,0,0,0,0,0,0,0,0,0,0,0,0,0,0,0,0,0,0,0,0,0,0,0,1,1,0,0,0,0,1,1,0,0,0,0,0,0,0,0
50.0,4.715649467191096,-2.62012125064962,1.716335188906799,2.2061512310259235,2.498579641902462,2.772973210217198,0.8553813661636231,6.027545081064191,4.568511328694434,0.8680049869128953,5.058961951505224,0.042148316116703,5.9980356571444045,-1.537541757051818,0.8262250123764759,0.115330296841176,-0.2302409419020552,2.7556477044333207,0.9539011679132962,1.9047691771976123,3.722166969861771,0.5548292258788545,-0.0636232899636412,0_1_40_p0,0,0,0,0,0,0,0,0,0,0,0,0,1,1,0,0,0,0,0,0,0,0,0,0,0,0,0,0,0,0,0,0,0,0,0,0,1,1,0,0,0,0,0,0,0,0
66.6666666666666,5.068703120787047,-2.501365359628303,1.847010946834366,2.2483548709510743,2.6835424073176206,2.9144116510803872,0.8155770678041652,6.562708466969873,4.697348882244983,1.6922894845078624,5.140960123484549,0.1973873829183972,6.058942729134499,-1.5440901606790527,0.8827378813823679,0.1112812809402604,0.118608035539735,2.636149709079316,1.000476347749554,1.9081441754727977,3.672530311763481,0.5789710384050343,-0.0139657324507534,0_1_40_p0,0,0,0,0,0,0,0,0,0,0,0,0,1,1,0,0,0,0,0,0,0,0,0,0,0,0,0,0,0,0,0,0,0,0,0,0,1,1,0,0,0,0,0,0,0,0
83.3333333333333,5.421756774383,-2.3826094686069865,1.9776867047619329,2.290558510876225,2.868505172732779,3.0558500919435767,0.7757727694447073,7.097871852875556,4.826186435795531,2.516573982102829,5.222958295463876,0.3526264497200913,6.119849801124593,-1.5506385643062872,0.93925075038826,0.1072322650393448,0.4674570129815253,2.5166517137253117,1.0470515275858117,1.9115191737479835,3.622893653665191,0.603112850931214,0.0356918250621343,0_1_40_p0,0,0,0,0,0,0,0,0,0,0,0,0,1,1,0,0,0,0,0,0,0,0,0,0,0,0,0,0,0,0,0,0,0,0,0,0,1,1,0,0,0,0,0,0,0,0
99.9999999999999,5.774810427978951,-2.2638535775856696,2.1083624626895,2.332762150801376,3.053467938147937,3.197288532806766,0.7359684710852494,7.633035238781238,4.955023989346079,3.340858479697796,5.304956467443201,0.5078655165217854,6.180756873114687,-1.557186967933522,0.995763619394152,0.1031832491384293,0.8163059904233155,2.3971537183713063,1.0936267074220694,1.914894172023169,3.5732569955669007,0.6272546634573937,0.0853493825750221,0_1_40_p0,0,0,0,0,0,0,0,0,0,0,0,0,1,1,0,0,0,0,0,0,0,0,0,0,0,0,0,0,0,0,0,0,0,0,0,0,1,1,0,0,0,0,0,0,0,0
116.6666666666666,6.127864081574904,-2.1450976865643527,2.2390382206170667,2.374965790726527,3.2384307035630964,3.338726973669956,0.6961641727257915,8.168198624686921,5.083861542896627,4.165142977292764,5.386954639422528,0.6631045833234795,6.241663945104781,-1.5637353715607567,1.052276488400044,0.0991342332375137,1.165154967865106,2.2776557230173013,1.140201887258327,1.9182691702983543,3.5236203374686106,0.6513964759835735,0.1350069400879099,0_1_40_p0,0,0,0,0,0,0,0,0,0,0,0,0,1,1,0,0,0,0,0,0,0,0,0,0,0,0,0,0,0,0,0,0,0,0,0,0,1,1,0,0,0,0,0,0,0,0
133.33333333333331,6.480917735170856,-2.0263417955430367,2.369713978544633,2.417169430651678,3.4233934689782552,3.480165414533146,0.6563598743663337,8.703362010592603,5.212699096447175,4.98942747488773,5.468952811401853,0.8183436501251737,6.302571017094875,-1.5702837751879914,1.1087893574059358,0.0950852173365981,1.5140039453068963,2.158157727663296,1.1867770670945847,1.9216441685735397,3.4739836793703205,0.6755382885097532,0.1846644976007977,0_1_40_p0,0,0,0,0,0,0,0,0,0,0,0,0,1,1,0,0,0,0,0,0,0,0,0,0,0,0,0,0,0,0,0,0,0,0,0,0,1,1,0,0,0,0,0,0,0,0
150.0,7.446379421899489,-1.9613244287243143,2.784901552183721,2.5351136686483047,3.6546629823688623,3.835927102830471,0.6776526083745775,9.554855795549011,5.811746477442395,5.890725713530254,5.855187995439453,1.2600512205088996,7.343349912605898,-1.7020593254487189,1.3351190165095748,0.1088285208992959,1.9748245782943417,2.198333423773641,1.36617924388727,2.1630012109402594,3.6595022788701193,0.8227949203832032,0.3878624585187256,0_1_40_p0,0,0,0,0,0,0,0,0,0,0,0,0,1,1,0,0,0,0,1,1,0,0,0,0,0,0,0,0,0,0,0,0,0,0,0,0,1,1,0,0,0,0,0,0,0,0
166.6666666666666,8.369351836923935,-1.659575552184268,3.3146698176840133,2.464532985873399,3.685545531799025,3.8174369114312574,0.6398503624816194,9.931711393292368,6.159999183418806,6.69494493330873,5.912203530501916,1.7955471101789204,8.236493469022818,-1.658946514953559,1.561996437549295,0.1031751071686528,2.681566347830695,2.0130561365216564,1.539816972353964,2.185764181418562,3.636834061676116,0.9426076938887292,0.6717974844427885,0_1_40_p0,0,0,0,0,0,0,0,0,0,0,0,0,1,1,0,0,0,0,1,1,0,0,0,0,0,0,0,0,0,0,0,0,0,0,0,0,1,1,0,0,0,0,0,0,0,0
183.3333333333333,9.64985101425483,-1.285467297454434,4.208539922106414,2.366581237963044,3.693661998000936,3.70354484574658,0.5977802532456724,10.326070384625874,6.7253273374977525,7.546371722250512,6.037665714596599,2.436300958712849,9.404632903768068,-1.552927428776801,1.8637864520338867,0.16609512432665,3.683603295387431,1.8525445545529116,1.7770380694429355,2.1898245005915986,3.713988502579439,1.089291635256953,1.007803363376433,0_1_40_p0,0,0,0,0,0,0,0,0,0,0,0,0,1,1,0,0,1,1,1,1,0,0,0,0,0,0,0,0,0,0,0,0,0,0,0,0,1,1,0,0,0,0,0,0,0,0
199.9999999999999,11.20267955333635,-0.8002464818362129,5.463638986853616,2.2861628098876827,3.739405101566512,3.511681964171305,0.5795785990507974,10.714552173266892,7.5692699748349295,8.469166832589083,6.211022976563539,3.1674074042219846,10.745936114140214,-1.3735789070349282,2.233164601000088,0.3484552704072293,4.897684198108824,1.7115054648539858,2.0366389800482416,2.326568152437124,3.867794791156621,1.272012970604523,1.3713362442828776,0_1_40_p0,0,0,0,0,0,0,0,0,0,0,0,0,1,1,0,0,1,1,1,1,0,0,0,0,0,0,0,0,0,0,0,0,0,0,0,0,1,1,0,0,0,0,0,0,0,0
216.6666666666666,12.99030628378432,-0.2362042803042645,6.91701142690891,2.228352833971232,3.814850913892655,3.346877515538168,0.5928346502102994,11.041650234882066,8.646322315057624,9.425562165573382,6.429226602964689,3.931203399586144,12.195146962266609,-1.1213437056590032,2.687767581475828,0.6394100375790871,6.151041501790763,1.5988076692037718,2.249222189471157,2.5840356383520127,4.076476710676162,1.5186009398936178,1.747294299188226,0_1_40_p0,0,0,1,1,0,0,0,0,0,0,0,0,1,1,0,0,1,1,1,1,0,0,0,0,0,0,0,0,1,1,0,0,0,0,0,0,1,1,0,0,0,0,0,0,0,0
233.3333333333333,15.048011709430712,0.2740786728261929,8.36749881440927,2.139894919387873,3.892059859583224,3.2560681330433057,0.605102325411645,11.23647628177306,9.838059839657369,10.291235428854526,6.794337630833576,4.678875395014896,13.76405168007761,-0.812370057051824,3.2452930969359177,0.9688189859905664,7.308403113532905,1.5125063848123173,2.3702944614996904,2.8642573085401546,4.313901607801256,1.8931584695968875,2.1417111564344617,0_1_40_p0,1,1,1,1,0,0,0,0,0,0,0,0,1,1,1,1,1,1,1,1,0,0,0,0,0,0,0,0,1,1,0,0,0,0,1,1,1,1,0,0,0,0,0,0,0,0
249.9999999999999,17.466138322378843,0.5873450122363136,9.730918375860298,2.0400490167525795,3.987610804572503,3.20111574294716,0.5894320158149541,11.26945447434894,11.08847523763517,10.974706197760732,7.3182719993993555,5.442004829373606,15.558870887189908,-0.4768981238363787,3.8899154594508953,1.288730816661778,8.356251879357783,1.410650366624015,2.415038118210966,3.043088622480969,4.511239506783048,2.428733020045861,2.6028425448431545,0_1_40_p0,1,1,1,1,0,0,1,1,0,0,0,0,1,1,1,1,1,1,1,1,0,0,1,1,0,0,0,0,1,1,0,0,0,0,1,1,1,1,0,0,0,0,0,0,0,0
266.66666666666663,20.26867465356205,0.6886324590640823,11.05541218378536,1.9610564223310647,4.105456873560637,3.154633179214728,0.5664448198994959,11.20226435044758,12.445512984181937,11.5306727573112,7.893938553217019,6.292918130447231,17.739155174507452,-0.1439096638745527,4.591849307341155,1.5895088144055252,9.365001976091635,1.2693576389419146,2.4047815597896043,3.064028833290135,4.598453299612365,3.0950738039960437,3.205655594058018,0_1_40_p0,1,1,1,1,0,0,1,1,0,0,0,0,1,1,1,1,1,1,1,1,0,0,1,1,0,0,0,0,1,1,0,0,0,0,1,1,1,1,0,0,0,0,0,0,0,0
283.3333333333333,23.339212241523096,0.7037144970998965,12.429400013076313,1.673687887182856,3.860574720628173,2.9217640009691643,0.4919315531250178,11.009447729326949,14.006877622530796,11.867766580674305,8.355887562257465,7.295294165363119,20.575695428786343,0.0763101079913044,5.410791586033942,1.8425127947757869,10.400466304325048,1.0174795103239078,2.2353727870822078,2.94738223875007,4.854152403796282,3.7403881552807112,3.988305834468373,0_1_40_p0,1,1,1,1,0,0,0,0,0,0,0,0,1,1,1,1,1,1,1,1,0,0,1,1,1,1,0,0,1,1,0,0,0,0,1,1,1,1,0,0,0,0,0,0,0,0
300.0,26.467801346816103,0.8276087065478366,13.803213842729113,1.6642866864504466,3.95195684509028,2.9466606252426826,0.4802394913343993,10.74949824197663,15.862833818425724,12.112713291396714,8.928826044409316,8.55259330342485,23.96503328052649,0.3120737717599701,6.238681173154341,2.0077729281693024,11.464119487457916,0.863282369940367,2.171666464324958,2.9693844697058367,4.993360572009093,4.480502661391061,4.917393688859169,0_1_40_p0,1,1,1,1,0,0,0,0,0,0,0,0,1,1,1,1,1,1,1,1,0,0,1,1,1,1,0,0,1,1,0,0,0,0,1,1,1,1,0,0,0,0,0,0,0,0
316.6666666666666,29.551096646945616,1.1578263829788988,15.199544242245604,1.7251012905373235,3.888220988243862,3.0396451531821955,0.5000677744326685,10.57833298718344,17.916375286052048,12.323830204221814,9.565317554084269,10.135492919943124,27.7689992552494,0.6320520644979706,7.087321793278903,2.1148633849815197,12.531260396263583,0.8168469060289647,2.171270399105606,3.0096698020248387,5.0643709807820265,5.292298046680509,5.917482140779666,0_1_40_p0,1,1,1,1,0,0,0,0,0,0,0,0,1,1,1,1,1,1,1,1,1,1,1,1,1,1,0,0,1,1,0,0,0,0,1,1,1,1,1,1,1,1,0,0,0,0
333.3333333333333,32.52216254457703,1.6570949630684058,16.718695804737234,1.8354817897692648,3.730994223185628,3.0604694390493163,0.5152508604141912,10.544552619859989,19.99245661468039,12.512997591474411,10.216698840855186,12.083977919039246,31.77160478508344,1.0975699777624206,8.000206764965354,2.2327923077580656,13.567017004882215,0.8581777471429678,2.15880416441827,3.112016324300715,5.159777571455322,6.181219319984358,6.932316829145098,0_1_40_p0,1,1,1,1,0,0,0,0,0,0,0,0,1,1,1,1,1,1,1,1,1,1,1,1,1,1,0,0,1,1,0,0,0,0,1,1,1,1,1,1,1,1,0,0,0,0
350.0,35.1882154761727,2.270899883486156,18.265594452371484,1.9984477722193037,3.657838295021371,2.905617007939885,0.5536149132447563,10.56776174623255,21.981957214855218,12.650715861134332,10.838921222153582,14.267256775396056,35.77574885001903,1.7282195756363057,9.019258741028011,2.3893792440756063,14.560100480140628,0.9383420084013242,2.1317417100962075,3.298763422126738,5.391146941367603,7.195807652646142,7.9610474593047,0_1_40_p0,1,1,1,1,0,0,0,0,0,0,0,0,1,1,1,1,1,1,1,1,1,1,1,1,1,1,0,0,1,1,0,0,0,0,1,1,1,1,1,1,1,1,0,0,0,0
366.6666666666666,37.32483582978965,3.012650839693953,19.627987390728272,2.14712526154889,3.6423595762847194,2.585691612470955,0.622471477016749,10.501255486058696,23.84805453480318,12.694672096173612,11.414282733378716,16.500188557366986,39.57481770389308,2.517370565024725,10.04973890794877,2.5850268137459382,15.50165846157165,1.0091639558687733,2.1866261229309862,3.4724460380635254,5.785259823508579,8.302398622627111,9.019138731813154,0_1_40_p0,1,1,1,1,0,0,0,0,0,0,0,0,1,1,1,1,1,1,1,1,1,1,1,1,1,1,0,0,1,1,0,0,0,0,1,1,1,1,1,1,1,1,0,0,0,0
383.3333333333333,38.82508144583877,3.9349257656663856,20.663529747530767,2.2167026954445173,3.5815307318253806,2.2625887848147834,0.6870250488409207,10.265988390972488,25.538007163415276,12.644040433150217,11.964973293096191,18.614490406076605,42.92843512207556,3.4499755059306456,10.984252963658706,2.8206128317255037,16.299280706328755,1.0581635209323643,2.326526141759926,3.512590801904384,6.211958994819419,9.43826029020328,10.1445088155755,0_1_40_p0,1,1,1,1,0,0,0,0,0,0,0,0,1,1,1,1,1,1,1,1,1,1,1,1,1,1,0,0,1,1,0,0,0,0,1,1,1,1,1,1,1,1,0,0,0,0
399.9999999999999,39.65410098877275,5.100052770083617,21.216062783466946,2.2647290042693906,3.4815384912249714,2.097795799908095,0.7154954218545249,9.969835498826,26.93089331779788,12.569619812049774,12.507352454831365,20.55828758381264,45.66811021432624,4.477976609392792,11.821654342979274,3.133769847107851,16.817200372547145,1.0683862265254205,2.46581344147717,3.474761840082829,6.515222508372314,10.575956839963853,11.41157267693632,0_1_40_p0,1,1,1,1,0,0,0,0,0,0,0,0,1,1,1,1,1,1,1,1,1,1,1,1,1,1,0,0,1,1,0,0,0,0,1,1,1,1,1,1,1,1,0,0,0,0
416.6666666666666,40.02051431098944,6.580780930981532,21.10534775388994,2.349029793443598,3.417960659246769,2.1101002893822125,0.708571263592167,9.798187971645628,27.864728982434,12.542470776758735,13.023359832949312,22.39719977953924,47.77594734290751,5.524323443920547,12.577816581313602,3.563497092439724,16.925665073847203,1.0850353088822096,2.513005777214617,3.488489373753303,6.571291228495369,11.716648892994918,12.894370457001788,0_1_40_p0,1,1,1,1,0,0,0,0,0,0,0,0,1,1,1,1,1,1,1,1,1,1,1,1,1,1,0,0,1,1,0,0,0,0,1,1,1,1,1,1,1,1,0,0,0,0
433.3333333333333,40.46344541385884,8.435128596016412,20.28836294337084,2.487662864845261,3.4157343165779,2.2236238787736866,0.7167611730307282,9.744946071449874,28.243464135295035,12.556103755329662,13.45931301210196,24.185593480020724,49.37391732245409,6.524909951628883,13.320482380907986,3.9573784399482896,16.618574921811486,1.111080212735709,2.453700788445472,3.580562011686814,6.342254768116769,12.86300579518964,14.616999705319545,0_1_40_p0,1,1,1,1,0,0,0,0,0,0,0,0,1,1,1,1,1,1,1,1,1,1,1,1,1,1,0,0,1,1,0,0,0,0,1,1,1,1,1,1,1,1,0,0,0,0
449.9999999999999,41.4658903872754,10.718854694442308,19.38043181405258,2.6573283803725225,3.4057507490575283,2.4115946358838065,0.7374606083868531,9.648890939391029,28.2349001366119,12.576703634981293,13.762193997418514,25.914953287737845,50.64395600410069,7.426764531250129,14.110665112962216,4.130964254377407,16.111268153414127,1.1082579944630455,2.3485425254331327,3.6254828347370336,5.918549976518151,14.023318803658896,16.563142939470016,0_1_40_p0,1,1,1,1,0,0,0,0,0,0,0,0,1,1,1,1,1,1,1,1,1,1,1,1,1,1,0,0,1,1,0,0,0,0,1,1,1,1,1,1,1,1,0,0,0,0
466.6666666666666,43.33044203897534,13.590328279001024,18.594518065695944,2.7992033571648096,3.3816303767344724,2.571290288574652,0.7520373575398552,9.475175187785716,28.22259100553911,12.671788064220411,13.903663325065722,27.560817007246214,51.75637960383701,8.167923212923272,14.913999654164884,4.072488012475264,15.60173583720572,1.083880137883389,2.316894092079629,3.6262955959750593,5.461972892814284,15.169830507648705,18.711914475536872,0_1_40_p0,1,1,1,1,0,0,0,0,0,0,0,0,1,1,1,1,1,1,1,1,1,1,1,1,1,1,0,0,1,1,0,0,0,0,1,1,1,1,1,1,1,1,0,0,0,0
483.33333333333326,46.31090294734757,17.370980989605787,17.96611286801787,2.881967469907736,3.385590288971061,2.6527416968798643,0.749179587857075,9.384911205383812,28.430546451587364,13.063286582323592,13.805394616653263,29.07706733441242,52.8119286876542,8.696422546271481,15.656160554980008,3.964110828498703,15.129143433908276,1.0639708504778354,2.43463012496034,3.62507552544434,4.972028589745906,16.24950921360212,21.0034503656335,0_1_40_p0,1,1,1,1,0,0,0,0,0,0,0,0,1,1,1,1,1,1,1,1,1,1,1,1,1,1,0,0,1,1,0,0,0,0,1,1,1,1,1,1,1,1,1,1,0,0
499.9999999999999,50.5837832053374,22.363450939560597,17.489751976866202,2.967643320466673,3.4242182349960992,2.7117807443226667,0.7155685450996759,9.561199794563178,28.905966845482197,13.976611247613889,13.527563198485907,30.39788887331194,53.75028864595807,9.009735379190191,16.31502630177453,3.96899422232869,14.736657154352717,1.049143886307982,2.6227679747786534,3.657067428100764,4.534900180433506,17.252658294161794,23.286543687371083,0_1_40_p0,1,1,1,1,0,0,0,0,0,0,0,0,1,1,1,1,1,1,1,1,1,1,1,1,1,1,0,0,1,1,0,0,0,0,1,1,1,1,1,1,1,1,1,1,0,0
516.6666666666666,56.05364285034337,28.531208729994344,17.130394412553706,3.0588130929976067,3.4825275741982757,2.775357792485278,0.7212845919815302,10.063260807829655,29.6858710816623,15.400743655135978,13.233412526009126,31.485911138855435,54.277449927820406,9.175184309112456,16.913718456713887,4.188109951205795,14.585755568425473,1.0406433545188192,2.7931778930417464,3.770373733821643,4.284888415920307,18.222709313131944,25.37716726061125,0_1_40_p0,1,1,1,1,0,0,0,0,0,0,0,0,1,1,1,1,1,1,1,1,1,1,1,1,1,1,0,0,1,1,0,0,0,0,1,1,1,1,1,1,1,1,1,1,0,0
533.3333333333334,62.355538458154456,35.44805383725576,16.808920707174778,3.098654643011198,3.5246372844483136,2.819025826440744,0.7296153232460407,10.789828993848689,30.90724556063929,17.14894071521981,12.956469010757012,32.26550256872136,54.00015789855116,9.28571211915308,17.476461745028253,4.68158564330761,14.779222619421262,1.0438848842559625,2.9730724899222407,3.974531632091905,4.246939757759081,19.231862268226315,27.20871332724069,0_1_40_p0,1,1,1,1,1,1,0,0,0,0,0,0,1,1,1,1,1,1,1,1,1,1,1,1,1,1,0,0,1,1,0,0,0,0,1,1,1,1,1,1,1,1,1,1,0,0
550.0,69.1120639282097,42.6196462276238,16.439695241203275,3.089350583050032,3.501918281044471,2.8250387895618343,0.7215470079942073,11.581511774063747,32.75032857590168,19.06728478519117,12.67240960676622,32.556120408100945,52.77222689068533,9.370732616452518,18.012838003642948,5.451157000335178,15.238002805535054,1.049724219575104,3.182437706272199,4.153291572588583,4.309706950446257,20.32186334486624,28.89370655574086,0_1_40_p0,1,1,1,1,1,1,0,0,0,0,0,0,1,1,1,1,1,1,1,1,1,1,1,1,1,1,1,1,1,1,0,0,0,0,1,1,1,1,1,1,1,1,1,1,0,0
566.6666666666667,76.12690055092193,49.79919189311335,16.000915241435006,3.030971712458466,3.614101216201226,2.8596709654854022,0.7004451450000886,12.360661585288112,35.25148865927952,21.069800009687302,12.473085694506286,32.19221027425533,50.83144416782002,9.353485934171449,18.52007906432136,6.373874696488108,15.810023070386098,1.0419972691295545,3.4689192043684964,4.231693132970734,4.364083485637776,21.44498202732652,30.61255614611541,0_1_40_p0,1,1,1,1,0,0,0,0,0,0,0,0,1,1,1,1,1,1,1,1,1,1,1,1,1,1,1,1,1,1,0,0,0,0,1,1,1,1,1,1,1,1,1,1,0,0
583.3333333333335,83.36909374782927,56.98565173090065,15.558224830594153,2.873912676194504,4.038548933227052,2.997557775922356,0.693161513659542,13.192911349170869,38.2335824983349,23.11519192276918,12.539406929724478,31.20519548054103,48.53504893265367,9.098319678761488,18.993038789648647,7.316804180009652,16.44070318012056,1.0298108416403142,3.846696570653028,4.206083851965858,4.395371548986171,22.481169783434105,32.47475304115571,0_1_40_p0,1,1,1,1,0,0,1,2,0,0,0,0,1,1,1,1,1,1,1,1,1,1,1,1,1,1,1,1,1,1,0,0,0,0,1,1,1,1,1,1,1,1,1,1,0,0
600.0000000000002,90.87694737854544,64.19785231267517,15.217819397740824,2.687367761083514,4.718122183782499,3.215267149648976,0.6999338740622532,14.169290164097342,41.49454834649144,25.22126222404127,12.966046945510794,29.898761965365185,46.09200949208799,8.499227306730734,19.44263406913745,8.26798110396782,17.188475752652096,1.0257171540595442,4.203490800118843,4.125190318313394,4.437425702877179,23.324826672516533,34.498926108792325,0_1_40_p0,1,1,1,1,0,0,1,2,0,0,0,0,1,1,1,1,1,1,1,1,1,1,1,1,1,1,1,1,1,1,0,0,1,1,1,1,1,1,1,1,1,1,1,1,0,0
616.666666666667,98.67422697153891,71.3263966374125,15.064920958447033,2.5930372869493934,5.575560541193887,3.4343887770272845,0.7068088878490284,15.36286196478028,45.0259767280037,27.462868273286837,13.592949457059524,28.571740242747858,43.5846527065837,7.5132411299243955,19.913056192988563,9.246707510200402,18.138352157078,1.01952904466285,4.299795539383192,4.036658148240868,4.50483594433747,23.96257016042091,36.65954754668876,0_1_40_p0,1,1,1,1,0,0,1,2,0,0,0,0,1,1,1,1,1,1,1,1,1,1,1,1,1,1,1,1,1,1,0,0,1,1,1,1,1,1,1,1,1,1,1,1,0,0
633.3333333333336,106.68621585643018,78.17421018444671,15.191922833176598,2.5866513338899866,6.550916688423852,3.5718427777180097,0.7082469018779596,16.781470695472454,48.99174110920181,29.914460152061253,14.037622976954529,27.35674934796425,41.16928613611842,6.125440007688821,20.482017246611665,10.216907313204274,19.372878023763587,1.0048233624798717,4.13008769768902,3.972751684105937,4.590086607372293,24.475706531528765,38.88039521173642,0_1_40_p0,1,1,1,1,0,0,1,2,0,0,0,0,1,1,1,1,1,1,1,1,1,1,1,1,1,1,1,1,1,1,0,0,1,1,1,1,1,1,1,1,1,1,1,1,0,0
650.0000000000003,114.66739921112502,84.51505904207463,15.74530764401216,2.570055538380481,7.547467217696702,3.5820858795503856,0.7013138926374569,18.220596835966752,53.53392818696248,32.60522868320961,13.94806930040234,26.31681397861162,39.12989724539133,4.324353518454766,21.23407924080141,11.08602754648129,20.96544999852482,1.0314244865658466,3.917356128578721,3.972594125264588,4.69592751262329,24.977689404733628,41.01365394871696,0_1_40_p0,1,1,1,1,0,0,1,2,0,0,0,0,1,1,1,1,1,1,1,1,1,1,1,1,1,1,1,1,1,1,0,0,1,1,1,1,1,1,1,1,1,1,1,1,0,0
666.6666666666671,122.10602744297849,90.06014532107048,16.89334651462106,2.5945140027868288,8.45980382602864,3.4730957040433204,0.7038852756488364,19.38624348962156,58.62938348182789,35.52556691071516,13.331781340692192,25.475563848249998,37.69791003440284,2.113167322815376,22.190709666265604,11.898480889790912,22.923731699817395,1.0764496235677208,3.7383989093451886,3.993758708634167,4.831588505882912,25.536410750451164,42.91425208089604,0_1_40_p0,1,1,1,1,0,0,1,2,0,0,0,0,1,1,1,1,1,1,1,1,1,1,1,1,1,1,1,1,1,1,0,0,0,0,1,1,1,1,1,1,1,1,1,1,0,0
683.3333333333338,128.2962590896504,94.47140308728667,18.6159175695558,2.663430432502998,9.21743337875507,3.2973178014066327,0.7047787358647444,20.27567685373382,64.0821116128445,38.630881473942914,12.739862854965471,24.84552776402161,36.89789500519195,-0.4599906802218081,23.267132178989627,12.973165292860507,25.09271506908166,1.0506399896084535,3.633637358936873,3.9298096069300055,4.972480580756777,26.1530140178275,44.52070074283371,0_1_40_p0,1,1,1,1,0,0,1,2,0,0,0,0,1,1,1,1,1,1,1,1,1,1,1,1,1,1,1,1,1,1,0,0,0,0,1,1,1,1,1,1,1,1,1,1,0,0
700.0000000000005,132.74332477993997,97.48354013156798,20.230066504835214,2.676047225904459,9.79161985238488,3.115365618644341,0.6647774750964401,21.15733238193299,69.51730167200917,41.825754590046685,12.342847836444822,24.46538542367472,36.54527075305986,-3.278552699167341,24.36223245854586,14.553720380373376,27.17786849797413,1.027939903740431,3.616938800490884,3.7515429930658426,5.059625036564886,26.7973150737667,45.82546738235716,0_1_40_p0,1,1,1,1,0,0,1,2,0,0,0,0,1,1,1,1,1,1,1,1,1,1,1,1,1,1,1,1,1,1,0,0,0,0,1,1,1,1,1,1,1,1,1,1,0,0
716.6666666666672,135.21195885620085,98.93393830685724,21.553927797543544,2.589811974442931,10.200748058565942,2.995292866640205,0.5943017969736143,22.171771733189253,74.54870541077592,44.97116514239016,12.094146469030612,24.38607471659703,36.34797916400881,-6.17354925727376,25.467052140693387,16.55579335182865,29.07366934077922,1.068302143208863,3.672829882413663,3.5405423905449767,5.048700186189308,27.446778224305703,46.8536746184008,0_1_40_p0,1,1,1,1,0,0,1,2,0,0,0,0,1,1,1,1,1,1,1,1,1,1,1,1,1,1,1,1,1,1,0,0,0,0,1,1,1,1,1,1,1,1,1,1,0,0
733.3333333333339,135.40441273361583,98.64607438491976,22.653313627570498,2.639591234257934,10.49774147483075,2.9610236700547987,0.5947937670026104,23.14721375027212,79.0854210570263,47.90570486733097,11.979585926360052,24.60099158798253,36.01574743487325,-8.972264976883412,26.65194518398768,18.74325103483159,30.89834523882661,1.12261873556376,3.693459770072729,3.392824370237536,5.048787453701161,28.08496868075009,47.72086878795037,0_1_40_p0,1,1,1,1,0,0,1,2,0,0,0,0,1,1,1,1,1,1,1,1,1,1,1,1,1,1,1,1,1,1,0,0,0,0,1,1,1,1,1,1,1,1,1,1,0,0
750.0000000000007,132.93352182122575,96.45524937815216,23.58813564955206,2.894361970184137,10.746832406361584,2.969593977002221,0.7276843209369561,23.75108630768416,83.15907214617326,50.5210216855613,11.972531969608644,25.033174139466524,35.40634418596085,-11.581382911456185,27.999994597119667,20.967346001105497,32.621409325786686,1.2004628138129256,3.629395482964649,3.3589741307439787,5.047823626947531,28.691552314176715,48.64089544751244,0_1_40_p0,1,1,1,1,0,0,1,2,0,0,0,0,1,1,1,1,1,1,1,1,1,1,1,1,1,1,1,1,1,1,0,0,0,0,1,1,1,1,1,1,1,1,1,1,0,0
766.6666666666674,127.86816730456124,92.43064533792833,24.384306510358385,3.207285958349323,10.991205195459893,2.991684300179256,0.8794432384225986,23.70131625602217,86.61444591392828,52.88796041773707,12.07036634995967,25.640661246185804,34.70686166908305,-14.060240683411308,29.55962020084528,23.16401216501477,33.92954676327601,1.3055560064566527,3.703803345339842,3.425071157520858,5.123143906810635,29.26619760425845,49.83902151465545,0_1_40_p0,1,1,1,1,1,2,1,2,0,0,0,0,1,1,1,1,1,1,1,1,1,1,1,1,1,1,1,1,1,1,0,0,0,0,1,1,1,1,1,1,1,1,1,1,0,0
783.333333333334,120.99203626169924,86.90990168606979,25.11219585995688,3.536317701477748,11.249513971398528,3.041682425018509,1.0270336375652065,22.96252605234409,89.02546254011256,55.18179939541511,12.302117559815509,26.533049081728503,34.33564881106618,-16.571284454667964,31.30662957536149,25.349952641860718,34.58088217647466,1.4269536048879037,3.901701711017454,3.5240333877431187,5.288087592344041,29.855407427271132,51.44028860132581,0_1_40_p0,1,1,1,1,1,2,1,2,0,0,0,0,1,1,1,1,1,1,1,1,1,1,1,1,1,1,1,1,1,1,0,0,1,2,1,1,1,1,1,1,1,1,1,1,1,1
800.0000000000008,113.25999980376338,80.23880756852724,25.87425421332744,3.81650204287698,11.483852189707449,3.113340380034461,1.1750286416278355,21.78385597119721,90.00087616707711,57.5055416160241,12.632510643031774,27.9359277529587,34.562833969999424,-19.240191256671704,33.168747068951845,27.594752929565715,34.648802295779454,1.581014860287792,4.002152332907704,3.625228542651013,5.455652911713173,30.54874521661414,53.42303952667745,0_1_40_p0,1,1,1,1,1,2,1,2,0,0,0,0,1,1,1,1,1,1,1,1,1,1,1,1,1,1,1,1,1,1,0,0,1,2,1,1,1,1,1,1,1,1,1,1,1,1
816.6666666666675,105.29332754564516,72.57253399257559,26.71502124009591,3.986936971221047,11.392747399727345,3.162342824324136,1.335070233120777,20.44465481190016,89.59598515143851,59.88610881756496,12.96621820507787,29.94259343400656,35.34021031593551,-22.06607527429536,35.113802175045485,29.942553979111626,34.420505048308264,1.7603721219195725,3.9375433924651233,3.701825643892263,5.572662194093618,31.45931533810643,55.65617850306108,0_1_40_p0,1,1,1,1,1,2,1,2,0,0,0,0,1,1,1,1,1,1,1,1,1,1,1,1,1,1,1,1,1,1,0,0,1,2,1,1,1,1,1,1,1,1,1,1,1,1
833.3333333333343,97.41834421515182,63.939650712295744,27.580948254521097,4.08028766179668,10.932524114356148,3.216555439265357,1.4979169067994365,19.008924745885984,88.28013875599348,62.33266501981873,13.22919740817462,32.35472277861719,36.48685463336496,-24.93660698968704,37.17142500288671,32.305733039201534,34.15443756220192,1.9116344691536644,3.734849317316045,3.7658616309136086,5.62689540933593,32.6680811160732,57.95961003399959,0_1_40_p0,1,1,1,1,1,2,1,2,0,0,0,0,1,1,1,1,1,1,1,1,1,1,1,1,1,1,1,1,1,1,0,0,0,0,1,1,1,1,1,1,1,1,1,1,1,1
850.000000000001,89.84910134210267,54.41002572438699,28.4068636210341,4.136825076578685,10.47571902825052,3.3237367722225057,1.63925492862143,17.494418119952236,86.4977412416557,64.81953680354788,13.427315511182137,34.799963832046615,37.91332700475039,-27.720985105423548,39.38986754157773,34.60109048283956,33.93909411591976,2.0035715271833348,3.5483997466395945,3.841276624681586,5.593514352367302,34.17075660555663,60.14302788757182,0_1_40_p0,1,1,1,1,1,2,1,2,0,0,0,0,1,1,1,1,1,1,1,1,1,1,1,1,1,1,1,1,1,1,0,0,0,0,1,1,1,1,1,1,1,1,1,1,1,1
866.6666666666677,82.74100015898502,44.1753688991824,29.19483218961984,4.169670237002325,10.149973632386056,3.4412710283278267,1.7604791993471545,15.923682671204975,84.35250149736608,67.27490970798908,13.703823583331298,37.0584090290637,39.58898523891936,-30.323765905766574,41.76496461857475,36.87027472627791,33.7049356698744,2.0608762880557823,3.728290811704948,3.939233242364509,5.4571841134336285,35.89523178956295,62.03049746090811,0_1_40_p0,1,1,1,1,1,2,1,2,0,0,0,0,1,1,1,1,1,1,1,1,1,1,1,1,1,1,1,1,1,1,0,0,0,0,1,1,1,1,1,1,1,1,1,1,1,1
883.3333333333344,76.1845640597928,33.51701650031996,29.91315287107134,4.230792065990868,9.9873053044831,3.5153204407456453,1.8898027099428591,14.369710949861403,81.72576871211274,69.59444927847154,14.265227974035868,39.10132914040473,41.32119167729409,-32.63144708006732,44.18501375849365,39.18343204735487,33.30691875560079,2.131167449506665,4.175737247182477,4.06362525741204,5.242218342076041,37.71494468803927,63.53656987536285,0_1_40_p0,1,1,1,1,1,2,1,2,0,0,0,0,1,1,1,1,1,1,1,1,1,1,1,1,1,1,1,1,1,1,0,0,1,3,1,1,1,1,1,1,1,1,1,1,1,1
900.0000000000011,70.22772157063052,22.755739792988567,30.400888961784805,4.414336192970064,9.93019010465096,3.556659571144679,2.063986291478096,12.946501109675028,78.58684509763997,71.64529237345238,15.191588132093475,40.89175863519254,42.73533522133299,-34.48065882089783,46.464163848153206,41.55339099720722,32.622370407204336,2.2169168724418364,4.563948229145051,4.172200881554429,4.991139705897101,39.48095593692937,64.74826657453421,0_1_40_p0,1,1,1,1,1,2,1,2,0,0,0,0,1,1,1,1,1,1,1,1,1,1,1,1,1,1,1,1,1,1,0,0,1,3,1,1,1,1,1,1,1,1,1,1,1,1
916.666666666668,64.94251392127367,12.243026113980156,30.45406854868719,4.660880524151054,9.86079789392787,3.605557462468146,2.2673658610618843,11.763024938734276,75.14385911419026,73.3273435889638,16.291634770091342,42.35528835828041,43.51684188226642,-35.73191708944502,48.46089139295567,43.795912475147645,31.619779163878743,2.2967381441655617,4.857826977959646,4.237645577042317,4.714944311838179,41.09195120292704,65.86359442894168,0_1_40_p0,1,1,1,1,1,2,1,2,0,0,0,0,1,1,1,1,1,1,1,1,1,1,1,1,1,1,1,1,1,1,0,0,1,3,1,1,1,1,1,1,1,1,0,0,1,1
933.3333333333346,60.47076200542605,2.310882424662001,29.97730970248174,4.897652610377795,9.682886171900504,3.6716540349742206,2.4485124053217926,10.803527787706392,71.72425160754683,74.6696322845357,17.078773509526986,43.44075835462676,43.57448222776841,-36.34783421556584,50.16369017173881,45.55115613640491,30.37451643747536,2.3875350103092754,5.126282893160167,4.263875107228763,4.507075352579325,42.54081832583144,67.05459555861061,0_1_40_p0,1,1,1,1,1,2,1,2,0,0,0,0,1,1,1,1,1,1,1,1,1,1,1,1,1,1,1,1,1,1,0,0,1,3,1,1,1,1,1,1,1,1,0,0,1,1
950.0000000000013,56.94230187469275,-6.86466190220004,29.056344212224342,5.115758158679801,9.361792480981478,3.711757878552887,2.606738344178729,9.92523148298027,68.52317452261582,75.80911993195167,17.63224279697597,44.15391855668388,43.05063149257083,-36.39898359638004,51.6408455461383,46.71234525121718,29.01171335161564,2.444956354812533,5.429724652354126,4.25653007022085,4.59207078774128,43.89417658162296,68.42174386775696,0_1_40_p0,1,1,1,1,1,2,1,2,0,0,0,0,1,1,1,1,1,1,1,1,1,1,1,1,1,1,1,1,1,1,0,0,1,3,1,1,1,1,1,1,1,1,0,0,1,1
966.666666666668,54.41747381129318,-15.316988867265424,27.918489191479,5.328056964614513,8.899790299572386,3.708402699087381,2.74553031168532,9.0388350626321,65.48890869009863,76.86745869756218,18.196366776607693,44.56668506772354,42.2652184025792,-36.04979323658601,52.918054040776,47.42754035991992,27.64774509687041,2.4366309590989275,5.781366516127597,4.206681060706551,4.727879299357263,45.198104045513,69.96990172076762,0_1_40_p0,1,1,1,1,1,2,1,2,0,0,0,0,1,1,1,1,1,1,1,1,1,1,1,1,1,1,1,1,1,1,0,0,1,3,1,1,1,1,1,1,1,1,1,2,1,1
983.3333333333348,53.00361584079252,-23.1419603116599,26.7990653317689,5.358379564291001,8.396243181953611,3.661400895506109,2.8260374072562464,8.256594990885421,62.45556234049165,77.86687855394145,18.78770225793849,44.83936233615314,41.58621558506996,-35.51122196492152,53.926536107541565,47.83351493157125,26.42240389474641,2.4134167949116434,6.217077322004455,4.094951146634728,4.921095049361032,46.42176125196181,71.57200728081995,0_1_40_p0,1,1,1,1,1,2,1,2,0,0,0,0,1,1,1,1,1,1,1,1,1,1,1,1,1,1,1,1,1,1,0,0,1,3,1,1,1,1,1,1,1,1,1,2,1,1
1000.0000000000013,52.84796260500893,-30.3440825363748,25.776336833715177,5.127159047825223,7.959606209431384,3.5541266305476995,2.8618680009065347,7.847248276222514,59.31947879692438,78.70866913855164,19.31392956229397,45.10133151495032,41.1897006551921,-34.89246494327308,54.57332784792294,48.07684873851482,25.477970538184515,2.3743257714809243,6.749924991881149,3.899355075943862,5.273994854424431,47.49970210747716,73.00909745747693,0_1_40_p0,1,1,1,1,1,2,1,2,0,0,0,0,1,1,1,1,1,1,1,1,1,1,1,1,1,1,1,1,1,1,0,0,1,3,1,1,1,1,1,1,1,1,1,2,1,1
1016.666666666668,53.869084513360114,-36.85199594585645,24.74911150781157,4.803681957094846,7.497268319267402,3.396477447836921,2.8900440258455085,8.072494003874578,56.12509500380006,79.21580541312385,19.700914828114406,45.23702243812739,40.92461826239751,-34.105399328739686,54.838436240308695,48.22851572519807,24.859253628950174,2.370228282659205,7.167895935570775,3.611526096216549,5.506844614003663,48.35760509700174,74.02863788879193,0_1_40_p0,1,1,1,1,1,2,1,2,0,0,0,0,1,1,1,1,1,1,1,1,1,1,1,1,1,1,1,1,1,1,0,0,1,3,1,1,1,1,1,1,1,1,1,2,1,1
1033.3333333333344,55.64801958744705,-42.58716516301806,23.591854758435005,4.50756135753183,7.07397552359668,3.237257065949474,2.933951192462972,9.015492680608752,53.08545985925701,79.26227150582119,19.904604720920812,44.993217906924095,40.42635549137805,-32.959667365020216,54.790737118672325,48.12432372148621,24.50734363000282,2.434220063589944,7.487362592248138,3.361982386203441,5.454374145211775,48.87622689643389,74.3798003776585,0_1_40_p0,1,1,1,1,1,2,1,2,0,0,0,0,1,1,1,1,1,1,1,1,1,1,1,1,1,1,1,1,1,1,0,0,1,3,1,1,1,1,1,1,1,1,1,2,1,1
1050.0000000000011,57.666329738996176,-47.47858771111809,22.33037863609973,4.266413635052522,6.830356543698246,3.1307165141362034,2.99731563886474,10.49959139425352,50.44644599834029,78.83675680559003,19.917725754817305,44.206050104264506,39.33179165991877,-31.29862042082442,54.497232122199165,47.50100122199558,24.30292421938646,2.5186908926154365,7.917228693983287,3.2342271498848225,5.246045451777117,48.90412695828593,73.88781541098724,0_1_40_p0,1,1,1,1,1,2,1,2,0,0,0,0,1,1,1,1,1,1,1,1,1,1,1,1,1,1,1,1,1,1,0,0,1,3,1,1,1,1,1,1,1,1,1,2,1,1
1066.6666666666677,59.52729608897149,-51.48367221109605,21.085403229221438,4.089345659193822,6.881037879982405,3.084026936920207,3.0796065108067623,12.253170020412192,48.25437057957111,77.95719843636024,19.70793306100913,42.909323774676274,37.47697970478364,-29.066283211254294,53.905888847481386,46.33271209730402,24.09810462392733,2.5878838014877115,8.499277029967693,3.2021267367034403,5.10612142949378,48.35719975724756,72.56809870676486,0_1_40_p0,1,1,1,1,1,2,1,2,0,0,0,0,1,1,1,1,1,1,1,1,1,1,1,1,1,1,1,1,1,1,0,0,1,3,1,1,1,1,1,1,1,1,1,2,1,1
1083.3333333333344,61.024121561341296,-54.63753574789697,19.87943254140343,3.978595860392466,7.063230547453763,3.0235030274237467,3.177277696453528,14.113912638861828,46.33295902245387,76.60978689319137,19.19546949422091,41.34201755625503,35.035381050837735,-26.34499319509927,52.86924808866394,44.849775073031125,23.75548145036277,2.644483689693468,9.13466561833927,3.2220150955715794,5.154356093108748,47.27875318226251,70.64364505668291,0_1_40_p0,1,1,1,1,1,2,1,2,0,0,0,0,1,1,1,1,1,1,1,1,1,1,1,1,1,1,1,1,1,1,0,0,1,3,1,1,1,1,1,1,1,1,1,2,1,1
1100.000000000001,62.15236401302772,-57.07530606153164,18.57298063899921,3.892772366171041,6.952615191082716,2.90920099430931,3.2520224785825698,15.904589107556482,44.47246475271882,74.75343354513416,18.385143598339557,39.76739110514785,32.40403617648769,-23.344334231977303,51.27806172124743,43.24145305551493,23.20166346990575,2.701863553791142,9.636460750734328,3.294234907380344,5.318645934296621,45.741240688193486,68.37851723377082,0_1_40_p0,1,1,1,1,1,2,1,2,0,0,0,0,1,1,1,1,1,1,1,1,1,1,1,1,1,1,1,1,1,1,0,0,1,3,1,1,1,1,1,1,1,1,1,2,1,1
1116.6666666666677,63.04337049645726,-58.99497862125551,17.028552030626532,3.795609852672484,6.381516388275406,2.818476936838673,3.246734470423307,17.44614567916053,42.59238730173524,72.30377104462485,17.333492985828254,38.25962792533542,29.8932704749528,-20.32333241252654,49.11869996471313,41.54893609306474,22.46369657849406,2.762758314596222,9.76009284083402,3.373019502252817,5.452066745524165,43.79388583498862,65.91232867694104,0_1_40_p0,1,1,1,1,1,2,1,2,0,0,0,0,1,1,1,1,1,1,1,1,1,1,1,1,1,1,1,1,1,1,0,0,1,3,1,1,1,1,1,1,1,1,1,2,1,1
1133.3333333333342,63.83064377179757,-60.58057831979201,15.322011697735062,3.670993550829897,5.725670468117639,2.8581923584195628,3.1775438390111685,18.6269411114674,40.712343250210566,69.1647154562667,16.139471657671898,36.77154992064341,27.690224088289437,-17.493298914743978,46.45936039238041,39.69026847553276,21.63816460701097,2.819821109881864,9.685581112069954,3.4031054601669086,5.506747548355484,41.52379659542572,63.24175765742823,0_1_40_p0,1,1,1,1,1,2,1,2,0,0,0,0,1,1,1,1,1,1,1,1,1,1,1,1,1,1,1,1,1,1,0,0,1,3,1,1,1,1,1,1,1,1,1,2,1,1
1150.000000000001,64.58110182108202,-61.95367094321543,13.656209730228149,3.468276152130994,5.327746497429149,3.0552512347155454,3.1156397922391674,19.479386276135784,38.8161224732443,65.3443878913266,15.0172168255974,35.29248822746753,25.725360032458955,-14.94188517358694,43.43188039020168,37.5512682813382,20.828269600664104,2.871373489507933,9.66531864766481,3.41947284583918,5.581679465783836,39.03032344383746,60.25115985248876,0_1_40_p0,1,1,1,1,1,2,1,2,0,0,0,0,1,1,1,1,1,1,1,1,1,1,1,1,1,1,1,1,1,1,1,2,1,3,1,1,1,1,1,1,1,1,1,2,0,0
1166.6666666666674,65.33633446433899,-63.185153029380274,12.23465452789465,3.162726581179632,5.20699075686694,3.325857950542278,3.040520782545725,20.05818814967964,36.81156031821755,61.0083677281002,14.116643743013755,33.81832847594153,23.71881334586491,-12.656227658371025,40.18571809048625,35.19846228796104,20.123183433554924,2.9346382934820827,9.725985533712755,3.4628627360309334,5.848420808191732,36.35176982811824,56.7538549067024,0_1_40_p0,1,1,1,1,1,2,1,2,0,0,0,0,1,1,1,1,1,1,1,1,1,1,1,1,1,1,1,1,1,1,1,2,1,3,1,1,1,1,1,1,1,1,1,2,0,0
1183.333333333334,66.12189509481185,-64.32429157948158,11.13701712014527,2.8204929890477333,5.243479735125273,3.5923808188535684,2.963005154532751,20.376330250925143,34.582150076274395,56.38634914349487,13.417716332017664,32.25369131435272,21.57197410070092,-10.655452856171754,36.852632000798486,32.88391308597032,19.61838016648601,3.039036941734981,9.724693237488577,3.5694676397065024,6.305202630233245,33.46273216177053,52.61023658990155,0_1_40_p0,1,1,1,1,0,0,1,2,0,0,0,0,1,1,1,1,1,1,1,1,1,1,1,1,1,1,1,1,1,1,1,2,1,3,1,1,1,1,1,1,1,1,1,2,0,0
1200.000000000001,66.92808129131801,-65.39748619926564,10.25634275902738,2.549631625504294,5.281968952777539,3.865784017613033,2.970039479668388,20.50523951052197,32.138505365435016,51.65925283546229,12.8149463303235,30.416674258301004,20.060317480593174,-9.034677589144753,33.58881635517319,30.747832701018368,19.382396502001743,3.201649884863267,9.533554260824374,3.730573221889639,6.639511205147327,30.33551858406571,48.26240840313779,0_1_40_p0,1,1,1,1,0,0,1,2,0,0,0,0,1,1,1,1,1,1,1,1,1,1,1,1,1,1,1,1,1,1,1,2,1,3,1,1,1,1,1,1,1,1,1,2,0,0
1216.6666666666672,67.71944838809574,-66.37564599001088,9.432956979277629,2.4392665090428305,5.267580493080161,4.119347805093953,3.0886265038949454,20.59183926732028,29.75620574778494,47.051237257368456,12.253338360935064,28.121614581739525,19.250072806573225,-7.814704215134967,30.523770331707823,28.66258528301483,19.264998392689748,3.3767830004812964,9.124131696426709,3.8437742125505023,6.841879646146621,27.142462022137828,44.456802073928,0_1_40_p0,1,1,1,1,0,0,1,2,1,1,0,0,1,1,1,1,1,1,1,1,1,1,1,1,1,1,1,1,1,1,1,2,1,3,1,1,1,1,1,1,1,1,1,2,0,0
1233.333333333334,68.46777616147075,-67.19027953021428,8.675245626133723,2.4810009326053257,5.371047701324067,4.315321988841214,3.2209268493329137,20.67398117001074,27.85853221665836,42.91525249307777,11.704817673899846,25.58039073752933,18.771573900744443,-6.854535800742509,27.739989497732594,26.48046348049565,18.912000366305,3.5038846336773783,8.587309940322315,3.957685407875719,6.745679564245328,24.191388019183435,41.25864890582067,0_1_40_p0,1,1,1,1,0,0,1,2,1,1,0,0,1,1,1,1,1,1,1,1,1,1,1,1,1,1,1,1,1,1,1,2,1,3,1,1,1,1,1,1,1,1,1,2,0,0
1250.0000000000005,69.25535001523242,-67.83245401701213,8.051423484390359,2.5509617005375027,5.452696132525113,4.470683302723111,3.198118791926749,20.495158220383946,26.68903630902877,39.5376315175958,11.083223321601348,23.37374894629401,18.39029522669208,-6.045410710649787,25.36335036397391,24.38345956872751,18.22442901089193,3.545938265569348,8.036966688658378,4.144723685650222,6.419145317494079,21.54437883406389,38.571056478259166,0_1_40_p0,1,1,1,1,0,0,1,2,1,1,0,0,1,1,1,1,1,1,1,1,1,1,1,1,1,1,1,1,1,1,1,2,1,3,1,1,1,1,1,1,1,1,1,2,0,0
1266.666666666667,70.30559722250713,-68.41379093852275,7.584387402440976,2.5764449579432096,5.454020171232584,4.576769278902612,2.999838683274397,19.609822516592,26.24075142457372,37.065354174105885,10.286292827293416,21.461192430714487,18.13020343338473,-5.489949010257828,23.50022661298316,22.58208366489413,17.420425211580984,3.457684484500434,7.505796435067286,4.34904342215846,6.121752076391262,19.210092329187603,36.35616308341344,0_1_40_p0,1,1,1,1,0,0,1,2,1,1,0,0,1,1,1,1,1,1,1,1,1,1,1,1,1,1,1,1,1,1,1,2,1,3,1,1,1,1,1,1,1,1,1,2,0,0
1283.3333333333337,71.79903848635408,-69.09642709104521,7.290119689126158,2.5930190162213305,5.550379186270719,4.574050595347809,2.804237435337086,18.872986808128807,26.402728168037047,35.51145046148362,9.38743965355138,19.958677918197537,18.11444241849464,-5.379095174877034,22.19606844125016,21.20944463567764,16.620577338428973,3.377811966854973,6.97482503886356,4.379761796575212,5.951618393023022,17.240257719272527,34.72949191267339,0_1_40_p0,1,1,1,1,0,0,1,2,1,1,0,0,1,1,1,1,1,1,1,1,1,1,1,1,1,1,1,1,1,1,1,2,1,3,1,1,1,1,1,1,1,1,1,2,0,0
1300.0000000000005,73.69203107208611,-69.95121723503065,7.125987177183353,2.61901537497861,5.7803782852817385,4.534882939511842,2.619154747326,18.634601690243407,27.027098050740648,34.81556417011713,8.673712610927748,19.05954239185613,18.45154653605295,-5.8199390298364735,21.468915051766825,20.43363968858575,15.84015920738076,3.3573403295065227,6.505732521923181,4.289130835322923,5.863481307440965,15.754010126867607,33.8955215182315,0_1_40_p0,1,1,1,1,0,0,1,2,1,1,0,0,1,1,1,1,1,1,1,1,1,1,1,1,1,1,1,1,1,1,1,2,1,3,1,1,1,1,1,1,1,1,1,2,0,0
1316.666666666667,75.78804377178244,-70.87345874108941,7.030701095530711,2.668424980860985,6.102837170273899,4.572666417011777,2.5312097667834763,18.679754430317008,27.981463920823018,34.926559445165324,8.293877635589636,18.876785843231247,19.22305431423631,-6.8032080703104185,21.326104040001315,20.257025663924768,15.257415891590025,3.408448344353168,6.154026319428644,4.241197443860013,5.735611041904728,14.839044686375136,33.9995412162436,0_1_40_p0,1,1,1,1,0,0,1,2,1,1,0,0,1,1,1,1,1,1,1,1,1,1,1,1,1,1,1,1,1,1,1,2,1,3,1,1,1,1,1,1,1,1,1,2,0,0
1333.3333333333337,77.89961193842954,-71.6266723320658,6.979738285694969,2.7865165135885874,6.514405829111667,4.6420226325823055,2.442630212118344,18.832294061358528,29.215730918424207,35.831393828328174,8.317836154679798,19.36193445127628,20.349351191762292,-8.14847547987286,21.769793768011237,20.55525785848385,15.016728108112115,3.50373699056442,6.003317982571475,4.250670047007868,5.564504987561177,14.490287153309774,35.01553029424319,0_1_40_p0,1,1,1,1,0,0,1,2,1,1,0,0,1,1,1,1,1,1,1,1,1,1,1,1,1,1,1,1,1,1,1,2,1,3,1,1,1,1,1,1,1,1,1,2,0,0
1350.0,79.90500696232793,-71.96022424640822,6.994319233305195,2.9715753670962286,6.976812201464562,4.692187939425186,2.325420921712031,19.056439777549876,30.724830406722017,37.53793112715921,8.75290830617703,20.321217012815374,21.53103160303432,-9.42951724848918,22.77276427473632,21.19521788235041,15.030318650652138,3.5754776367260392,6.104766593368705,4.309444336291385,5.3644723889887045,14.710129448921094,36.778253338054384,0_1_40_p0,1,1,1,1,0,0,1,2,1,1,0,0,1,1,1,1,1,1,1,1,1,1,1,1,1,1,1,1,1,1,1,2,1,3,1,1,1,1,1,1,1,1,1,2,0,0
1366.6666666666667,81.74522721069482,-71.72050747366185,7.114769110072402,3.173044102341433,7.435266368569237,4.674593081809908,2.293526952729667,19.35461242578872,32.47097226377232,40.05731118323511,9.581383657859773,21.59554249666033,22.667225835833648,-10.114977762884074,24.29278022873263,22.071822305203547,15.169774779654889,3.588520270752267,6.351521299091133,4.383614268938072,5.09477880376404,15.503221771044918,39.13235078815478,0_1_40_p0,1,1,1,1,1,3,1,2,1,1,0,0,1,1,1,1,1,1,1,1,1,1,1,1,1,1,1,1,1,1,1,2,1,3,1,1,1,1,1,1,1,1,1,2,0,0
1383.3333333333333,83.42431032683058,-70.8998891258845,7.376457148047649,3.301872009132444,7.49007145679867,4.554679516085978,2.344338633771681,19.67598161862736,34.414389146027595,43.38461032037817,10.714219855237582,23.11846456251981,23.927814298543364,-9.919846424082,26.31987848051294,23.225349524093943,15.400960194049569,3.593531378835685,6.571864609162052,4.429277165090703,4.740698023929956,16.794529916230612,42.046518535862205,0_1_40_p0,1,1,1,1,1,3,1,2,1,1,0,0,1,1,1,1,1,1,1,1,1,1,1,1,1,1,1,1,1,1,1,2,1,3,1,1,1,1,1,1,1,1,1,2,0,0
1400.0,85.02767378282788,-69.58174593325901,7.874994085094111,3.320305252382721,7.01404462246115,4.391170792248045,2.3695033366960034,19.973990397374106,36.59808300505145,47.47931330642673,11.901506550796936,24.864379185652645,25.475162543548947,-8.987538768815813,28.88670921931409,24.7977383028367,15.776656320791089,3.672885868176933,6.6949742027034365,4.440852811145308,4.3858262348962125,18.493985875227168,45.62450488283877,0_1_40_p0,1,1,1,1,1,3,1,2,1,1,0,0,1,1,1,1,1,1,1,1,1,1,1,1,1,1,1,1,1,1,1,2,1,3,1,1,1,1,1,1,1,1,1,2,0,0
1416.6666666666663,86.72660549432163,-67.83532393586235,8.65390539562043,3.2750138606435764,6.319977289388081,4.290665366916684,2.394224804816641,20.24731878785589,39.12072142322563,52.26099470729922,12.968430009533687,26.83868154113787,27.415717680555577,-7.662649187903597,32.0173756578234,26.80958533378401,16.352719210732005,3.868207530662058,6.763730619312215,4.46676439034307,3.975998569650503,20.586470287397333,50.014540315274914,0_1_40_p0,1,1,1,1,1,3,1,2,1,1,0,0,1,1,1,1,1,1,1,1,1,1,1,1,1,1,1,1,1,1,1,2,1,3,1,1,1,1,1,1,1,1,1,2,0,0
1433.333333333333,88.7003654864212,-65.64999934012864,9.638984943999596,3.220053372378831,5.800367272343063,4.289485755980298,2.378585951061258,20.51257722944201,42.06425607625214,57.61096328450439,13.95090575359314,29.056611218477585,29.71049086397441,-6.140266509374965,35.64382525494311,29.10444210888921,17.133535803509172,4.153997482157506,6.851282703859808,4.524555972866112,3.5079913810604664,23.081170353328528,55.24761053626279,0_1_40_p0,1,1,1,1,1,3,1,2,1,1,0,0,1,1,1,1,1,1,1,1,1,1,1,1,1,1,1,1,1,1,1,2,1,3,1,1,1,1,1,1,1,1,1,2,0,0
1449.9999999999995,90.97435711953796,-62.92819618402065,10.761728889005584,3.166903280076727,5.742752612497551,4.33249794710219,2.3193394058111547,20.76891367983412,45.415919153427126,63.35941888202375,14.94826754369424,31.56128355586473,31.593931021668443,-4.377667182327636,39.55603555136829,31.526405058237465,18.07351946941745,4.4607279129469175,6.989182960028055,4.5894127188169405,3.158874693122724,25.936711306277196,60.71816696573346,0_1_40_p0,1,1,1,1,1,3,1,2,1,1,0,0,1,1,1,1,1,1,1,1,1,1,1,1,1,1,1,1,1,1,1,2,1,3,1,1,1,1,1,1,1,1,1,2,0,0
1466.6666666666663,93.31325399653502,-59.53433708704455,11.968418645709352,3.1095546556647142,6.148294249470926,4.378193878697825,2.304633469069589,21.023929658169276,48.97040931002528,69.1784035546277,16.02120514953549,34.48063627159098,33.041658193507786,-2.252145013261388,43.53621441526478,34.125640631663856,19.154545757302163,4.709789378419632,7.164357572483993,4.6346503972294775,3.057326429880532,28.952861636636115,65.54652877028711,0_1_40_p0,1,1,1,1,1,3,1,2,1,1,0,0,1,1,1,1,1,1,1,1,1,1,1,1,1,1,1,1,1,1,1,2,1,3,1,1,0,0,1,1,1,1,1,2,0,0
1483.333333333333,95.32058056707056,-55.3784346064367,13.11093990906397,3.051699920849545,6.542080713487493,4.436970916264347,2.3567805804020296,21.378480448599404,52.349136817438975,74.58639621019064,17.29380866602526,37.61949677462948,34.399632166831424,0.2860380463035321,47.430342218240405,36.964708225271295,20.401782113465597,4.866213807402519,7.392022627958504,4.611460884220338,3.2503053476884984,31.87720190017036,69.66970743352914,0_1_40_p0,1,1,1,1,0,0,1,2,1,1,0,0,1,1,1,1,1,1,1,1,1,1,1,1,1,1,1,1,1,1,1,2,1,3,1,1,1,2,1,1,1,1,1,2,0,0
1499.9999999999995,96.64773915010794,-50.45273233119424,14.129303904089731,2.9982664287047163,6.730119585266968,4.500649623855992,2.489550306519774,21.976011769597232,55.2781534402301,79.22131503724182,18.914811148213342,40.42838917135487,35.90212760542756,3.2529264613088524,51.04524836672646,39.667970133035645,21.75708527936947,4.978231527076331,7.740987156094904,4.536372301402225,3.566997074943103,34.7214511303046,73.32139646289455,0_1_40_p0,1,1,1,1,0,0,1,2,1,1,0,0,1,1,1,1,1,1,1,1,1,1,1,1,1,1,1,1,1,1,1,2,1,3,1,1,1,2,1,1,1,1,1,2,0,0
1516.666666666666,97.12431670964048,-44.786397807553534,15.127461230440147,2.9509328708327835,6.740056060716712,4.550239765257008,2.657271500882952,22.905215306320272,57.7385624626583,82.92020853948486,20.91279271781284,43.045356058379575,37.66516310015167,6.741234099435885,54.17688870047986,41.86993962888431,23.15958597222461,5.095181002981731,8.185199273586068,4.469798977370459,3.888103391709514,37.53650267760072,76.69477055676363,0_1_40_p0,1,1,1,1,0,0,1,2,1,1,0,0,1,1,1,1,1,1,1,1,1,1,1,1,1,1,1,1,1,1,1,2,1,3,1,1,1,2,1,1,1,1,1,2,0,0
1533.3333333333328,96.8131232206564,-38.42052504564625,16.193012404833894,2.900152402952211,6.614684504409842,4.634385343057324,2.7849653571965267,23.09609347255179,59.81633513976534,85.68657393010876,23.08806858327512,45.41733826155619,39.81475144444864,10.84035104983976,56.67862434026715,43.53193141845608,24.60439651859676,5.077317025491125,8.51434746357051,4.502735975571397,4.158687551293531,40.31723640046137,79.77959575189013,0_1_40_p0,1,1,1,1,0,0,1,2,1,1,0,0,1,1,1,1,1,1,1,1,1,1,1,1,1,1,1,1,1,1,1,2,1,3,1,1,1,2,1,1,1,1,1,2,0,0
1549.999999999999,95.94761969236734,-31.474939774307877,17.298164290768632,2.872944127390153,6.493712041771893,4.722168641751331,3.0061491047910325,22.373362746861957,61.55900208536255,87.62234684925707,25.03897920728905,47.29283002411044,42.46374608592665,15.510347785285008,58.511970329305775,44.71555594484136,25.922332286757705,4.952116362415369,8.42501839504201,4.609196442148416,4.310117815472471,42.95533391678757,82.40102553329623,0_1_40_p0,1,1,1,1,0,0,1,2,1,1,0,0,1,1,1,1,1,1,1,1,1,1,1,1,1,1,1,1,1,1,1,2,1,3,1,1,1,2,1,1,1,1,1,2,1,2
1566.666666666666,94.74580426521892,-24.197575900888,18.36307636277597,2.906565594707242,6.399561124054864,4.707837919901949,3.269103786903521,21.23752701189534,62.984971927879705,88.83602391783992,26.565016675084397,48.48670199035942,45.56479690938003,20.61222431182931,59.7733566321253,45.502900352936194,26.746650564009435,4.831899989766406,8.065456372912807,4.681635269440708,4.321487751530559,45.28816358466108,84.32867274752844,0_1_40_p0,1,1,1,1,0,0,1,2,1,1,0,0,1,1,1,1,1,1,1,1,1,1,1,1,1,1,1,1,1,1,1,2,1,3,1,1,1,2,1,1,1,1,1,2,1,2
1583.3333333333326,93.31133788956052,-16.885149455868234,19.45609975868538,2.95267886680489,6.395495712456361,4.61000111778094,3.5951770047239533,20.04238317545957,64.15502641633007,89.38786103338833,27.635021298142668,49.00761145976639,48.90877267865501,25.92347015187078,60.64140721636659,45.94185133119957,26.97256575720685,4.745149084349815,7.770289481567952,4.6794569845656095,4.134332772900747,47.17357055783816,85.44276193922941,0_1_40_p0,1,1,1,1,0,0,1,2,1,1,0,0,1,1,1,1,1,1,1,1,1,1,1,1,1,1,1,1,1,1,1,2,1,3,1,1,1,2,1,1,1,1,1,2,1,2
1599.999999999999,91.6931594274814,-9.757020399504109,20.78813528447002,3.002062692565626,6.481614142729573,4.45857399627624,3.916894943412157,18.956322463239,65.21800536543392,89.34149005515306,28.219804574334827,48.998993576542965,52.26030342480307,31.06471718783968,61.276714335808535,46.05425007395014,26.89399264693564,4.661621985606299,7.468812765420499,4.526769040066553,3.824266573761816,48.53214710519919,85.85501258324743,0_1_40_p0,1,1,1,1,0,0,1,2,1,1,1,1,1,1,1,1,1,1,1,1,1,1,1,1,1,1,1,1,1,1,1,2,1,3,1,1,1,2,1,1,1,1,0,0,1,2
1616.6666666666658,89.93977796535168,-2.913573219824122,22.44469162415392,3.059840599037442,6.589218318603408,4.285092042866355,4.08971475103583,17.95100257754226,66.33778905772098,88.83699656875609,28.26400328757895,48.63835304548655,55.27695400740984,35.57789836875834,61.74209361824165,45.87577361947237,26.816845609258817,4.544559869263034,7.116974191811865,4.279128685797925,3.634467590474349,49.39280861754594,85.804381792945,0_1_40_p0,1,1,1,1,0,0,1,2,1,1,1,1,1,1,1,1,1,1,1,1,1,1,1,1,1,1,1,1,1,1,1,2,1,3,1,1,1,2,1,1,1,1,0,0,1,2
1633.3333333333323,88.06933326911512,3.612559689367693,24.22415927154279,3.1246971750502364,6.689686369161754,4.1742374412631245,4.147018948394735,16.89497803302418,67.53763836881097,88.0509153122103,27.86356664368087,48.059929205470745,57.612711341078864,39.21758632838086,61.98677094717068,45.43979008263967,26.869036203470973,4.375087395791777,6.685467652274745,4.047034582665298,3.700872700089108,49.88813504542616,85.408161255511,0_1_40_p0,1,1,1,1,1,4,1,2,1,1,1,1,1,1,1,1,1,1,1,1,1,1,1,1,1,1,1,1,1,1,1,2,1,3,1,1,1,2,1,1,1,1,0,0,1,2
1649.999999999999,85.99652163123291,9.781900295730356,25.78910359040928,3.186484939705492,6.825414029035559,4.179429696625107,4.19770906068436,15.723951765910249,68.66225449084847,87.07238357338062,27.386292198181277,47.29671936575055,59.35041825861987,42.09792896744071,61.86721885125003,44.76110470152123,27.040525026054105,4.162265275734339,6.2805096633778295,3.8555073607962167,3.8905255132897945,50.16117999120171,84.56289002539062,0_1_40_p0,1,1,1,1,1,4,1,2,1,1,1,1,1,1,1,1,1,1,1,1,1,1,1,1,1,1,1,1,1,1,1,2,1,3,1,1,1,2,1,1,1,1,0,0,1,2
1666.6666666666656,83.49560671789295,15.512024109893645,26.93105968342846,3.232930268464228,7.031624219828153,4.2325560799021416,4.281143641981701,14.609632587584944,69.49078606991566,85.81004407565895,27.22656913601413,46.33249682940116,60.82742459817605,44.49742803625716,61.214490729515965,43.85036336711409,27.248541662050656,3.952056982328737,6.089661615577765,3.682843565860469,4.142174886398986,50.29251206944341,83.11108709318076,0_1_40_p0,1,1,1,1,1,4,1,2,1,1,1,1,1,1,1,1,1,1,1,1,1,1,1,1,1,1,1,1,1,1,1,2,1,3,1,1,1,2,1,1,1,1,1,3,1,2
1683.3333333333323,80.29926397463373,20.69111356297348,27.694724182087565,3.245853689546962,7.270249132873472,4.286955541986492,4.411254900634204,13.770309900089376,69.83614150168368,84.05743706161749,27.417385651414847,45.22649537916618,62.22818478901485,46.61756248343989,59.95712602888956,42.70200400046165,27.34727852391095,3.760430784398901,6.016245533099993,3.5158433102028974,4.350925415325334,50.30732256164588,81.0574643597712,0_1_40_p0,1,1,1,1,1,4,1,2,1,1,1,1,1,1,1,1,1,1,1,1,1,1,1,1,1,1,1,1,1,1,1,2,1,3,1,1,1,2,1,1,1,1,1,3,1,2
1699.9999999999989,76.31578940523967,25.20331641092195,28.255635197408576,3.2169530308323786,7.413889565037211,4.3402128371901165,4.463773262296141,13.19365414439016,69.56058284210981,81.71331401731696,27.614676801009274,44.107305686364285,63.49936922281707,48.51768964776671,58.169086416667895,41.29099706135862,27.21739282621656,3.609896147189836,5.917461039621703,3.370557284832366,4.321983727193716,50.182423118269085,78.58782490244135,0_1_40_p0,1,1,1,1,1,4,1,2,1,1,1,1,1,1,1,1,1,1,1,1,1,1,1,1,1,1,1,1,1,1,1,2,1,3,1,1,1,2,1,1,1,1,1,3,1,2
1716.6666666666656,71.75165886879684,28.92502406789174,28.720823875255668,3.141784022169732,7.371272114973133,4.404165207811931,4.331414632902519,12.657218137259186,68.60401924823125,78.89556292303051,27.368073836252737,43.02576906006891,64.4632452799821,50.125728324972165,56.01309115105349,39.62861335765817,26.912618150814566,3.5225833539772102,5.732709849602511,3.27402178806562,4.134565759989997,49.83123459983602,75.89749519606018,0_1_40_p0,1,1,1,1,1,4,1,2,1,1,1,1,1,1,1,1,1,1,1,1,1,1,1,1,1,1,1,1,1,1,1,2,1,3,1,1,1,2,1,1,1,1,1,3,1,2
1733.333333333332,66.9685039055653,31.7366995736112,29.082289187206,3.0179092862200867,7.2023553354600445,4.482513951403823,4.116326955386279,11.853533489258846,67.03476260758525,75.83618578274194,26.381041615143506,41.90518091558779,64.93972060282795,51.28283824206589,53.679842077873566,37.79102168939052,26.60382410471402,3.5128971578650985,5.478871845525429,3.1838536578560777,3.990038967545564,49.16649871733123,73.03194144825133,0_1_40_p0,1,1,1,1,0,0,1,2,1,1,1,1,1,1,1,1,1,1,1,1,1,1,1,1,1,1,1,1,1,1,1,2,1,3,1,1,1,2,1,1,1,1,1,3,1,2
1749.9999999999989,62.25439847919836,33.58402554668966,29.326694862403706,2.900774995265793,7.071717295688094,4.569101035573006,3.9645199274094542,10.740756453588087,65.00754075435029,72.74807521473328,24.71429021351041,40.65051747180789,64.81999367153841,51.82168261495623,51.33197196848744,35.870050209560986,26.37762252452816,3.5737246417957764,5.108133495113408,3.090956383658197,3.849351817045904,48.21497290470774,69.94284715291055,0_1_40_p0,1,1,1,1,0,0,1,2,1,1,1,1,1,1,1,1,1,1,1,1,1,1,1,1,1,1,1,1,1,1,1,2,1,3,1,1,1,2,1,1,1,1,1,3,1,2
1766.6666666666654,57.71822277879316,34.49568499765617,29.45350428927808,2.950367966305122,7.165234656758768,4.645357038831994,3.927867518606289,9.802899362551452,62.67700015665626,69.77118045901949,22.863589226316005,39.230964443486165,64.0447639119851,51.62575310279256,49.07491620070432,33.93023814634641,26.217890651440296,3.672225561721788,4.60341029577568,3.0485518684117303,3.672679443195405,47.10756595576781,66.64665917341515,0_1_40_p0,1,1,1,1,0,0,1,2,1,1,1,1,1,1,1,1,1,1,1,1,1,1,1,1,1,1,1,1,1,1,1,2,1,3,1,1,1,2,1,1,1,1,1,3,1,2
1783.333333333332,53.32454183079906,34.54644044477966,29.396466249415067,3.169602211809403,7.376586387117264,4.679087223302684,3.914394990842116,9.57694049347939,60.204722338578485,66.95069661526105,21.250823012053864,37.67693425422432,62.61957811406252,50.69495008204417,46.94574657550205,32.00945834699232,26.18657959750252,3.775840313263585,4.269508262649306,3.0654441483639343,3.479660042787705,45.937949742805344,63.23565750931232,0_1_40_p0,1,1,1,1,1,5,1,2,1,1,1,1,1,1,1,1,1,1,1,1,1,1,1,1,1,1,1,1,1,1,1,2,1,3,1,1,1,2,1,1,1,1,1,3,1,2
1799.9999999999984,49.05311634214882,33.8443098077504,29.06180840169291,3.505720332081663,7.510618331172202,4.650511763810863,3.783381882167947,10.026898036200736,57.75146221626931,64.23121740742334,20.00091422342467,36.04972897247687,60.69099234302468,49.16728634473027,44.91515949219836,30.126775058098765,26.485336516505647,3.827173678126437,4.487209457788994,3.087442892037842,3.2995774000571907,44.68681584843157,59.80459425243044,0_1_40_p0,1,1,1,1,1,5,1,2,1,1,0,0,1,1,1,1,1,1,1,1,1,1,1,1,1,1,1,1,1,1,1,2,1,3,1,1,1,2,1,1,1,1,1,3,1,2
1816.6666666666647,45.010387916270126,32.516559788609364,28.40228666504721,3.853063758951926,7.376286739041678,4.580140276711404,3.465197394325949,10.892841510370122,55.36876881663144,61.52288819250934,19.08507692257549,34.40501560139368,58.50270286127641,47.21918166849148,42.93572146754518,28.28620214274765,27.25437523271729,3.756516724410914,5.053640472211616,3.095291981910324,3.163509678486991,43.3248291335324,56.403338700037175,0_1_40_p0,1,1,1,1,1,5,1,2,1,1,0,0,1,1,1,1,1,1,1,1,1,1,1,1,1,1,1,1,1,1,1,2,1,3,1,1,1,2,1,1,1,1,1,3,1,2
1833.333333333332,41.36722534982615,30.666113736669733,27.34867677559276,4.139919566792592,6.779434650132064,4.502161766822826,3.006469527191485,11.880912425353856,52.91352856742992,58.78352424938591,18.44069346893072,32.75884117678701,56.27227660532268,44.959937264085546,40.972777147520944,26.490325978534063,28.37155145692213,3.625146672919739,5.545088034233672,3.1040698663129165,3.094027727724871,41.94851979739586,53.03797951437103,0_1_40_p0,1,1,1,1,1,5,1,2,1,1,0,0,1,1,1,1,1,1,1,1,1,1,1,1,1,1,1,1,1,1,1,2,1,3,1,1,1,2,1,1,1,1,1,3,1,2
1849.9999999999984,38.21879560619523,28.36591532724532,25.778570933548178,4.3324173509848265,6.128938192501868,4.448048831930074,2.544872838748059,12.733717170421336,50.109404484058416,56.00323361082193,18.10731269266187,31.09776454077158,54.15618165476748,42.44378430709315,39.01502353538278,24.74237892933475,29.51575711471251,3.543018861864925,5.944436672605939,3.135165335688681,3.0495423549253684,40.74433459960729,49.714621702273945,0_1_40_p0,1,1,1,1,1,5,1,2,1,1,0,0,1,1,1,1,1,1,1,1,1,1,1,1,1,1,1,1,1,1,1,2,1,3,1,1,0,0,1,1,1,1,1,3,1,2
1866.666666666665,35.497894591049906,25.716693036522507,23.7103042824489,4.437669405793083,5.662997185849475,4.440010812778565,2.211702891175264,13.49746807152444,46.75235952158729,53.164302615715656,18.16478629617074,29.44262074590889,52.27252439608394,39.72495162394077,37.10473820111122,23.0396584380587,30.358538515056612,3.568459285063016,6.264673083185385,3.189852708178428,2.9896895626630644,39.80727698245979,46.47557585855218,0_1_40_p0,1,1,1,1,1,5,1,2,1,1,0,0,1,1,1,1,1,1,1,1,1,1,1,1,1,1,1,1,1,1,1,2,1,3,1,1,0,0,1,1,1,1,1,3,1,2
1883.3333333333317,33.0422071647694,22.881431349303387,21.59047510017946,4.519032210750834,5.326964640069806,4.41298045717035,1.975460567223776,14.523530130847536,42.88301025099619,50.25749695402243,18.55653112536882,27.867041420336783,50.64140287784417,36.849274531114666,35.31106780456603,21.37934022117186,30.672170093623173,3.671054283320868,6.500870479172963,3.2419849588936334,2.879277429726206,39.03869744720275,43.41825494605519,0_1_40_p0,1,1,1,1,1,5,1,2,1,1,0,0,1,1,1,1,1,1,1,1,1,1,1,1,1,1,1,1,1,1,1,2,1,3,1,1,0,0,1,1,1,1,1,3,1,2
1899.999999999998,30.776694194620717,20.054470166130024,19.78779481780488,4.652735427162043,5.12793155348098,4.277321356292971,1.758490346938151,16.126043874918583,38.75167341824728,47.306202977648525,19.075299426741545,26.44955295553543,49.161091355778055,33.8202824137205,33.67126695048076,19.73567824608993,30.38361011595744,3.752117126421833,6.496885682951934,3.2547245593707963,2.75110347802163,38.22364381792338,40.67670545860295,0_1_40_p0,1,1,1,1,1,5,1,2,1,1,0,0,1,1,1,1,1,1,1,1,1,1,1,1,1,1,1,1,1,1,1,2,1,3,1,1,0,0,1,1,1,1,1,3,1,2
1916.6666666666647,28.848824653305115,17.42611143011573,18.38497970405551,4.891757257381835,4.92255276393129,4.077903700867382,1.516093878517757,18.260778594048418,34.66745527563829,44.39542437301407,19.530765330261254,25.275929190417216,47.787551736857054,30.61572992877421,32.202891924661245,18.04412984053688,29.630316146807896,3.692385893563296,6.222030019615971,3.21344096413178,2.6466310095754557,37.1598395306468,38.32521544510277,0_1_40_p0,1,1,1,1,1,5,1,2,1,1,0,0,1,1,1,1,1,1,1,1,1,1,1,1,1,1,1,1,1,1,1,2,1,3,1,1,0,0,1,1,1,1,1,3,1,2
1933.333333333332,27.541540021901596,15.14923748233878,17.339888505885177,5.277217284101695,4.560568198460908,3.8608106581422166,1.2910372696836552,20.65784777957381,30.974127247047544,41.67066421562863,19.91295736104116,24.42806096417379,46.65493412075209,27.25985203336884,30.93247079885816,16.273832580412982,28.691038397607755,3.4657115579802307,5.942850062867651,3.1337525499656262,2.5992210920252523,35.76620127854283,36.28537378621926,0_1_40_p0,1,1,1,1,1,5,1,2,0,0,0,0,1,1,1,1,1,1,1,1,1,1,1,1,1,1,1,1,1,1,1,2,1,3,1,1,0,0,1,1,1,1,1,3,1,2
1949.999999999998,26.965559628208325,13.288134905363474,16.544580861059202,5.830803314517384,4.120808202201028,3.635456631892999,1.1499791285592251,23.106646961306765,27.9099549198928,39.24460798074261,20.391157715652128,23.91052241861307,45.95976042071528,23.877855752801924,29.881924790365417,14.477570453732142,27.77946619243927,3.10360031174743,5.683095919863517,3.0454967646769897,2.641461205654553,34.159851757540615,34.38947285796879,0_1_40_p0,1,1,1,1,1,5,1,2,0,0,0,0,1,1,1,1,1,1,1,1,1,1,1,1,1,1,1,1,1,1,1,2,1,3,1,1,0,0,1,1,1,1,0,0,1,2
1966.6666666666647,26.974127938368973,11.827903610067944,15.917002317724192,6.546516674348377,3.8110655349435616,3.3884796908546395,1.070626892257786,25.51091191496057,25.546013821580583,37.121505778373226,21.19754044617111,23.67478118284033,45.87984220528483,20.65554278126946,29.0185994330365,12.759476808333169,26.98212796996074,2.692591230628461,5.763394585386445,2.9901512635554885,2.6814470449494907,32.56460887293311,32.5418346959375,0_1_40_p0,1,1,1,1,1,5,0,0,0,0,0,0,1,1,1,1,1,1,1,1,1,1,1,1,1,1,1,1,1,1,0,0,1,3,1,1,0,0,1,1,1,1,0,0,1,2
1983.3333333333312,27.39912393582316,10.759731249473525,15.423482539829848,7.396868255504755,3.720942234608647,3.1148781218043755,0.985478735162766,27.916760490619687,23.857920580271436,35.2355069492046,22.45268119246134,23.688072776916616,46.47028926739898,17.747293092216612,28.226439828188077,11.218954127501163,26.279801978946598,2.3384669942830065,6.142432891359819,3.000808210737884,2.548994064747294,31.132908889164653,30.76119469649172,0_1_40_p0,1,1,1,1,1,5,0,0,0,0,0,0,1,1,1,1,1,1,1,1,1,1,1,1,1,1,1,1,1,1,0,0,1,3,1,1,0,0,1,1,1,1,0,0,1,2
1999.9999999999973,28.171848838071483,10.122197715160231,15.02853910036981,8.26455832074083,3.73018126436346,2.851814056974116,0.8622241439593314,30.38039745321348,22.74270733729385,33.49982003312172,24.023030894883156,23.902006091528136,47.600218852206616,15.22746628480144,27.3736871114939,9.868270491119722,25.57004613474139,2.0570385097099155,6.627689907863711,3.051989421126277,2.333499891920233,29.82791737836188,29.06971966259892,0_1_40_p0,1,1,1,1,1,5,0,0,0,0,0,0,1,1,1,1,1,1,1,1,1,1,1,1,1,1,1,1,1,1,0,0,1,3,1,1,0,0,1,1,1,1,0,0,1,2
2016.6666666666645,29.26321260907641,9.952911175029037,14.715906497367552,8.90161583946309,3.6323645190380542,2.6774521003416347,0.718361242018905,32.66369542591613,22.022007570590507,31.826283426938723,25.455533306963325,24.250525330434872,49.052845328828354,13.081247440727592,26.40917193550039,8.715937480481923,24.756584091036725,1.8245875622677823,7.112904352493908,3.0843247384504204,2.1281530254057257,28.46048732756877,27.453123992877515,0_1_40_p0,1,1,1,1,1,5,0,0,0,0,0,0,1,1,1,1,1,1,1,1,1,1,1,1,1,1,1,1,1,1,0,0,1,3,1,1,0,0,1,1,1,1,0,0,0,0
2033.333333333331,30.62600241390917,10.222569585948117,14.548841246479483,9.300370725401969,3.687022341006088,2.691653588419098,0.6017558204253967,34.3646199099489,21.48691360244999,30.17097781630162,26.456718577817107,24.72178868936131,50.55717704270749,11.191911996978256,25.390242369720696,7.745800994329601,23.858066360426285,1.6285056493270118,7.445317593472802,3.072174383231168,1.9608461729307984,26.93198525264459,25.915862397491114,0_1_40_p0,1,1,1,1,1,5,0,0,0,0,0,0,1,1,1,1,1,1,1,1,1,1,1,1,1,1,1,1,1,1,0,0,1,3,1,1,0,0,1,1,1,1,0,0,0,0
2049.9999999999977,32.15982690409873,10.831941069797772,14.591233276620253,9.573427312020454,3.978046248944135,2.9136360969207638,0.5396626071918897,35.35147511008591,20.9965736969709,28.58145303548771,27.064046036504653,25.383428209444304,51.796697984678026,9.372344242429724,24.407434353523477,6.889967161340666,22.92135155040282,1.4736762030091912,7.474071906832431,3.014046948004672,1.8049725361157667,25.367252689885586,24.47683858660016,0_1_40_p0,1,1,1,1,1,5,1,3,0,0,0,0,1,1,1,1,1,1,1,1,1,1,1,1,1,1,1,1,1,1,0,0,1,3,1,1,0,0,1,1,1,1,0,0,0,0
2066.666666666664,33.725238251024386,11.6744480609004,14.817049606970745,9.78230730754982,4.486595471319837,3.2531518793500886,0.53691602516822,35.68839815845886,20.54167834581496,27.17581269268214,27.421950483024773,26.288445659847703,52.558706878606216,7.487056996083666,23.468874644578744,6.117677718520801,21.90171772343244,1.3422756266549445,7.1979861071514,2.906629096887948,1.7134158038781493,23.908780956716363,23.162349059919336,0_1_40_p0,1,1,1,1,1,5,1,3,0,0,0,0,1,1,1,1,1,1,1,1,1,1,1,1,1,1,1,1,1,1,0,0,1,3,1,1,0,0,1,1,1,1,0,0,0,0
2083.3333333333308,35.1698425773549,12.676988618828714,15.169733627683865,9.94487619163374,5.135438611931512,3.589236833172788,0.5684861216078738,35.64364956870887,20.2213588166494,26.037322914328115,27.600615808013597,27.351130766170503,52.83174929094562,5.560051076968715,22.504389134611472,5.4662332579964,20.73452657267925,1.2086393319601485,6.650870483864038,2.78951943761573,1.7583442307167778,22.497218377314784,21.99699807858948,0_1_40_p0,1,1,1,1,1,5,1,3,0,0,0,0,1,1,1,1,1,1,1,1,1,1,1,1,1,1,1,1,1,1,0,0,1,3,0,0,0,0,1,1,1,1,0,0,0,0
2099.999999999997,36.36328281795196,13.766513980826858,15.63613677837153,10.11584276897027,5.55321628535249,3.852352464004553,0.5963717412512626,35.533627283755266,20.19005921539283,25.1273200430702,27.50063980003961,28.38691129777809,52.70012135475716,3.740882206471163,21.44409418139673,4.935419453300445,19.44651410409617,1.073929519297994,5.966251480486475,2.71564824846966,1.9011817964288973,20.968670006336403,20.94625097097945,0_1_40_p0,1,1,1,1,1,5,1,3,0,0,0,0,1,1,1,1,1,1,1,1,1,1,1,1,1,1,1,1,1,1,0,0,1,3,0,0,0,0,1,1,1,1,0,0,0,0
2116.666666666664,37.23845275439797,14.81664317786013,16.167934633252827,10.376986104164024,5.821171780971118,4.057711667272448,0.5928336905668292,35.493822058404824,20.57262749814521,24.325762946386234,27.01134550094274,29.24108058609516,52.24729895447344,2.1774013783909862,20.237852491898828,4.461775301497081,18.17564227316417,0.9389253025797718,5.405286417485283,2.681748718829475,2.093547714308364,19.279748691777858,19.90283258946933,0_1_40_p0,1,1,1,1,1,5,1,3,1,2,0,0,1,1,1,1,1,1,1,1,1,1,1,1,1,1,0,0,1,1,0,0,1,3,0,0,0,0,1,1,1,1,0,0,0,0
2133.3333333333303,37.75545533892181,15.662570756579557,16.444217066533284,10.767961461880745,6.170864535192199,4.229076978267073,0.592635995295893,35.349449283221986,21.34898570103824,23.523558752891777,26.17803459438627,29.846393837083347,51.58372444505046,0.925773766501324,18.88492546210437,3.985748392472461,17.102807497636878,0.7948832229402839,5.211878209134737,2.641442350623764,2.2704303566933937,17.52507467139793,18.760091346759364,0_1_40_p0,1,1,1,1,1,5,1,3,1,2,0,0,1,1,1,1,1,1,1,1,1,1,1,1,1,1,0,0,1,1,0,0,1,3,0,0,0,0,1,1,1,1,1,4,0,0
2149.999999999997,37.81085645402621,16.158421219312377,16.273838349325292,11.253637881240536,6.488424013229767,4.339655500652427,0.5921395066628903,34.704226636098184,22.32954799629484,22.66970344190601,25.12036380397826,30.19977466412916,50.87901108579421,-0.0343806404902411,17.475848042227586,3.5891737429518664,16.310943124538905,0.6488350327008097,5.437602425129238,2.6067489038927287,2.3212786068683524,15.836868002058088,17.470281292512933,0_1_40_p0,1,1,1,1,1,5,1,3,1,2,0,0,1,1,1,1,1,1,1,1,1,1,1,1,1,1,0,0,1,1,0,0,1,3,0,0,0,0,1,1,1,1,1,4,0,0
2166.666666666664,37.18974497216339,16.18096266886059,15.68835312856111,11.723102085132275,6.700734193615413,4.406706216789811,0.5906361455076337,33.25271146415025,23.23732590041613,21.76199255964364,23.88298357497416,30.26875868547574,50.24522618517162,-0.739040772407124,16.126027145227166,3.5083536736977954,15.690961143764278,0.5241157827939337,5.840241826269838,2.655244772750784,2.1980811573552543,14.3360707498181,16.061293734369983,0_1_40_p0,1,1,1,1,1,5,1,3,1,2,0,0,1,1,1,1,1,1,1,1,1,1,1,1,1,1,0,0,1,1,0,0,1,3,0,0,0,0,1,1,1,1,1,4,0,0
2183.3333333333303,35.72467815083914,15.636793387808469,14.79012396481106,12.017799161616445,6.8177849039329725,4.5370820038945245,0.5819403671145548,31.08966161959144,23.7611767914333,20.819862138909453,22.446854421410155,29.99674620289528,49.51881782096174,-1.2780704823894975,14.84812664805048,3.8689680284405306,15.05018393340762,0.4437971732325049,6.1802745286654135,2.825618662515399,1.999076738025758,13.078506144837728,14.634790946547264,0_1_40_p0,1,1,1,1,1,5,1,3,1,2,0,0,1,1,1,1,1,1,1,1,1,1,1,1,1,1,0,0,1,1,0,0,1,3,1,2,0,0,1,1,1,1,1,4,0,0
2199.9999999999973,33.74669819418411,14.537029486796,13.734463217461116,12.023632389780994,6.850676924134115,4.776242343532824,0.5560859273503764,28.636913892408835,23.74291599885932,19.841680012531537,20.807176237417718,29.399078733233203,48.26910834384194,-1.8668401686226488,13.54201867683931,4.530011850361304,14.27370930888832,0.4200343821712061,6.514905513737503,3.0604095013555326,1.8588778209250791,12.0220752569543,13.29987406461746,0_1_40_p0,1,1,1,1,1,5,1,3,1,2,0,0,1,1,1,1,1,1,1,1,1,1,1,1,1,1,0,0,1,1,0,0,1,3,1,2,0,0,1,1,1,1,0,0,0,0
2216.666666666664,31.765841079417942,13.005018527401315,12.66480724326434,11.715756665136071,6.803815900176343,5.080067125537403,0.5228065210853285,26.264696110231284,23.18474745189668,18.790419968877668,18.97606310344036,28.523118784557024,46.18622936856381,-2.756118425686003,12.146634137224186,5.216292583501554,13.36000519143202,0.4542072840167445,6.495265937971336,3.270874760329026,1.8084492605542304,11.108316083445375,12.09593800731049,0_1_40_p0,1,1,1,1,1,5,1,3,1,2,0,0,1,1,1,1,1,1,1,1,1,1,1,1,1,1,1,2,1,1,0,0,1,3,1,2,0,0,1,1,1,1,0,0,0,0
2233.3333333333303,29.92126136153519,11.14552867472755,11.660987312569056,11.131965702523985,6.701012394769919,5.402200907437585,0.502972641791656,24.0965333972385,22.13958154378257,17.647970554978045,17.01070277280226,27.42741650541711,43.506472859641406,-4.069036179231213,10.745382784146283,5.709944946875035,12.405695706843346,0.4975038644663901,6.043199183590071,3.414018257263547,1.850708069463356,10.28185020392904,10.999438156521414,0_1_40_p0,1,1,1,1,1,5,1,3,1,2,0,0,1,1,1,1,1,1,1,1,1,1,1,1,1,1,1,2,1,1,0,0,1,3,1,2,0,0,1,1,1,1,0,0,0,0
2249.999999999997,28.248150239051004,8.949457708686186,10.702703089229695,10.387574836861411,6.711839588695869,5.724706732494012,0.5065026822143661,22.071260437862964,20.78946314138877,16.44268880119051,15.039385426201532,26.23576353545841,40.66616928876894,-5.761012033732425,9.466622780608835,5.982681166934823,11.49019387934593,0.5167191915078645,5.430501617427417,3.494926968294477,1.9220972827163143,9.4919447958057,9.966157545581716,0_1_40_p0,1,1,1,1,1,5,1,3,1,2,0,0,1,1,1,1,1,1,1,1,1,1,1,1,1,1,1,2,1,1,0,0,1,3,1,2,0,0,1,1,1,1,0,0,0,0
2266.666666666664,26.736253744735688,6.375178584951511,9.735764537074845,9.656327235132965,7.059017518292411,6.016732054260984,0.5257209345730893,20.11913650730413,19.383883393328105,15.216320285948427,13.16583240384898,25.06589799798537,37.88382222595399,-7.6656098609768595,8.356765872136656,6.072871316125156,10.629985714527916,0.4922445164296614,4.902381545026016,3.5018519518269957,1.9254184250404156,8.758456033146008,8.96081345413436,0_1_40_p0,1,1,1,1,1,5,1,3,1,2,0,0,1,1,1,1,1,1,1,1,1,1,1,1,1,1,1,2,1,1,0,0,1,3,1,2,0,0,1,1,1,1,0,0,0,0
2283.3333333333303,25.35135646919412,3.481193651975764,8.743524465941052,9.011009542685514,7.376301694752671,6.171779925969935,0.5459741941721156,18.22124932674813,17.978619318949615,13.99246790015366,11.47215478496451,23.923893100715333,35.25262320358713,-9.541623945563506,7.3739567198456335,6.069659647345176,9.76114277029558,0.4763119312534367,4.487517922292001,3.421181624026944,1.873125063289072,8.120543308647909,7.995729629305508,0_1_40_p0,1,1,1,1,1,5,1,3,1,2,0,0,1,1,1,1,1,1,1,1,1,1,1,1,1,1,1,2,1,1,0,0,1,3,1,2,0,0,1,1,1,1,0,0,0,0
2299.999999999997,24.02902771758233,0.4396718474356765,7.746271167762339,8.385503319230676,7.44760043756532,6.112433371819193,0.5699408214438302,16.36813672451926,16.54558614200218,12.779267841174384,9.994008816064502,22.721770408519006,32.838124374384385,-11.162674433831448,6.455367102956967,6.105571940723723,8.844780669311133,0.4742112357262897,4.230262587064127,3.324391724418777,1.917317227699239,7.552698338821598,7.095056965098555,0_1_40_p0,1,1,1,1,1,5,1,3,1,2,0,0,1,1,1,1,1,1,1,1,1,1,1,1,1,1,1,2,1,1,0,0,1,3,1,2,0,0,1,1,1,1,0,0,0,0
2316.666666666664,22.684150266989526,-2.5518075400509077,6.797565145749411,7.762487012450472,7.334923695316966,5.912784241461812,0.5971074185869483,14.60673547989584,15.083711128417352,11.58024692960564,8.650254678396488,21.40106377876518,30.67692052722556,-12.44041914153956,5.5815420574261525,6.243148383274742,7.965191161368659,0.5454254958118376,4.130451969516038,3.3252823890408028,2.017966199183784,7.008228202256929,6.273346306618365,0_1_40_p0,1,1,1,1,1,5,1,3,1,2,0,0,1,1,1,1,1,1,1,1,1,1,1,1,1,1,1,2,1,1,0,0,1,3,1,2,0,0,1,1,1,1,0,0,0,0
2333.33333333333,21.26975066176919,-5.358183273281082,5.952291692735456,7.178432026367079,7.203909079836395,5.718023858407937,0.6250306095667816,12.954541348128757,13.658417542209632,10.407523745403338,7.329440739817026,20.042960381668586,28.773584001715214,-13.45408758369717,4.765629991313122,6.401208840649645,7.277432370446778,0.6718572373804038,4.1367101988683554,3.407734413980358,2.0224794071182086,6.503384244548729,5.541306205043029,0_1_40_p0,1,1,1,1,1,5,1,3,1,2,0,0,1,1,1,1,1,1,1,1,1,1,1,1,1,1,1,2,1,1,0,0,1,3,1,2,0,0,1,1,1,1,0,0,0,0
2349.9999999999964,19.80189549061902,-7.918021177710289,5.2460009290691705,6.630255417748287,7.152020837691592,5.615338679818106,0.6500789448394857,11.332155578230958,12.34358905664188,9.326445887490356,6.099655181443866,18.80612484025384,27.132855692128125,-14.342724945413837,4.023015790561599,6.470844986729987,6.884625527121639,0.8180059267289457,4.138623948738575,3.4114497973689826,1.947701085198526,6.096837090136983,4.8948867132597,0_1_40_p0,1,1,0,0,1,5,1,3,1,2,0,0,1,1,1,1,1,1,1,1,1,1,1,1,0,0,1,2,1,1,0,0,1,3,1,2,0,0,1,1,0,0,0,0,0,0
2366.666666666664,18.356438148475604,-10.181871474437392,4.69474609243394,6.045317198061342,7.170292681435607,5.570488138254722,0.666943888763213,9.72833271744253,11.120512470358664,8.449866578775353,5.08602772292604,17.77646106744745,25.740520719450377,-15.188502398410124,3.404144941100659,6.438169992102064,6.733627024641995,0.964861745227514,3.994653266987129,3.333548897449792,1.8404948922219728,5.793967351711585,4.330658513501494,0_1_40_p0,1,1,0,0,1,5,1,3,1,2,0,0,1,1,1,1,1,1,0,0,1,1,1,1,0,0,1,2,1,1,0,0,1,3,1,2,0,0,1,1,0,0,0,0,1,3
2383.33333333333,17.091619572179585,-12.08720272711775,4.31576345100098,5.362378530864351,7.266631544451306,5.511584178926966,0.6690833503033328,8.2296842375885,9.940464940689624,7.84511160843592,4.329636946891937,16.90879494694742,24.53711541348349,-15.993916072750412,2.924207194208113,6.368851202639543,6.669568679922895,1.1102174855504123,3.8165577828434416,3.285922688105644,1.783010951244303,5.567574689841526,3.8357654866304034,0_1_40_p0,1,1,0,0,1,5,1,3,1,2,0,0,1,1,1,1,1,1,0,0,1,1,1,1,0,0,1,2,1,1,0,0,0,0,1,2,0,0,1,1,0,0,0,0,1,3
2399.9999999999964,16.210531016323824,-13.595551912719058,4.1332902556437565,4.579076949233559,7.441363472390367,5.39889303859323,0.6772786724871016,7.019870344940356,8.825724891952449,7.472664674481197,3.807441690327493,16.089952271288553,23.416740253609497,-16.724514279493693,2.529912798477923,6.269404172551571,6.581427727136967,1.257065986038301,3.5058828345930397,3.32842542460489,1.8057859780160936,5.41249623306281,3.393754093814725,0_1_40_p0,1,1,0,0,1,5,1,3,1,2,0,0,1,1,1,1,1,1,0,0,1,1,1,1,0,0,1,2,1,1,0,0,0,0,1,2,0,0,1,1,0,0,0,0,1,3
2416.666666666663,15.86581984169297,-14.694235922352815,4.119225327778984,3.825784078342471,7.6351960168004975,5.18819619103217,0.689226056593055,6.308765394513316,7.870563918035806,7.215248534514447,3.4687778376659506,15.24805526833849,22.25579680098926,-17.341903841643678,2.1741547183010064,5.967730893968346,6.475048796143186,1.4059296985001273,3.090266944508742,3.3383116809800653,1.887088533534104,5.337962739052334,3.01546089159437,0_1_40_p0,1,1,0,0,1,5,1,3,1,2,0,0,1,1,0,0,1,1,0,0,1,1,1,1,0,0,1,2,1,1,0,0,0,0,1,2,0,0,1,1,0,0,0,0,1,3
2433.3333333333294,16.044624784559986,-15.383549352815182,4.180876159811495,3.2514023540518333,7.785017152873198,4.934910984377417,0.7018737602813075,6.062399678757655,7.136330434991306,6.956092132287153,3.298274370118423,14.374645417398224,21.071984325572892,-17.78480181066633,1.8660090872913424,5.344658030907208,6.405215647733429,1.552201825539935,2.7939311194880148,3.177597841821329,2.010148017634993,5.342901275867391,2.6785318805588254,0_1_40_p0,1,1,0,0,1,5,1,3,1,2,0,0,1,1,0,0,1,1,0,0,1,1,1,1,0,0,1,2,1,1,0,0,0,0,1,2,0,0,1,1,0,0,1,5,1,3
2449.9999999999964,16.36625301375074,-15.712777781019929,4.220953217144492,2.830518958901367,7.851147707095592,4.613351559711912,0.715918676365221,5.935361050959817,6.598066082047984,6.66550506734372,3.346830712547548,13.471544452943313,20.10238039799494,-17.952457144061846,1.6481540625224735,4.573945686588623,6.395573286589989,1.6748622730610876,2.503873935842256,2.9333943843786874,2.1444099285577507,5.38939364727102,2.3368577152617407,0_1_40_p0,1,1,0,0,0,0,1,3,1,2,0,0,1,1,0,0,0,0,0,0,1,1,1,1,0,0,0,0,1,1,0,0,0,0,1,2,0,0,1,1,0,0,1,5,1,3
2466.666666666663,16.468325302907836,-15.774814380922017,4.179217017895497,2.466773997390196,7.848458876681252,4.216659049888474,0.7330559878363014,5.654058199298875,6.220029077564553,6.40910364992218,3.659937425462285,12.54720327442469,19.467138063111506,-17.747146245666677,1.5318365083432608,3.9757503239461545,6.402546596160056,1.7183647278387109,2.2792869443149497,2.7545437562504613,2.283417877195693,5.403834452300689,1.9878183527776636,0_1_40_p0,1,1,0,0,0,0,1,3,1,2,0,0,1,1,0,0,0,0,0,0,1,1,1,1,0,0,0,0,1,1,0,0,0,0,0,0,0,0,1,1,0,0,1,5,1,3
2483.3333333333294,16.341018448104222,-15.608907034671404,4.062269420430114,2.137629438188731,7.794366506132845,3.812805414366237,0.7513425061101819,5.250299771132425,5.976366883160115,6.24713395210324,4.159812092210191,11.62130120285937,18.863860349380595,-17.12604653303908,1.4694417493892726,3.735545883355493,6.357476976919453,1.6760436286803433,2.4000394442688355,2.6664980834570287,2.399468548961996,5.358673117104611,1.699528537934532,0_1_40_p0,1,1,0,0,0,0,1,3,0,0,0,0,0,0,0,0,0,0,0,0,1,1,1,1,0,0,0,0,1,1,0,0,0,0,0,0,0,0,1,1,0,0,1,5,1,3
2499.999999999996,15.91658171463778,-15.158745950404665,3.9431920090175945,2.059210773799121,7.617907556309658,3.450998364594458,0.7633486491662347,4.88339259905858,5.779420638785984,6.184167768177913,4.6792982112175405,10.721314549117036,17.996184328790292,-16.122306163167508,1.4029201608895772,3.8107131667875382,6.256334514470126,1.6268883856550718,2.5926198389240733,2.650066536340739,2.491720655641795,5.304325327089137,1.5241396514258092,0_1_40_p0,1,1,0,0,0,0,1,3,0,0,0,0,0,0,0,0,0,0,0,0,1,1,1,1,0,0,0,0,1,1,0,0,0,0,0,0,0,0,1,1,0,0,1,5,1,3
2516.6666666666624,15.122960346533302,-14.38064120657904,3.869242547467188,2.1295791054846376,7.269721122630941,3.149821439818698,0.7577783360039504,4.62306292840647,5.600598903156,6.205223214546004,5.134151871177341,9.853303273372044,16.882809298831198,-14.86330557289861,1.3078634941369849,4.034463138186847,6.098732462538653,1.6559515646643348,2.656517957314479,2.77010880732729,2.6070015463022767,5.284041148755518,1.4874577512110028,0_1_40_p0,1,1,0,0,0,0,1,3,0,0,0,0,0,0,0,0,0,0,0,0,1,1,1,1,0,0,0,0,1,1,0,0,0,0,0,0,0,0,1,1,0,0,0,0,0,0
2533.3333333333294,14.055919870816084,-13.348049733115628,3.8333555885303294,2.1584079098785134,6.754865527695198,2.9465137862473414,0.7139419086531062,4.5296549468324,5.492555408829447,6.301979452089889,5.497051312703438,9.065001528138463,15.68645121827328,-13.555201463184742,1.1891612932719449,4.252359219158639,5.895383835425393,1.7312528523735535,2.6931035846474947,3.044127099492301,2.7748548810737272,5.29223095504608,1.5462642320864224,0_1_40_p0,0,0,0,0,0,0,1,3,0,0,0,0,0,0,0,0,0,0,0,0,1,1,1,1,0,0,0,0,1,1,0,0,0,0,1,3,0,0,1,1,0,0,0,0,0,0
2549.999999999996,12.927542634245718,-12.22894839170689,3.807979532480532,2.1693870541571294,6.162088216185302,2.831789711529868,0.6237341673324954,4.705218153643278,5.476777312047297,6.453701225631878,5.776596406851192,8.411210260459683,14.58720739126314,-12.378571469372895,1.0564768266602491,4.380723491638549,5.665036691629522,1.8052619292308,2.672009111834288,3.2923640076149336,2.9496273000786712,5.312426545523959,1.6436535485106911,0_1_40_p0,0,0,0,0,0,0,1,3,0,0,0,0,0,0,0,0,0,0,1,2,0,0,0,0,0,0,0,0,1,1,0,0,0,0,1,3,0,0,1,1,0,0,0,0,0,0
2566.6666666666624,11.904197651642058,-11.198351474430147,3.782986693829713,2.1857055442480284,5.6212625525294575,2.7551577638060687,0.5119246823229584,5.160189509087025,5.541016022348608,6.603723849571432,6.061108160668377,7.838114781581255,13.657331043539132,-11.378041101053322,0.9423996249747296,4.409046014902295,5.422032895517551,1.7709815250856946,2.383924796608198,3.3105877778218358,3.093834710294177,5.349175062224467,1.760242368802888,0_1_40_p0,0,0,0,0,0,0,1,3,0,0,0,0,0,0,0,0,0,0,1,2,0,0,0,0,0,0,0,0,0,0,0,0,0,0,1,3,1,3,1,1,0,0,0,0,0,0
2583.333333333329,11.068147813730471,-10.344625985126603,3.766998088441014,2.119295422764349,5.125882641655364,2.6659317492805465,0.4226057328287836,5.813906624058445,5.627718026116327,6.684782691653719,6.436699005378225,7.236674876213121,12.81172839986317,-10.473293242309344,0.9214840485168936,4.419899677680686,5.1653324381536,1.6345420686500478,2.30936826975163,3.1535532969857347,3.2125771173092708,5.392740167736021,1.882535678332104,0_1_40_p0,0,0,0,0,0,0,1,3,0,0,0,0,1,2,0,0,0,0,1,2,0,0,0,0,0,0,0,0,0,0,0,0,0,0,1,3,1,3,1,1,0,0,0,0,0,0
2599.999999999996,10.38370181285204,-9.644222416624403,3.7518254469307553,2.125412570942752,4.627987490227107,2.517691561004285,0.3837330406320303,6.566830321010015,5.65663313808662,6.632908255933061,6.797862941477811,6.569163721441487,11.92300384227203,-9.57000492511047,0.9829443366652372,4.537610933351355,4.847807705484236,1.5133966326488837,2.614655694099358,3.1431098401434663,3.330600559640498,5.369285694282993,1.9901169414422608,0_1_40_p0,0,0,0,0,0,0,1,3,0,0,0,0,1,2,0,0,0,0,1,2,0,0,0,0,0,0,0,0,0,0,0,0,0,0,1,3,1,3,1,1,0,0,0,0,0,0
2616.6666666666624,9.787303595153055,-9.048910424622154,3.6969338276583703,2.201450378407908,4.408557244430801,2.3119719368674434,0.3871348809662873,7.246746167412839,5.581825682961463,6.36846563505541,6.98948643069466,5.864399743705827,10.964079647965884,-8.638460449338242,1.0457270835821166,4.78807387386297,4.437833685538871,1.4482681078515591,3.110332449570638,3.269211104951035,3.411769185263116,5.199870643965625,2.053868117546873,0_1_40_p0,0,0,0,0,0,0,1,3,0,0,0,0,1,2,0,0,0,0,1,2,0,0,0,0,0,0,0,0,0,0,0,0,0,0,1,3,1,3,1,1,0,0,0,0,0,0
2633.333333333329,9.258857150296835,-8.553610378057003,3.5687092654281254,2.2257574941850047,4.356646331455071,2.1074084198599867,0.3946861274696993,7.781712574680574,5.387530979411537,5.879055480367643,7.093281069717799,5.184037558216327,9.997539107985313,-7.698187679861506,1.0501035526717462,5.074155491519424,3.9849944101343207,1.4244834988461097,3.3675083390808105,3.4140378910580687,3.3853737803942483,4.900746094474328,2.075191360651925,0_1_40_p0,0,0,0,0,0,0,1,3,0,0,0,0,1,2,0,0,0,0,1,2,0,0,0,0,0,0,1,3,0,0,0,0,0,0,1,3,1,3,1,1,0,0,0,0,0,0
2649.9999999999955,8.793539331465482,-8.16213847508614,3.390163850526759,2.3194866753581485,4.269492470047899,1.9991307879379845,0.3930596764260523,8.282063250897192,5.0891000188245865,5.303679901396802,7.238889886860749,4.610349006922895,9.063825650545912,-6.77588207710606,1.001462758176562,5.2855223493607335,3.605415455856781,1.414291352927879,3.5060547911761466,3.4507848580816503,3.271140259125273,4.560406022902525,2.0938196456846896,0_1_40_p0,0,0,0,0,0,0,1,3,0,0,0,0,1,2,0,0,0,0,1,2,0,0,0,0,0,0,1,3,0,0,0,0,0,0,1,3,1,3,0,0,0,0,0,0,0,0
2666.666666666662,8.39496134010159,-7.850117783901441,3.225011943219093,2.431069558685766,4.058000709265631,2.0106041961271144,0.3874783080439561,8.831343527682504,4.7288229182362045,4.808056483922549,7.362627900524345,4.219443019013682,8.177101092036507,-5.907333274566991,0.9467826600524596,5.433276949625828,3.298756905341572,1.401807686632012,3.711353018782968,3.389107052249092,3.129651030670845,4.301133626622087,2.1049529788239423,0_1_40_p0,0,0,0,0,0,0,1,3,0,0,0,0,1,2,0,0,0,0,1,2,0,0,0,0,0,0,1,3,0,0,0,0,0,0,1,3,1,3,0,0,0,0,0,0,0,0
2683.3333333333285,8.062802692771573,-7.580999447087109,3.131772275443469,2.381449163658482,3.773963759070573,1.996983353638257,0.3763185476036582,9.359417679590768,4.382300796849928,4.517113808886711,7.441909082747989,4.027892777505722,7.358752715549114,-5.147152091265477,0.884147520514668,5.576485645425178,3.0286507567399843,1.3886205595178556,3.863757187503929,3.342961996972539,2.987203789885564,4.14708305305273,2.101453922644736,0_1_40_p0,0,0,0,0,0,0,0,0,0,0,0,0,1,2,0,0,0,0,1,2,0,0,0,0,0,0,1,3,0,0,0,0,0,0,1,3,0,0,0,0,0,0,0,0,0,0
2699.999999999996,7.799472935569443,-7.333173156194064,3.100298726201917,2.2593091218539194,3.563016461806349,1.9299420491079529,0.3574823183186439,9.784532975804453,4.1196845175264425,4.431735124427082,7.497372620129735,3.951534055424301,6.626075235703687,-4.534401047786283,0.8230178149271024,5.661269935621906,2.817858420033039,1.3912613026106782,4.051558653360049,3.3078019192917165,2.8261970782425165,4.04436846071382,2.099443003602487,0_1_40_p0,0,0,0,0,0,0,0,0,0,0,0,0,1,2,0,0,0,0,1,2,0,0,0,0,0,0,1,3,0,0,0,0,1,4,1,3,0,0,0,0,0,0,0,0,0,0
2716.666666666662,7.634124660582359,-7.115439050916264,3.0992832402302373,2.257325865692147,3.5266351187768104,1.8644734555853173,0.3321686296581612,10.09702137091308,3.98146334951974,4.463567049805122,7.538431516100495,3.8972024992391487,5.992385164732196,-4.069381464047987,0.7581552224195426,5.546561307846575,2.726944474848153,1.4341293652780784,4.20321920205286,3.204411175063452,2.709634980191975,3.956944156617245,2.1121569045472457,0_1_40_p0,0,0,0,0,0,0,0,0,0,0,0,0,1,2,0,0,0,0,1,2,0,0,0,0,0,0,1,3,0,0,0,0,1,4,1,3,0,0,0,0,0,0,0,0,0,0
2733.3333333333285,7.579392038207219,-6.9601809868696725,3.1012803778303155,2.46491165512866,3.591965961839542,1.8038115443370075,0.3047782968443974,10.274359520209082,3.972901448161445,4.51563911711517,7.55345458739834,3.840032957655784,5.467121249408669,-3.74385200373937,0.6929875747088802,5.2139071360427245,2.7184702080362078,1.5247888468655373,4.126433884125003,3.014821532835807,2.626558910500467,3.904471294491132,2.113844860444104,0_1_40_p0,0,0,0,0,0,0,0,0,0,0,0,0,1,2,0,0,0,0,1,2,0,0,0,0,0,0,1,3,0,0,0,0,1,4,1,3,0,0,0,0,0,0,0,0,0,0
2749.999999999995,7.631055670272642,-6.890289610602408,3.0718968954831496,2.641738888190532,3.710126857406246,1.733119721872859,0.2803620315726837,10.288259294957433,4.040689725648965,4.529890024762062,7.544028008701451,3.772609693592604,5.03306430508192,-3.552872123368878,0.6459981477240359,4.749938184663789,2.714626581546789,1.6352705884266294,4.0730812161799,2.830852263274613,2.519945336162814,3.90322348858896,2.106015690141706,0_1_40_p0,0,0,0,0,0,0,0,0,0,0,0,0,1,2,0,0,0,0,1,2,0,0,0,0,0,0,0,0,0,0,0,0,1,4,1,3,0,0,0,0,0,0,0,0,0,0
2766.666666666661,7.816613067487166,-6.895730877821577,2.966958299590914,2.712410580766056,3.7179577684607934,1.7029177093153052,0.2585016373530025,10.185670513628102,4.086537863630832,4.538771606747834,7.485610907507331,3.722351961983267,4.671329211391476,-3.4533743497981173,0.6252656051299146,4.284039548118848,2.696858752072656,1.726701899676296,4.203648411699454,2.7643234851377114,2.425644425013177,3.930497055790416,2.21427603627032,0_1_40_p0,0,0,0,0,0,0,0,0,0,0,0,0,1,2,0,0,0,0,1,2,0,0,0,0,0,0,0,0,0,0,0,0,1,4,0,0,0,0,0,0,0,0,0,0,0,0
2783.3333333333285,8.181999334341864,-6.9501047332544905,2.745563660301701,2.6827860623572586,3.639488390004263,1.7623936066248178,0.2385154872092577,9.984999273190532,4.140621379413288,4.649233901876952,7.256308523573042,3.709127054011155,4.409824756625366,-3.3504873099183845,0.6271432088336308,3.8989118661728006,2.6263289009928013,1.7898034976636266,4.385254701715208,2.8421908665864457,2.368273618384353,3.949020067645578,2.4418581821640166,0_1_40_p0,0,0,0,0,0,0,0,0,0,0,0,0,1,2,0,0,0,0,1,2,0,0,0,0,0,0,0,0,0,0,0,0,1,4,1,4,0,0,0,0,0,0,0,0,0,0
2799.999999999995,8.806750592375334,-7.02901274565228,2.420732813121116,2.7653990810166587,3.802947481412067,1.991055633329608,0.2287614782767253,9.598490709606974,4.221467130485209,4.958339036365256,6.937822282948453,3.745381245365069,4.249187475687044,-3.1615322410452,0.6506726304252691,3.5328783908966543,2.48352431847804,1.860247195647436,4.375317677304102,3.125307815375146,2.301889711487268,3.937502670575085,2.7377877896285656,0_1_40_p0,0,0,0,0,0,0,0,0,0,0,0,0,1,2,0,0,0,0,1,2,0,0,0,0,0,0,0,0,0,0,0,0,1,4,1,4,0,0,0,0,0,0,0,0,0,0
2816.666666666661,9.331227029227897,-6.981168660864184,2.1118698046493654,2.7639375197393243,3.817326665844812,2.140957363997323,0.2118145655573683,9.1343617074431,4.267073936453068,5.278827558489656,6.744366412020318,3.844776722729057,4.1294191964717335,-2.963058997020175,0.6516812309855302,3.1713816575436184,2.2830812769262065,1.9344357272634929,4.482053468125589,3.168494980308409,2.1486542661325743,4.065326816133963,2.9846097080618628,0_1_40_p0,0,0,0,0,0,0,0,0,0,0,0,0,1,2,0,0,0,0,1,2,0,0,0,0,0,0,0,0,0,0,0,0,1,4,1,4,0,0,0,0,0,0,0,0,0,0
2833.333333333328,9.807466501582404,-6.868026717169257,1.8038204934241888,2.795790844055853,3.888306403646526,2.310910227796101,0.1930210432218522,8.456909803501926,4.280823764087167,5.601880938771775,6.504175902324713,4.011528194511463,4.003378032894414,-2.749967987826585,0.6035198862821888,2.7823622471907625,2.049983175065256,2.055499742828005,4.353091800754436,3.3223641730868203,2.017944047071176,4.234217924006887,3.2271562780591854,0_1_40_p0,0,0,0,0,0,0,0,0,0,0,0,0,1,2,0,0,0,0,1,2,0,0,0,0,0,0,0,0,0,0,0,0,1,4,1,4,0,0,0,0,0,0,0,0,0,0
2849.9999999999945,10.256446758304117,-6.716600407060766,1.541603168204287,2.730500707057572,4.074370688413835,2.524847235811975,0.1720891534507651,7.686305594618973,4.283637440852094,5.9607761575421625,6.264620946382929,4.246089646536737,3.9433354147852056,-2.5685322361475524,0.5203345349679958,2.335994196707016,1.8251219940334604,2.1449496620882647,3.966445931185542,3.3938113431342005,1.9167533248833857,4.507601757548961,3.48466683483579,0_1_40_p0,0,0,0,0,0,0,1,4,0,0,0,0,1,2,0,0,0,0,1,2,0,0,0,0,0,0,0,0,0,0,0,0,1,4,1,4,0,0,0,0,0,0,0,0,0,0
2866.666666666661,10.702962952005464,-6.557447754507918,1.3874882191610085,2.633768928665123,4.045010241045175,2.8079566118449835,0.1518441513569123,6.984181296857084,4.305665521559107,6.409642857040151,6.137683997230927,4.516874503286902,3.9729528147648496,-2.4375792128460647,0.4375790386822838,1.8529728505293348,1.6894877309115444,2.183373792619843,3.558331743800327,3.405284439472664,1.850034527310566,4.911496092257639,3.788803322408224,0_1_40_p0,0,0,0,0,0,0,1,4,0,0,0,0,1,2,0,0,0,0,1,2,0,0,0,0,0,0,0,0,0,0,0,0,0,0,1,4,0,0,1,2,0,0,0,0,0,0
2883.333333333328,11.141389870435528,-6.391844697775367,1.356709359381005,2.657982746783242,3.8155875931708345,3.14342179596675,0.135466481402102,6.392134850215209,4.386767376157823,6.962561514427133,6.051386987142217,4.796825445494731,4.056154198711309,-2.354248221450523,0.3901382371109355,1.3972120904137733,1.6699775235156509,2.185458840539903,3.322863279890733,3.4084087238327614,1.8461741547717472,5.395908878499966,4.153463071172168,0_1_40_p0,0,0,0,0,0,0,0,0,0,0,0,0,1,2,0,0,1,2,1,2,0,0,0,0,0,0,0,0,0,0,0,0,0,0,1,4,0,0,1,2,0,0,0,0,0,0
2899.9999999999945,11.576803125389446,-6.212015400089241,1.3750105819963483,2.660462263339976,3.558801914876068,3.461603834815836,0.1223579637284827,5.778181726648301,4.549332409041301,7.552203694394407,5.872209590987415,5.064932082596967,4.170610747209707,-2.31291084239533,0.3872468132282659,1.0170486642618906,1.6841484810953706,2.1708041087892207,3.227340658129981,3.458077274948835,1.9256016265673188,5.887823591453313,4.546054200914282,0_1_40_p0,0,0,0,0,0,0,0,0,0,0,0,0,1,2,0,0,1,2,1,2,0,0,0,0,0,0,0,0,0,0,0,0,0,0,1,4,0,0,1,2,0,0,0,0,0,0
2916.666666666661,12.02654447973722,-6.030429524821512,1.369770199473684,2.5868014908599672,3.46050629487902,3.7450317674469824,0.1120461786808595,5.008461520887725,4.775374004736446,8.124155141597395,5.662452088346109,5.293647526611951,4.304516471672032,-2.301334745927339,0.3892237448158419,0.7184979382044433,1.6981543200771452,2.151446947743376,3.105405963924243,3.5813391793338454,2.0737077414710487,6.291852689457506,4.942016440797398,0_1_40_p0,0,0,0,0,0,0,0,0,0,0,0,0,0,0,0,0,1,2,1,2,0,0,0,0,0,0,0,0,0,0,0,0,0,0,1,4,0,0,1,2,0,0,0,0,0,0
2933.333333333328,12.66089778478324,-5.842078804279259,1.3356676567646133,2.501166267239726,3.665129055032476,4.129410710049245,0.1094134781056134,4.25643440755721,5.072270549406632,8.681595517782934,5.1963031968423135,5.601249319868865,4.479218793160701,-2.2680142364661986,0.3765856088376191,0.5623168441139503,1.6405159251203751,2.1387217293526315,2.902011112168049,3.7936719894002415,2.2058160610360757,6.645981119082855,5.549179694675782,0_1_40_p0,0,0,0,0,0,0,0,0,1,3,0,0,0,0,0,0,1,2,0,0,0,0,0,0,0,0,0,0,0,0,0,0,0,0,1,4,0,0,1,2,1,2,0,0,0,0
2949.9999999999945,13.29525108982926,-5.653728083737006,1.3015651140555429,2.415531043619485,3.86975181518593,4.513789652651509,0.1067807775303672,3.504407294226696,5.3691670940768175,9.239035893968476,4.73015430533852,5.908851113125778,4.6539211146493695,-2.234693727005058,0.3639474728593963,0.4061357500234572,1.5828775301636044,2.1259965109618864,2.698616260411854,4.006004799466638,2.337924380601101,7.000109548708206,6.156342948554167,0_1_40_p0,0,0,0,0,0,0,0,0,1,3,0,0,0,0,0,0,1,2,0,0,0,0,0,0,0,0,0,0,0,0,0,0,0,0,1,4,0,0,1,2,1,2,0,0,0,0
2966.666666666661,13.929604394875277,-5.4653773631947535,1.2674625713464724,2.329895819999244,4.074374575339386,4.898168595253773,0.104148076955121,2.752380180896182,5.666063638747003,9.796476270154017,4.264005413834727,6.216452906382692,4.828623436138039,-2.2013732175439173,0.3513093368811735,0.2499546559329641,1.5252391352068335,2.113271292571141,2.49522140865566,4.218337609533035,2.4700327001661275,7.354237978333556,6.763506202432552,0_1_40_p0,0,0,0,0,0,0,1,5,1,3,0,0,0,0,0,0,1,2,0,0,0,0,0,0,0,0,0,0,0,0,0,0,0,0,1,4,0,0,1,2,1,2,0,0,0,0
2983.333333333328,14.563957699921296,-5.277026642652501,1.2333600286374018,2.244260596379003,4.278997335492841,5.282547537856036,0.1015153763798748,2.0003530675656678,5.962960183417188,10.35391664633956,3.7978565223309326,6.5240546996396045,5.003325757626708,-2.168052708082777,0.3386712009029506,0.0937735618424711,1.4676007402500633,2.100546074180396,2.2918265568994656,4.430670419599432,2.602141019731153,7.708366407958907,7.370669456310937,0_1_40_p0,0,0,0,0,0,0,1,5,1,3,0,0,0,0,0,0,1,2,0,0,0,0,0,0,0,0,0,0,0,0,0,0,0,0,1,4,0,0,1,2,1,2,0,0,0,0
2999.999999999994,15.198311004967314,-5.088675922110249,1.1992574859283314,2.1586253727587623,4.483620095646296,5.666926480458299,0.0988826758046287,1.2483259542351544,6.259856728087374,10.9113570225251,3.3317076308271387,6.831656492896518,5.178028079115378,-2.1347321986216365,0.3260330649247279,-0.0624075322480219,1.4099623452932928,2.087820855789651,2.088431705143271,4.643003229665828,2.73424933929618,8.062494837584257,7.977832710189322,0_1_40_p0,1,2,0,0,0,0,1,5,1,3,0,0,0,0,0,0,1,2,0,0,0,0,0,0,0,0,0,0,0,0,0,0,0,0,1,4,0,0,1,2,1,2,0,0,0,0
3016.666666666661,15.832664310013334,-4.900325201567997,1.165154943219261,2.0729901491385214,4.68824285579975,6.051305423060564,0.0962499752293825,0.4962988409046414,6.556753272757559,11.468797398710642,2.865558739323345,7.139258286153432,5.352730400604047,-2.101411689160496,0.3133949289465051,-0.2185886263385148,1.352323950336522,2.075095637398906,1.8850368533870765,4.855336039732224,2.866357658861206,8.416623267209609,8.584995964067707,0_1_40_p0,1,2,0,0,0,0,1,5,1,3,0,0,0,0,0,0,1,2,0,0,0,0,0,0,0,0,0,0,0,0,0,0,0,0,1,4,0,0,1,2,1,2,0,0,0,0
3033.333333333328,16.46701761505935,-4.711974481025743,1.1310524005101903,1.9873549255182803,4.892865615953205,6.435684365662826,0.0936172746541363,-0.2557282724258733,6.853649817427744,12.02623777489618,2.399409847819551,7.446860079410344,5.527432722092716,-2.068091179699356,0.3007567929682823,-0.3747697204290081,1.2946855553797514,2.0623704190081606,1.6816420016308822,5.06766884979862,2.998465978426232,8.77075169683496,9.192159217946092,0_1_40_p0,1,2,0,0,0,0,1,5,1,3,0,0,0,0,0,0,1,2,0,0,0,0,0,0,0,0,0,0,0,0,0,0,0,0,1,4,0,0,1,2,1,2,0,0,0,0
