time,CoG,TrialID
30.208057601909573,,0_2_82_p0
32.32376854021366,,0_2_82_p0
34.43947947851775,,0_2_82_p0
36.55519041682184,,0_2_82_p0
38.67090135512592,,0_2_82_p0
40.786612293430004,,0_2_82_p0
42.90232323173409,,0_2_82_p0
45.01803417003818,,0_2_82_p0
47.13374510834226,,0_2_82_p0
49.24945604664635,,0_2_82_p0
51.365166984950434,,0_2_82_p0
53.480877923254525,,0_2_82_p0
55.5965888615586,,0_2_82_p0
57.7122997998627,,0_2_82_p0
59.82801073816678,,0_2_82_p0
61.943721676470865,,0_2_82_p0
64.05943261477495,,0_2_82_p0
66.17514355307905,,0_2_82_p0
68.29085449138313,,0_2_82_p0
70.4065654296872,,0_2_82_p0
72.5222763679913,,0_2_82_p0
74.63798730629539,,0_2_82_p0
76.75369824459946,,0_2_82_p0
78.86940918290355,,0_2_82_p0
80.98512012120764,,0_2_82_p0
83.10083105951173,,0_2_82_p0
85.21654199781581,,0_2_82_p0
87.3322529361199,,0_2_82_p0
89.44796387442398,,0_2_82_p0
91.56367481272807,,0_2_82_p0
93.67938575103216,,0_2_82_p0
95.79509668933625,,0_2_82_p0
97.91080762764034,,0_2_82_p0
100.02651856594441,,0_2_82_p0
102.1422295042485,,0_2_82_p0
104.25794044255258,,0_2_82_p0
106.37365138085669,,0_2_82_p0
108.48936231916076,,0_2_82_p0
110.60507325746485,,0_2_82_p0
112.72078419576893,,0_2_82_p0
114.83649513407303,,0_2_82_p0
116.95220607237711,,0_2_82_p0
119.06791701068119,,0_2_82_p0
121.18362794898528,,0_2_82_p0
123.29933888728937,,0_2_82_p0
125.41504982559346,,0_2_82_p0
127.53076076389752,,0_2_82_p0
129.6464717022016,,0_2_82_p0
131.7621826405057,,0_2_82_p0
133.8778935788098,,0_2_82_p0
135.9936045171139,,0_2_82_p0
138.10931545541797,,0_2_82_p0
140.22502639372206,,0_2_82_p0
142.34073733202612,,0_2_82_p0
144.4564482703302,,0_2_82_p0
146.5721592086343,,0_2_82_p0
148.6878701469384,,0_2_82_p0
150.8035810852425,,0_2_82_p0
152.91929202354657,,0_2_82_p0
155.03500296185067,,0_2_82_p0
157.15071390015473,,0_2_82_p0
159.26642483845882,,0_2_82_p0
161.3821357767629,,0_2_82_p0
163.497846715067,,0_2_82_p0
165.6135576533711,,0_2_82_p0
167.7292685916752,,0_2_82_p0
169.84497952997924,,0_2_82_p0
171.96069046828333,,0_2_82_p0
174.07640140658742,,0_2_82_p0
176.1921123448915,,0_2_82_p0
178.3078232831956,,0_2_82_p0
180.4235342214997,,0_2_82_p0
182.53924515980378,,0_2_82_p0
184.65495609810785,,0_2_82_p0
186.77066703641194,,0_2_82_p0
188.88637797471603,,0_2_82_p0
191.00208891302012,,0_2_82_p0
193.1177998513242,,0_2_82_p0
195.2335107896283,,0_2_82_p0
197.3492217279324,,0_2_82_p0
199.4649326662365,,0_2_82_p0
201.58064360454054,,0_2_82_p0
203.69635454284463,,0_2_82_p0
205.81206548114872,,0_2_82_p0
207.9277764194528,,0_2_82_p0
210.0434873577569,,0_2_82_p0
212.159198296061,,0_2_82_p0
214.27490923436508,,0_2_82_p0
216.39062017266914,,0_2_82_p0
218.50633111097324,,0_2_82_p0
220.62204204927733,,0_2_82_p0
222.73775298758142,,0_2_82_p0
224.8534639258855,,0_2_82_p0
226.9691748641896,,0_2_82_p0
229.0848858024937,,0_2_82_p0
231.20059674079775,,0_2_82_p0
233.31630767910184,,0_2_82_p0
235.43201861740593,,0_2_82_p0
237.54772955571002,,0_2_82_p0
239.6634404940141,,0_2_82_p0
241.7791514323182,,0_2_82_p0
243.8948623706223,,0_2_82_p0
246.01057330892633,,0_2_82_p0
248.12628424723044,,0_2_82_p0
250.24199518553453,,0_2_82_p0
252.35770612383862,,0_2_82_p0
254.47341706214272,,0_2_82_p0
256.5891280004468,,0_2_82_p0
258.7048389387509,,0_2_82_p0
260.82054987705493,,0_2_82_p0
262.93626081535905,,0_2_82_p0
265.0519717536631,,0_2_82_p0
267.16768269196723,,0_2_82_p0
269.2833936302713,,0_2_82_p0
271.3991045685754,,0_2_82_p0
273.51481550687953,,0_2_82_p0
275.63052644518353,,0_2_82_p0
277.74623738348765,,0_2_82_p0
279.8619483217917,,0_2_82_p0
281.97765926009583,,0_2_82_p0
284.0933701983999,,0_2_82_p0
286.209081136704,,0_2_82_p0
288.32479207500813,,0_2_82_p0
290.4405030133122,,0_2_82_p0
292.5562139516163,,0_2_82_p0
294.6719248899203,,0_2_82_p0
296.78763582822444,,0_2_82_p0
298.9033467665285,,0_2_82_p0
301.0190577048326,,0_2_82_p0
303.1347686431367,,0_2_82_p0
305.2504795814408,,0_2_82_p0
307.3661905197449,,0_2_82_p0
309.4819014580489,,0_2_82_p0
311.59761239635304,,0_2_82_p0
313.7133233346571,,0_2_82_p0
315.8290342729612,,0_2_82_p0
317.9447452112653,,0_2_82_p0
320.0604561495694,,0_2_82_p0
322.1761670878735,,0_2_82_p0
324.2918780261775,,0_2_82_p0
326.40758896448165,,0_2_82_p0
328.5232999027857,,0_2_82_p0
330.6390108410898,,0_2_82_p0
332.7547217793939,,0_2_82_p0
334.870432717698,,0_2_82_p0
336.9861436560021,,0_2_82_p0
339.10185459430613,,0_2_82_p0
341.21756553261025,,0_2_82_p0
343.3332764709143,,0_2_82_p0
345.44898740921843,,0_2_82_p0
347.5646983475225,,0_2_82_p0
349.6804092858266,,0_2_82_p0
351.79612022413073,,0_2_82_p0
353.91183116243474,,0_2_82_p0
356.02754210073886,,0_2_82_p0
358.1432530390429,,0_2_82_p0
360.25896397734704,,0_2_82_p0
362.3746749156511,,0_2_82_p0
364.4903858539552,,0_2_82_p0
366.6060967922593,,0_2_82_p0
368.7218077305634,,0_2_82_p0
370.83751866886746,,0_2_82_p0
372.9532296071715,,0_2_82_p0
375.06894054547564,,0_2_82_p0
377.1846514837797,,0_2_82_p0
379.3003624220838,,0_2_82_p0
381.4160733603879,,0_2_82_p0
383.531784298692,,0_2_82_p0
385.64749523699606,,0_2_82_p0
387.7632061753001,,0_2_82_p0
389.87891711360425,,0_2_82_p0
391.9946280519083,,0_2_82_p0
394.1103389902124,,0_2_82_p0
396.2260499285165,,0_2_82_p0
398.3417608668206,,0_2_82_p0
400.45747180512467,,0_2_82_p0
402.57318274342873,,0_2_82_p0
404.68889368173285,,0_2_82_p0
406.8046046200369,,0_2_82_p0
408.92031555834103,,0_2_82_p0
411.0360264966451,,0_2_82_p0
413.1517374349492,,0_2_82_p0
415.2674483732533,,0_2_82_p0
417.38315931155734,,0_2_82_p0
419.49887024986145,,0_2_82_p0
421.6145811881655,,0_2_82_p0
423.73029212646964,,0_2_82_p0
425.8460030647737,,0_2_82_p0
427.9617140030778,,0_2_82_p0
430.0774249413818,,0_2_82_p0
432.19313587968594,,0_2_82_p0
434.30884681799006,,0_2_82_p0
436.4245577562941,,0_2_82_p0
438.54026869459824,,0_2_82_p0
440.6559796329023,,0_2_82_p0
442.7716905712064,,0_2_82_p0
444.8874015095104,,0_2_82_p0
447.00311244781454,,0_2_82_p0
449.11882338611866,,0_2_82_p0
451.2345343244227,,0_2_82_p0
453.35024526272684,,0_2_82_p0
455.4659562010309,,0_2_82_p0
457.581667139335,,0_2_82_p0
459.69737807763903,,0_2_82_p0
461.81308901594315,,0_2_82_p0
463.92879995424727,,0_2_82_p0
466.04451089255133,,0_2_82_p0
468.16022183085545,,0_2_82_p0
470.2759327691595,,0_2_82_p0
472.39164370746363,,0_2_82_p0
474.50735464576763,,0_2_82_p0
476.62306558407175,,0_2_82_p0
478.7387765223758,,0_2_82_p0
480.85448746067993,,0_2_82_p0
482.97019839898405,,0_2_82_p0
485.0859093372881,,0_2_82_p0
487.20162027559223,,0_2_82_p0
489.31733121389624,,0_2_82_p0
491.43304215220036,,0_2_82_p0
493.5487530905044,,0_2_82_p0
495.66446402880854,,0_2_82_p0
497.78017496711266,,0_2_82_p0
499.8958859054167,,0_2_82_p0
502.0115968437208,,0_2_82_p0
504.12730778202484,,0_2_82_p0
506.24301872032896,,0_2_82_p0
508.358729658633,,0_2_82_p0
510.47444059693714,,0_2_82_p0
512.5901515352413,,0_2_82_p0
514.7058624735454,,0_2_82_p0
516.8215734118494,,0_2_82_p0
518.9372843501535,,0_2_82_p0
521.0529952884575,,0_2_82_p0
523.1687062267616,,0_2_82_p0
525.2844171650656,,0_2_82_p0
527.4001281033698,,0_2_82_p0
529.5158390416739,,0_2_82_p0
531.631549979978,,0_2_82_p0
533.7472609182821,,0_2_82_p0
535.8629718565861,,0_2_82_p0
537.9786827948902,,0_2_82_p0
540.0943937331944,,0_2_82_p0
542.2101046714985,,0_2_82_p0
544.3258156098025,,0_2_82_p0
546.4415265481066,,0_2_82_p0
548.5572374864107,,0_2_82_p0
550.6729484247148,,0_2_82_p0
552.788659363019,,0_2_82_p0
554.904370301323,,0_2_82_p0
557.020081239627,,0_2_82_p0
559.1357921779311,,0_2_82_p0
561.2515031162352,,0_2_82_p0
563.3672140545393,,0_2_82_p0
565.4829249928433,,0_2_82_p0
567.5986359311474,,0_2_82_p0
569.7143468694516,,0_2_82_p0
571.8300578077557,,0_2_82_p0
573.9457687460597,,0_2_82_p0
576.0614796843638,,0_2_82_p0
578.1771906226679,,0_2_82_p0
580.292901560972,,0_2_82_p0
582.4086124992762,,0_2_82_p0
584.5243234375802,,0_2_82_p0
586.6400343758843,,0_2_82_p0
588.7557453141883,,0_2_82_p0
590.8714562524924,,0_2_82_p0
592.9871671907965,,0_2_82_p0
595.1028781291005,,0_2_82_p0
597.2185890674047,,0_2_82_p0
599.3343000057088,,0_2_82_p0
601.4500109440129,,0_2_82_p0
603.5657218823169,,0_2_82_p0
605.681432820621,,0_2_82_p0
607.7971437589251,,0_2_82_p0
609.9128546972292,,0_2_82_p0
612.0285656355334,,0_2_82_p0
614.1442765738374,,0_2_82_p0
616.2599875121415,,0_2_82_p0
618.3756984504455,,0_2_82_p0
620.4914093887496,,0_2_82_p0
622.6071203270536,,0_2_82_p0
624.7228312653577,,0_2_82_p0
626.8385422036619,,0_2_82_p0
628.954253141966,,0_2_82_p0
631.0699640802701,,0_2_82_p0
633.1856750185741,,0_2_82_p0
635.3013859568782,,0_2_82_p0
637.4170968951823,,0_2_82_p0
639.5328078334865,,0_2_82_p0
641.6485187717906,,0_2_82_p0
643.7642297100946,,0_2_82_p0
645.8799406483987,,0_2_82_p0
647.9956515867027,,0_2_82_p0
650.1113625250068,,0_2_82_p0
652.2270734633108,,0_2_82_p0
654.342784401615,,0_2_82_p0
656.4584953399191,,0_2_82_p0
658.5742062782232,,0_2_82_p0
660.6899172165273,,0_2_82_p0
662.8056281548313,,0_2_82_p0
664.9213390931354,,0_2_82_p0
667.0370500314395,,0_2_82_p0
669.1527609697437,,0_2_82_p0
671.2684719080477,,0_2_82_p0
673.3841828463518,,0_2_82_p0
675.4998937846559,,0_2_82_p0
677.6156047229599,,0_2_82_p0
679.731315661264,,0_2_82_p0
681.847026599568,,0_2_82_p0
683.9627375378722,,0_2_82_p0
686.0784484761763,,0_2_82_p0
688.1941594144804,,0_2_82_p0
690.3098703527845,,0_2_82_p0
692.4255812910885,,0_2_82_p0
694.5412922293926,,0_2_82_p0
696.6570031676968,,0_2_82_p0
698.7727141060009,,0_2_82_p0
700.8884250443049,,0_2_82_p0
703.004135982609,,0_2_82_p0
705.1198469209131,,0_2_82_p0
707.2355578592172,,0_2_82_p0
709.3512687975212,,0_2_82_p0
711.4669797358252,,0_2_82_p0
713.5826906741294,,0_2_82_p0
715.6984016124335,,0_2_82_p0
717.8141125507376,,0_2_82_p0
719.9298234890416,,0_2_82_p0
722.0455344273457,,0_2_82_p0
724.1612453656498,,0_2_82_p0
726.276956303954,,0_2_82_p0
728.3926672422581,,0_2_82_p0
730.5083781805621,,0_2_82_p0
732.6240891188662,,0_2_82_p0
734.7398000571703,,0_2_82_p0
736.8555109954744,,0_2_82_p0
738.9712219337785,,0_2_82_p0
741.0869328720825,,0_2_82_p0
743.2026438103866,,0_2_82_p0
745.3183547486907,,0_2_82_p0
747.4340656869948,,0_2_82_p0
749.5497766252988,,0_2_82_p0
751.6654875636029,,0_2_82_p0
753.781198501907,,0_2_82_p0
755.8969094402112,,0_2_82_p0
758.0126203785153,,0_2_82_p0
760.1283313168193,,0_2_82_p0
762.2440422551234,,0_2_82_p0
764.3597531934275,,0_2_82_p0
766.4754641317317,,0_2_82_p0
768.5911750700357,,0_2_82_p0
770.7068860083397,,0_2_82_p0
772.8225969466438,,0_2_82_p0
774.9383078849479,,0_2_82_p0
777.054018823252,,0_2_82_p0
779.169729761556,,0_2_82_p0
781.2854406998601,,0_2_82_p0
783.4011516381643,,0_2_82_p0
785.5168625764684,,0_2_82_p0
787.6325735147725,,0_2_82_p0
789.7482844530765,,0_2_82_p0
791.8639953913806,,0_2_82_p0
793.9797063296847,,0_2_82_p0
796.0954172679889,,0_2_82_p0
798.2111282062928,,0_2_82_p0
800.3268391445969,,0_2_82_p0
802.442550082901,,0_2_82_p0
804.5582610212051,,0_2_82_p0
806.6739719595092,,0_2_82_p0
808.7896828978132,,0_2_82_p0
810.9053938361174,,0_2_82_p0
813.0211047744215,,0_2_82_p0
815.1368157127256,,0_2_82_p0
817.2525266510296,,0_2_82_p0
819.3682375893337,,0_2_82_p0
821.4839485276378,,0_2_82_p0
823.599659465942,,0_2_82_p0
825.7153704042461,,0_2_82_p0
827.83108134255,,0_2_82_p0
829.9467922808541,,0_2_82_p0
832.0625032191582,,0_2_82_p0
834.1782141574623,,0_2_82_p0
836.2939250957664,,0_2_82_p0
838.4096360340704,,0_2_82_p0
840.5253469723746,,0_2_82_p0
842.6410579106787,,0_2_82_p0
844.7567688489828,,0_2_82_p0
846.8724797872868,,0_2_82_p0
848.9881907255909,,0_2_82_p0
851.103901663895,,0_2_82_p0
853.2196126021992,,0_2_82_p0
855.3353235405033,,0_2_82_p0
857.4510344788073,,0_2_82_p0
859.5667454171113,,0_2_82_p0
861.6824563554154,,0_2_82_p0
863.7981672937195,,0_2_82_p0
865.9138782320236,,0_2_82_p0
868.0295891703277,,0_2_82_p0
870.1453001086318,,0_2_82_p0
872.2610110469359,,0_2_82_p0
874.37672198524,,0_2_82_p0
876.492432923544,,0_2_82_p0
878.6081438618481,,0_2_82_p0
880.7238548001523,,0_2_82_p0
882.8395657384564,,0_2_82_p0
884.9552766767605,,0_2_82_p0
887.0709876150645,,0_2_82_p0
889.1866985533685,,0_2_82_p0
891.3024094916726,,0_2_82_p0
893.4181204299767,,0_2_82_p0
895.5338313682807,,0_2_82_p0
897.6495423065849,,0_2_82_p0
899.765253244889,,0_2_82_p0
901.8809641831931,,0_2_82_p0
903.9966751214972,,0_2_82_p0
906.1123860598012,,0_2_82_p0
908.2280969981053,,0_2_82_p0
910.3438079364095,,0_2_82_p0
912.4595188747136,,0_2_82_p0
914.5752298130176,,0_2_82_p0
916.6909407513217,,0_2_82_p0
918.8066516896257,,0_2_82_p0
920.9223626279298,,0_2_82_p0
923.038073566234,,0_2_82_p0
925.153784504538,,0_2_82_p0
927.2694954428421,,0_2_82_p0
929.3852063811462,,0_2_82_p0
931.5009173194503,,0_2_82_p0
933.6166282577544,,0_2_82_p0
935.7323391960584,,0_2_82_p0
937.8480501343626,,0_2_82_p0
939.9637610726667,,0_2_82_p0
942.0794720109708,,0_2_82_p0
944.1951829492748,,0_2_82_p0
946.3108938875789,,0_2_82_p0
948.4266048258829,,0_2_82_p0
950.542315764187,,0_2_82_p0
952.6580267024912,,0_2_82_p0
954.7737376407952,,0_2_82_p0
956.8894485790993,,0_2_82_p0
959.0051595174034,,0_2_82_p0
961.1208704557075,,0_2_82_p0
963.2365813940116,,0_2_82_p0
965.3522923323156,,0_2_82_p0
967.4680032706198,,0_2_82_p0
969.5837142089239,,0_2_82_p0
971.699425147228,,0_2_82_p0
973.815136085532,,0_2_82_p0
975.9308470238361,,0_2_82_p0
978.0465579621401,,0_2_82_p0
980.1622689004442,,0_2_82_p0
982.2779798387484,,0_2_82_p0
984.3936907770524,,0_2_82_p0
986.5094017153565,,0_2_82_p0
988.6251126536606,,0_2_82_p0
990.7408235919647,,0_2_82_p0
992.8565345302687,,0_2_82_p0
994.9722454685729,,0_2_82_p0
997.087956406877,,0_2_82_p0
999.2036673451811,,0_2_82_p0
1001.3193782834851,,0_2_82_p0
1003.4350892217891,,0_2_82_p0
1005.5508001600932,,0_2_82_p0
1007.6665110983973,,0_2_82_p0
1009.7822220367015,,0_2_82_p0
1011.8979329750056,,0_2_82_p0
1014.0136439133096,,0_2_82_p0
1016.1293548516137,,0_2_82_p0
1018.2450657899178,,0_2_82_p0
1020.3607767282219,,0_2_82_p0
1022.4764876665259,,0_2_82_p0
1024.5921986048302,,0_2_82_p0
1026.707909543134,,0_2_82_p0
1028.8236204814382,,0_2_82_p0
1030.939331419742,,0_2_82_p0
1033.0550423580462,,0_2_82_p0
1035.1707532963503,,0_2_82_p0
1037.2864642346544,,0_2_82_p0
1039.4021751729586,,0_2_82_p0
1041.5178861112627,,0_2_82_p0
1043.6335970495668,,0_2_82_p0
1045.749307987871,,0_2_82_p0
1047.8650189261748,,0_2_82_p0
1049.980729864479,,0_2_82_p0
1052.096440802783,,0_2_82_p0
1054.2121517410872,,0_2_82_p0
1056.3278626793913,,0_2_82_p0
1058.4435736176954,,0_2_82_p0
1060.5592845559995,,0_2_82_p0
1062.6749954943036,,0_2_82_p0
1064.7907064326077,,0_2_82_p0
1066.9064173709116,,0_2_82_p0
1069.0221283092158,,0_2_82_p0
1071.1378392475199,,0_2_82_p0
1073.253550185824,,0_2_82_p0
1075.3692611241281,,0_2_82_p0
1077.4849720624322,,0_2_82_p0
1079.6006830007364,,0_2_82_p0
1081.7163939390405,,0_2_82_p0
1083.8321048773444,,0_2_82_p0
1085.9478158156483,,0_2_82_p0
1088.0635267539524,,0_2_82_p0
1090.1792376922565,,0_2_82_p0
1092.2949486305606,,0_2_82_p0
1094.4106595688647,,0_2_82_p0
1096.5263705071688,,0_2_82_p0
1098.642081445473,,0_2_82_p0
1100.757792383777,,0_2_82_p0
1102.8735033220812,,0_2_82_p0
1104.9892142603853,,0_2_82_p0
1107.1049251986892,,0_2_82_p0
1109.2206361369933,,0_2_82_p0
1111.3363470752975,,0_2_82_p0
1113.4520580136016,,0_2_82_p0
1115.5677689519057,,0_2_82_p0
1117.6834798902098,,0_2_82_p0
1119.799190828514,,0_2_82_p0
1121.914901766818,,0_2_82_p0
1124.0306127051222,,0_2_82_p0
1126.146323643426,,0_2_82_p0
1128.2620345817302,,0_2_82_p0
1130.3777455200343,,0_2_82_p0
1132.4934564583384,,0_2_82_p0
1134.6091673966425,,0_2_82_p0
1136.7248783349467,,0_2_82_p0
1138.8405892732508,,0_2_82_p0
1140.956300211555,,0_2_82_p0
1143.072011149859,,0_2_82_p0
1145.1877220881627,,0_2_82_p0
1147.3034330264668,,0_2_82_p0
1149.419143964771,,0_2_82_p0
1151.534854903075,,0_2_82_p0
1153.6505658413791,,0_2_82_p0
1155.7662767796833,,0_2_82_p0
1157.8819877179874,,0_2_82_p0
1159.9976986562915,,0_2_82_p0
1162.1134095945956,,0_2_82_p0
1164.2291205328995,,0_2_82_p0
1166.3448314712036,,0_2_82_p0
1168.4605424095078,,0_2_82_p0
1170.5762533478119,,0_2_82_p0
1172.691964286116,,0_2_82_p0
1174.80767522442,,0_2_82_p0
1176.9233861627242,,0_2_82_p0
1179.0390971010283,,0_2_82_p0
1181.1548080393325,,0_2_82_p0
1183.2705189776364,,0_2_82_p0
1185.3862299159405,,0_2_82_p0
1187.5019408542446,,0_2_82_p0
1189.6176517925487,,0_2_82_p0
1191.7333627308528,,0_2_82_p0
1193.849073669157,,0_2_82_p0
1195.964784607461,,0_2_82_p0
1198.0804955457652,,0_2_82_p0
1200.1962064840693,,0_2_82_p0
1202.3119174223732,,0_2_82_p0
1204.427628360677,,0_2_82_p0
1206.5433392989812,,0_2_82_p0
1208.6590502372853,,0_2_82_p0
1210.7747611755894,,0_2_82_p0
1212.8904721138936,,0_2_82_p0
1215.0061830521977,,0_2_82_p0
1217.1218939905018,,0_2_82_p0
1219.237604928806,,0_2_82_p0
1221.35331586711,,0_2_82_p0
1223.469026805414,,0_2_82_p0
1225.584737743718,,0_2_82_p0
1227.7004486820222,,0_2_82_p0
1229.8161596203263,,0_2_82_p0
1231.9318705586304,,0_2_82_p0
1234.0475814969345,,0_2_82_p0
1236.1632924352386,,0_2_82_p0
1238.2790033735428,,0_2_82_p0
1240.3947143118469,,0_2_82_p0
1242.5104252501508,,0_2_82_p0
1244.626136188455,,0_2_82_p0
1246.741847126759,,0_2_82_p0
1248.8575580650631,,0_2_82_p0
1250.9732690033672,,0_2_82_p0
1253.0889799416714,,0_2_82_p0
1255.2046908799755,,0_2_82_p0
1257.3204018182796,,0_2_82_p0
1259.4361127565837,,0_2_82_p0
1261.5518236948876,,0_2_82_p0
1263.6675346331917,,0_2_82_p0
1265.7832455714956,,0_2_82_p0
1267.8989565097997,,0_2_82_p0
1270.0146674481039,,0_2_82_p0
1272.130378386408,,0_2_82_p0
1274.246089324712,,0_2_82_p0
1276.3618002630162,,0_2_82_p0
1278.4775112013203,,0_2_82_p0
1280.5932221396242,,0_2_82_p0
1282.7089330779284,,0_2_82_p0
1284.8246440162325,,0_2_82_p0
1286.9403549545366,,0_2_82_p0
1289.0560658928407,,0_2_82_p0
1291.1717768311448,,0_2_82_p0
1293.287487769449,,0_2_82_p0
1295.403198707753,,0_2_82_p0
1297.5189096460572,,0_2_82_p0
1299.6346205843613,,0_2_82_p0
1301.7503315226652,,0_2_82_p0
1303.8660424609693,,0_2_82_p0
1305.9817533992734,,0_2_82_p0
1308.0974643375775,,0_2_82_p0
1310.2131752758817,,0_2_82_p0
1312.3288862141858,,0_2_82_p0
1314.44459715249,,0_2_82_p0
1316.560308090794,,0_2_82_p0
1318.6760190290981,,0_2_82_p0
1320.791729967402,,0_2_82_p0
1322.9074409057062,,0_2_82_p0
1325.02315184401,,0_2_82_p0
1327.1388627823142,,0_2_82_p0
1329.2545737206183,,0_2_82_p0
1331.3702846589224,,0_2_82_p0
1333.4859955972265,,0_2_82_p0
1335.6017065355306,,0_2_82_p0
1337.7174174738348,,0_2_82_p0
1339.8331284121386,,0_2_82_p0
1341.9488393504428,,0_2_82_p0
1344.064550288747,,0_2_82_p0
1346.180261227051,,0_2_82_p0
1348.2959721653551,,0_2_82_p0
1350.4116831036592,,0_2_82_p0
1352.5273940419634,,0_2_82_p0
1354.6431049802675,,0_2_82_p0
1356.7588159185716,,0_2_82_p0
1358.8745268568755,,0_2_82_p0
1360.9902377951796,,0_2_82_p0
1363.1059487334837,,0_2_82_p0
1365.2216596717878,,0_2_82_p0
1367.337370610092,,0_2_82_p0
1369.453081548396,,0_2_82_p0
1371.5687924867002,,0_2_82_p0
1373.6845034250043,,0_2_82_p0
1375.8002143633084,,0_2_82_p0
1377.9159253016123,,0_2_82_p0
1380.0316362399165,,0_2_82_p0
1382.1473471782206,,0_2_82_p0
1384.2630581165247,,0_2_82_p0
1386.3787690548286,,0_2_82_p0
1388.4944799931327,,0_2_82_p0
1390.6101909314368,,0_2_82_p0
1392.725901869741,,0_2_82_p0
1394.841612808045,,0_2_82_p0
1396.9573237463492,,0_2_82_p0
1399.073034684653,,0_2_82_p0
1401.1887456229572,,0_2_82_p0
1403.3044565612613,,0_2_82_p0
1405.4201674995654,,0_2_82_p0
1407.5358784378695,,0_2_82_p0
1409.6515893761737,,0_2_82_p0
1411.7673003144778,,0_2_82_p0
1413.883011252782,,0_2_82_p0
1415.998722191086,,0_2_82_p0
1418.11443312939,,0_2_82_p0
1420.230144067694,,0_2_82_p0
1422.3458550059981,,0_2_82_p0
1424.4615659443023,,0_2_82_p0
1426.5772768826064,,0_2_82_p0
1428.6929878209105,,0_2_82_p0
1430.8086987592146,,0_2_82_p0
1432.9244096975187,,0_2_82_p0
1435.0401206358229,,0_2_82_p0
1437.1558315741268,,0_2_82_p0
1439.2715425124309,,0_2_82_p0
1441.387253450735,,0_2_82_p0
1443.502964389039,,0_2_82_p0
1445.618675327343,,0_2_82_p0
1447.7343862656471,,0_2_82_p0
1449.8500972039512,,0_2_82_p0
1451.9658081422554,,0_2_82_p0
1454.0815190805595,,0_2_82_p0
1456.1972300188634,,0_2_82_p0
1458.3129409571675,,0_2_82_p0
1460.4286518954716,,0_2_82_p0
1462.5443628337757,,0_2_82_p0
1464.6600737720798,,0_2_82_p0
1466.775784710384,,0_2_82_p0
1468.891495648688,,0_2_82_p0
1471.0072065869922,,0_2_82_p0
1473.1229175252963,,0_2_82_p0
1475.2386284636004,,0_2_82_p0
1477.3543394019043,,0_2_82_p0
1479.4700503402084,,0_2_82_p0
1481.5857612785126,,0_2_82_p0
1483.7014722168167,,0_2_82_p0
1485.8171831551208,,0_2_82_p0
1487.932894093425,,0_2_82_p0
1490.048605031729,,0_2_82_p0
1492.1643159700332,,0_2_82_p0
1494.2800269083373,,0_2_82_p0
1496.3957378466412,,0_2_82_p0
1498.5114487849453,,0_2_82_p0
1500.6271597232494,,0_2_82_p0
1502.7428706615535,,0_2_82_p0
1504.8585815998574,,0_2_82_p0
1506.9742925381615,,0_2_82_p0
1509.0900034764657,,0_2_82_p0
1511.2057144147698,,0_2_82_p0
1513.321425353074,,0_2_82_p0
1515.4371362913778,,0_2_82_p0
1517.552847229682,,0_2_82_p0
1519.668558167986,,0_2_82_p0
1521.7842691062901,,0_2_82_p0
1523.8999800445943,,0_2_82_p0
1526.0156909828984,,0_2_82_p0
1528.1314019212025,,0_2_82_p0
1530.2471128595066,,0_2_82_p0
1532.3628237978107,,0_2_82_p0
1534.4785347361146,,0_2_82_p0
1536.5942456744187,,0_2_82_p0
1538.7099566127229,,0_2_82_p0
1540.825667551027,,0_2_82_p0
1542.941378489331,,0_2_82_p0
1545.0570894276352,,0_2_82_p0
1547.1728003659393,,0_2_82_p0
1549.2885113042435,,0_2_82_p0
1551.4042222425476,,0_2_82_p0
1553.5199331808515,,0_2_82_p0
1555.6356441191556,,0_2_82_p0
1557.7513550574597,,0_2_82_p0
1559.8670659957638,,0_2_82_p0
1561.982776934068,,0_2_82_p0
1564.098487872372,,0_2_82_p0
1566.214198810676,,0_2_82_p0
1568.32990974898,,0_2_82_p0
1570.4456206872842,,0_2_82_p0
1572.5613316255883,,0_2_82_p0
1574.6770425638922,,0_2_82_p0
1576.7927535021963,,0_2_82_p0
1578.9084644405004,,0_2_82_p0
1581.0241753788046,,0_2_82_p0
1583.1398863171087,,0_2_82_p0
1585.2555972554128,,0_2_82_p0
1587.371308193717,,0_2_82_p0
1589.487019132021,,0_2_82_p0
1591.6027300703252,,0_2_82_p0
1593.718441008629,,0_2_82_p0
1595.8341519469332,,0_2_82_p0
1597.9498628852373,,0_2_82_p0
1600.0655738235414,,0_2_82_p0
1602.1812847618455,,0_2_82_p0
1604.2969957001496,,0_2_82_p0
1606.4127066384538,,0_2_82_p0
1608.5284175767579,,0_2_82_p0
1610.644128515062,,0_2_82_p0
1612.7598394533659,,0_2_82_p0
1614.87555039167,,0_2_82_p0
1616.9912613299741,,0_2_82_p0
1619.1069722682782,,0_2_82_p0
1621.2226832065824,,0_2_82_p0
1623.3383941448865,,0_2_82_p0
1625.4541050831904,,0_2_82_p0
1627.5698160214945,,0_2_82_p0
1629.6855269597986,,0_2_82_p0
1631.8012378981025,,0_2_82_p0
1633.9169488364066,,0_2_82_p0
1636.0326597747107,,0_2_82_p0
1638.1483707130149,,0_2_82_p0
1640.264081651319,,0_2_82_p0
1642.379792589623,,0_2_82_p0
1644.4955035279272,,0_2_82_p0
1646.6112144662313,,0_2_82_p0
1648.7269254045355,,0_2_82_p0
1650.8426363428393,,0_2_82_p0
1652.9583472811435,,0_2_82_p0
1655.0740582194476,,0_2_82_p0
1657.1897691577517,,0_2_82_p0
1659.3054800960558,,0_2_82_p0
1661.42119103436,,0_2_82_p0
1663.536901972664,,0_2_82_p0
1665.6526129109682,,0_2_82_p0
1667.7683238492723,,0_2_82_p0
1669.8840347875764,,0_2_82_p0
1671.9997457258803,,0_2_82_p0
1674.1154566641844,,0_2_82_p0
1676.2311676024885,,0_2_82_p0
1678.3468785407927,,0_2_82_p0
1680.4625894790968,,0_2_82_p0
1682.578300417401,,0_2_82_p0
1684.694011355705,,0_2_82_p0
1686.809722294009,,0_2_82_p0
1688.925433232313,,0_2_82_p0
1691.041144170617,,0_2_82_p0
1693.156855108921,,0_2_82_p0
1695.2725660472252,,0_2_82_p0
1697.3882769855293,,0_2_82_p0
1699.5039879238334,,0_2_82_p0
1701.6196988621375,,0_2_82_p0
1703.7354098004416,,0_2_82_p0
1705.8511207387457,,0_2_82_p0
1707.9668316770499,,0_2_82_p0
1710.0825426153538,,0_2_82_p0
1712.1982535536579,,0_2_82_p0
1714.313964491962,,0_2_82_p0
1716.4296754302661,,0_2_82_p0
1718.5453863685702,,0_2_82_p0
1720.6610973068744,,0_2_82_p0
1722.7768082451785,,0_2_82_p0
1724.8925191834826,,0_2_82_p0
1727.0082301217867,,0_2_82_p0
1729.1239410600906,,0_2_82_p0
1731.2396519983947,,0_2_82_p0
1733.3553629366988,,0_2_82_p0
1735.471073875003,,0_2_82_p0
1737.586784813307,,0_2_82_p0
1739.7024957516112,,0_2_82_p0
1741.8182066899153,,0_2_82_p0
1743.9339176282194,,0_2_82_p0
1746.0496285665233,,0_2_82_p0
1748.1653395048274,,0_2_82_p0
1750.2810504431313,,0_2_82_p0
1752.3967613814355,,0_2_82_p0
1754.5124723197396,,0_2_82_p0
1756.6281832580437,,0_2_82_p0
1758.7438941963478,,0_2_82_p0
1760.859605134652,,0_2_82_p0
1762.975316072956,,0_2_82_p0
1765.0910270112602,,0_2_82_p0
1767.2067379495643,,0_2_82_p0
1769.3224488878682,,0_2_82_p0
1771.4381598261723,,0_2_82_p0
1773.5538707644764,,0_2_82_p0
1775.6695817027805,,0_2_82_p0
1777.7852926410847,,0_2_82_p0
1779.9010035793888,,0_2_82_p0
1782.016714517693,,0_2_82_p0
1784.132425455997,,0_2_82_p0
1786.2481363943011,,0_2_82_p0
1788.363847332605,,0_2_82_p0
1790.4795582709091,,0_2_82_p0
1792.5952692092133,,0_2_82_p0
1794.7109801475174,,0_2_82_p0
1796.8266910858215,,0_2_82_p0
1798.9424020241256,,0_2_82_p0
1801.0581129624297,,0_2_82_p0
1803.1738239007339,,0_2_82_p0
1805.289534839038,,0_2_82_p0
1807.4052457773416,,0_2_82_p0
1809.5209567156458,,0_2_82_p0
1811.6366676539499,,0_2_82_p0
1813.752378592254,,0_2_82_p0
1815.868089530558,,0_2_82_p0
1817.9838004688622,,0_2_82_p0
1820.0995114071663,,0_2_82_p0
1822.2152223454705,,0_2_82_p0
1824.3309332837746,,0_2_82_p0
1826.4466442220785,,0_2_82_p0
1828.5623551603826,,0_2_82_p0
1830.6780660986867,,0_2_82_p0
1832.7937770369908,,0_2_82_p0
1834.909487975295,,0_2_82_p0
1837.025198913599,,0_2_82_p0
1839.1409098519032,,0_2_82_p0
1841.2566207902073,,0_2_82_p0
1843.3723317285114,,0_2_82_p0
1845.4880426668155,,0_2_82_p0
1847.6037536051194,,0_2_82_p0
1849.7194645434236,,0_2_82_p0
1851.8351754817277,,0_2_82_p0
1853.9508864200318,,0_2_82_p0
1856.066597358336,,0_2_82_p0
1858.18230829664,,0_2_82_p0
1860.2980192349441,,0_2_82_p0
1862.4137301732483,,0_2_82_p0
1864.5294411115524,,0_2_82_p0
1866.645152049856,,0_2_82_p0
1868.7608629881602,,0_2_82_p0
1870.8765739264643,,0_2_82_p0
1872.9922848647684,,0_2_82_p0
1875.1079958030725,,0_2_82_p0
1877.2237067413766,,0_2_82_p0
1879.3394176796808,,0_2_82_p0
1881.4551286179849,,0_2_82_p0
1883.570839556289,,0_2_82_p0
1885.686550494593,,0_2_82_p0
1887.802261432897,,0_2_82_p0
1889.9179723712011,,0_2_82_p0
1892.0336833095052,,0_2_82_p0
1894.1493942478094,,0_2_82_p0
1896.2651051861135,,0_2_82_p0
1898.3808161244176,,0_2_82_p0
1900.4965270627217,,0_2_82_p0
1902.6122380010258,,0_2_82_p0
1904.7279489393297,,0_2_82_p0
1906.8436598776339,,0_2_82_p0
1908.959370815938,,0_2_82_p0
1911.075081754242,,0_2_82_p0
1913.1907926925462,,0_2_82_p0
1915.3065036308503,,0_2_82_p0
1917.4222145691544,,0_2_82_p0
1919.5379255074586,,0_2_82_p0
1921.6536364457627,,0_2_82_p0
1923.7693473840666,,0_2_82_p0
1925.8850583223705,,0_2_82_p0
1928.0007692606746,,0_2_82_p0
1930.1164801989787,,0_2_82_p0
1932.2321911372828,,0_2_82_p0
1934.347902075587,,0_2_82_p0
1936.463613013891,,0_2_82_p0
1938.5793239521952,,0_2_82_p0
1940.6950348904993,,0_2_82_p0
1942.8107458288034,,0_2_82_p0
1944.9264567671073,,0_2_82_p0
1947.0421677054114,,0_2_82_p0
1949.1578786437155,,0_2_82_p0
1951.2735895820197,,0_2_82_p0
1953.3893005203238,,0_2_82_p0
1955.505011458628,,0_2_82_p0
1957.620722396932,,0_2_82_p0
1959.7364333352361,,0_2_82_p0
1961.8521442735403,,0_2_82_p0
1963.9678552118442,,0_2_82_p0
1966.0835661501483,,0_2_82_p0
1968.1992770884524,,0_2_82_p0
1970.3149880267565,,0_2_82_p0
1972.4306989650606,,0_2_82_p0
1974.5464099033647,,0_2_82_p0
1976.6621208416689,,0_2_82_p0
1978.777831779973,,0_2_82_p0
1980.893542718277,,0_2_82_p0
1983.009253656581,,0_2_82_p0
1985.1249645948851,,0_2_82_p0
1987.240675533189,,0_2_82_p0
1989.3563864714931,,0_2_82_p0
1991.4720974097972,,0_2_82_p0
1993.5878083481014,,0_2_82_p0
1995.7035192864055,,0_2_82_p0
1997.8192302247096,,0_2_82_p0
1999.9349411630137,,0_2_82_p0
2002.0506521013178,,0_2_82_p0
2004.166363039622,,0_2_82_p0
2006.282073977926,,0_2_82_p0
2008.3977849162302,,0_2_82_p0
2010.5134958545343,,0_2_82_p0
2012.6292067928384,,0_2_82_p0
2014.7449177311426,,0_2_82_p0
2016.8606286694467,,0_2_82_p0
2018.9763396077508,,0_2_82_p0
2021.0920505460547,,0_2_82_p0
2023.2077614843588,,0_2_82_p0
2025.323472422663,,0_2_82_p0
2027.439183360967,,0_2_82_p0
2029.5548942992712,,0_2_82_p0
2031.6706052375748,,0_2_82_p0
2033.786316175879,,0_2_82_p0
2035.902027114183,,0_2_82_p0
2038.0177380524872,,0_2_82_p0
2040.1334489907913,,0_2_82_p0
2042.2491599290952,,0_2_82_p0
2044.3648708673993,,0_2_82_p0
2046.4805818057034,,0_2_82_p0
2048.5962927440078,,0_2_82_p0
2050.7120036823117,,0_2_82_p0
2052.8277146206156,,0_2_82_p0
2054.94342555892,,0_2_82_p0
2057.059136497224,,0_2_82_p0
2059.174847435528,,0_2_82_p0
2061.290558373832,,0_2_82_p0
2063.4062693121364,,0_2_82_p0
2065.5219802504403,,0_2_82_p0
2067.6376911887446,,0_2_82_p0
2069.7534021270485,,0_2_82_p0
2071.8691130653524,,0_2_82_p0
2073.9848240036567,,0_2_82_p0
2076.1005349419606,,0_2_82_p0
2078.216245880265,,0_2_82_p0
2080.331956818569,,0_2_82_p0
2082.447667756873,,0_2_82_p0
2084.563378695177,,0_2_82_p0
2086.6790896334815,,0_2_82_p0
2088.7948005717853,,0_2_82_p0
2090.9105115100892,,0_2_82_p0
2093.0262224483936,,0_2_82_p0
2095.1419333866975,,0_2_82_p0
2097.257644325002,,0_2_82_p0
2099.3733552633057,,0_2_82_p0
2101.48906620161,,0_2_82_p0
2103.604777139914,,0_2_82_p0
2105.7204880782183,,0_2_82_p0
2107.836199016522,,0_2_82_p0
2109.951909954826,,0_2_82_p0
2112.0676208931304,,0_2_82_p0
2114.1833318314343,,0_2_82_p0
2116.2990427697387,,0_2_82_p0
2118.4147537080426,,0_2_82_p0
2120.530464646347,,0_2_82_p0
2122.646175584651,,0_2_82_p0
2124.761886522955,,0_2_82_p0
2126.877597461259,,0_2_82_p0
2128.993308399563,,0_2_82_p0
2131.1090193378673,,0_2_82_p0
2133.224730276171,,0_2_82_p0
2135.3404412144755,,0_2_82_p0
2137.456152152779,,0_2_82_p0
2139.5718630910833,,0_2_82_p0
2141.687574029387,,0_2_82_p0
2143.8032849676915,,0_2_82_p0
2145.9189959059954,,0_2_82_p0
2148.0347068442998,,0_2_82_p0
2150.1504177826037,,0_2_82_p0
2152.2661287209075,,0_2_82_p0
2154.381839659212,,0_2_82_p0
2156.497550597516,,0_2_82_p0
2158.61326153582,,0_2_82_p0
2160.728972474124,,0_2_82_p0
2162.8446834124284,,0_2_82_p0
2164.9603943507323,,0_2_82_p0
2167.0761052890366,,0_2_82_p0
2169.1918162273405,,0_2_82_p0
2171.3075271656444,,0_2_82_p0
2173.4232381039487,,0_2_82_p0
2175.5389490422526,,0_2_82_p0
2177.654659980557,,0_2_82_p0
2179.770370918861,,0_2_82_p0
2181.886081857165,,0_2_82_p0
2184.001792795469,,0_2_82_p0
2186.1175037337734,,0_2_82_p0
2188.2332146720773,,0_2_82_p0
2190.3489256103812,,0_2_82_p0
2192.4646365486856,,0_2_82_p0
2194.5803474869895,,0_2_82_p0
2196.696058425294,,0_2_82_p0
2198.8117693635977,,0_2_82_p0
2200.927480301902,,0_2_82_p0
2203.043191240206,,0_2_82_p0
2205.1589021785103,,0_2_82_p0
2207.274613116814,,0_2_82_p0
2209.390324055118,,0_2_82_p0
2211.5060349934224,,0_2_82_p0
2213.6217459317263,,0_2_82_p0
2215.7374568700307,,0_2_82_p0
2217.8531678083345,,0_2_82_p0
2219.968878746639,,0_2_82_p0
2222.084589684943,,0_2_82_p0
2224.200300623247,,0_2_82_p0
2226.316011561551,,0_2_82_p0
2228.431722499855,,0_2_82_p0
2230.5474334381593,,0_2_82_p0
2232.663144376463,,0_2_82_p0
2234.7788553147675,,0_2_82_p0
2236.8945662530714,,0_2_82_p0
2239.0102771913757,,0_2_82_p0
2241.1259881296796,,0_2_82_p0
2243.241699067984,,0_2_82_p0
2245.357410006288,,0_2_82_p0
2247.4731209445918,,0_2_82_p0
2249.588831882896,,0_2_82_p0
2251.7045428212,,0_2_82_p0
2253.8202537595043,,0_2_82_p0
2255.9359646978082,,0_2_82_p0
2258.051675636112,,0_2_82_p0
2260.167386574416,,0_2_82_p0
2262.2830975127204,,0_2_82_p0
2264.3988084510243,,0_2_82_p0
2266.514519389328,,0_2_82_p0
2268.6302303276325,,0_2_82_p0
2270.7459412659364,,0_2_82_p0
2272.8616522042407,,0_2_82_p0
2274.9773631425446,,0_2_82_p0
2277.093074080849,,0_2_82_p0
2279.208785019153,,0_2_82_p0
2281.324495957457,,0_2_82_p0
2283.440206895761,,0_2_82_p0
2285.555917834065,,0_2_82_p0
2287.6716287723693,,0_2_82_p0
2289.787339710673,,0_2_82_p0
2291.9030506489776,,0_2_82_p0
2294.0187615872815,,0_2_82_p0
2296.134472525586,,0_2_82_p0
2298.2501834638897,,0_2_82_p0
2300.365894402194,,0_2_82_p0
2302.481605340498,,0_2_82_p0
2304.597316278802,,0_2_82_p0
2306.713027217106,,0_2_82_p0
2308.82873815541,,0_2_82_p0
2310.9444490937144,,0_2_82_p0
2313.0601600320183,,0_2_82_p0
2315.1758709703226,,0_2_82_p0
2317.2915819086265,,0_2_82_p0
2319.407292846931,,0_2_82_p0
2321.523003785235,,0_2_82_p0
2323.6387147235387,,0_2_82_p0
2325.754425661843,,0_2_82_p0
2327.870136600147,,0_2_82_p0
2329.9858475384513,,0_2_82_p0
2332.101558476755,,0_2_82_p0
2334.2172694150595,,0_2_82_p0
2336.3329803533634,,0_2_82_p0
2338.4486912916677,,0_2_82_p0
2340.5644022299716,,0_2_82_p0
2342.6801131682755,,0_2_82_p0
2344.79582410658,,0_2_82_p0
2346.9115350448837,,0_2_82_p0
2349.027245983188,,0_2_82_p0
2351.142956921492,,0_2_82_p0
2353.2586678597963,,0_2_82_p0
2355.3743787981,,0_2_82_p0
2357.4900897364046,,0_2_82_p0
2359.6058006747085,,0_2_82_p0
2361.721511613013,,0_2_82_p0
2363.8372225513167,,0_2_82_p0
2365.9529334896206,,0_2_82_p0
2368.068644427925,,0_2_82_p0
2370.184355366229,,0_2_82_p0
2372.300066304533,,0_2_82_p0
2374.415777242837,,0_2_82_p0
2376.5314881811414,,0_2_82_p0
2378.647199119445,,0_2_82_p0
2380.762910057749,,0_2_82_p0
2382.878620996053,,0_2_82_p0
2384.994331934357,,0_2_82_p0
2387.1100428726613,,0_2_82_p0
2389.225753810965,,0_2_82_p0
2391.3414647492696,,0_2_82_p0
2393.4571756875735,,0_2_82_p0
2395.572886625878,,0_2_82_p0
2397.6885975641817,,0_2_82_p0
2399.804308502486,,0_2_82_p0
2401.92001944079,,0_2_82_p0
2404.035730379094,,0_2_82_p0
2406.151441317398,,0_2_82_p0
2408.267152255702,,0_2_82_p0
2410.3828631940064,,0_2_82_p0
2412.4985741323103,,0_2_82_p0
2414.6142850706146,,0_2_82_p0
2416.7299960089185,,0_2_82_p0
2418.845706947223,,0_2_82_p0
2420.9614178855268,,0_2_82_p0
2423.0771288238307,,0_2_82_p0
2425.192839762135,,0_2_82_p0
2427.308550700439,,0_2_82_p0
2429.4242616387432,,0_2_82_p0
2431.539972577047,,0_2_82_p0
2433.6556835153515,,0_2_82_p0
2435.7713944536554,,0_2_82_p0
2437.8871053919597,,0_2_82_p0
2440.0028163302636,,0_2_82_p0
2442.1185272685675,,0_2_82_p0
2444.234238206872,,0_2_82_p0
2446.3499491451757,,0_2_82_p0
2448.46566008348,,0_2_82_p0
2450.581371021784,,0_2_82_p0
2452.6970819600883,,0_2_82_p0
2454.812792898392,,0_2_82_p0
2456.9285038366966,,0_2_82_p0
2459.0442147750005,,0_2_82_p0
2461.1599257133043,,0_2_82_p0
2463.2756366516087,,0_2_82_p0
2465.3913475899126,,0_2_82_p0
2467.507058528217,,0_2_82_p0
2469.622769466521,,0_2_82_p0
2471.738480404825,,0_2_82_p0
2473.854191343129,,0_2_82_p0
2475.9699022814334,,0_2_82_p0
2478.0856132197373,,0_2_82_p0
2480.201324158041,,0_2_82_p0
2482.3170350963455,,0_2_82_p0
2484.4327460346494,,0_2_82_p0
2486.5484569729538,,0_2_82_p0
2488.6641679112577,,0_2_82_p0
2490.779878849562,,0_2_82_p0
2492.895589787866,,0_2_82_p0
2495.0113007261702,,0_2_82_p0
2497.127011664474,,0_2_82_p0
2499.2427226027776,,0_2_82_p0
2501.358433541082,,0_2_82_p0
2503.474144479386,,0_2_82_p0
2505.58985541769,,0_2_82_p0
2507.705566355994,,0_2_82_p0
2509.8212772942984,,0_2_82_p0
2511.9369882326023,,0_2_82_p0
2514.0526991709066,,0_2_82_p0
2516.1684101092105,,0_2_82_p0
2518.2841210475144,,0_2_82_p0
2520.3998319858188,,0_2_82_p0
2522.5155429241227,,0_2_82_p0
2524.631253862427,,0_2_82_p0
2526.746964800731,,0_2_82_p0
2528.8626757390352,,0_2_82_p0
2530.978386677339,,0_2_82_p0
2533.0940976156435,,0_2_82_p0
2535.2098085539474,,0_2_82_p0
2537.3255194922517,,0_2_82_p0
2539.4412304305556,,0_2_82_p0
2541.5569413688595,,0_2_82_p0
2543.672652307164,,0_2_82_p0
2545.7883632454677,,0_2_82_p0
2547.904074183772,,0_2_82_p0
2550.019785122076,,0_2_82_p0
2552.1354960603803,,0_2_82_p0
2554.251206998684,,0_2_82_p0
2556.3669179369886,,0_2_82_p0
2558.4826288752924,,0_2_82_p0
2560.5983398135963,,0_2_82_p0
2562.7140507519007,,0_2_82_p0
2564.8297616902046,,0_2_82_p0
2566.945472628509,,0_2_82_p0
2569.061183566813,,0_2_82_p0
2571.176894505117,,0_2_82_p0
2573.292605443421,,0_2_82_p0
2575.4083163817254,,0_2_82_p0
2577.5240273200293,,0_2_82_p0
2579.639738258333,,0_2_82_p0
2581.7554491966375,,0_2_82_p0
2583.8711601349414,,0_2_82_p0
2585.9868710732458,,0_2_82_p0
2588.1025820115497,,0_2_82_p0
2590.218292949854,,0_2_82_p0
2592.334003888158,,0_2_82_p0
2594.4497148264622,,0_2_82_p0
2596.565425764766,,0_2_82_p0
2598.68113670307,,0_2_82_p0
2600.7968476413744,,0_2_82_p0
2602.9125585796783,,0_2_82_p0
2605.0282695179826,,0_2_82_p0
2607.1439804562865,,0_2_82_p0
2609.259691394591,,0_2_82_p0
2611.3754023328947,,0_2_82_p0
2613.491113271199,,0_2_82_p0
2615.606824209503,,0_2_82_p0
2617.722535147807,,0_2_82_p0
2619.8382460861108,,0_2_82_p0
2621.9539570244146,,0_2_82_p0
2624.069667962719,,0_2_82_p0
2626.185378901023,,0_2_82_p0
2628.3010898393272,,0_2_82_p0
2630.416800777631,,0_2_82_p0
2632.5325117159355,,0_2_82_p0
2634.6482226542394,,0_2_82_p0
2636.7639335925433,,0_2_82_p0
2638.8796445308476,,0_2_82_p0
2640.9953554691515,,0_2_82_p0
2643.111066407456,,0_2_82_p0
2645.2267773457597,,0_2_82_p0
2647.342488284064,,0_2_82_p0
2649.458199222368,,0_2_82_p0
2651.5739101606723,,0_2_82_p0
2653.689621098976,,0_2_82_p0
2655.80533203728,,0_2_82_p0
2657.9210429755844,,0_2_82_p0
2660.0367539138883,,0_2_82_p0
2662.1524648521927,,0_2_82_p0
2664.2681757904966,,0_2_82_p0
2666.383886728801,,0_2_82_p0
2668.499597667105,,0_2_82_p0
2670.615308605409,,0_2_82_p0
2672.731019543713,,0_2_82_p0
2674.846730482017,,0_2_82_p0
2676.9624414203213,,0_2_82_p0
2679.078152358625,,0_2_82_p0
2681.1938632969295,,0_2_82_p0
2683.3095742352334,,0_2_82_p0
2685.4252851735378,,0_2_82_p0
2687.5409961118417,,0_2_82_p0
2689.656707050146,,0_2_82_p0
2691.77241798845,,0_2_82_p0
2693.888128926754,,0_2_82_p0
2696.003839865058,,0_2_82_p0
2698.119550803362,,0_2_82_p0
2700.2352617416664,,0_2_82_p0
2702.3509726799703,,0_2_82_p0
2704.4666836182746,,0_2_82_p0
2706.5823945565785,,0_2_82_p0
2708.698105494883,,0_2_82_p0
2710.8138164331867,,0_2_82_p0
2712.9295273714906,,0_2_82_p0
2715.045238309795,,0_2_82_p0
2717.160949248099,,0_2_82_p0
2719.276660186403,,0_2_82_p0
2721.392371124707,,0_2_82_p0
2723.5080820630114,,0_2_82_p0
2725.6237930013153,,0_2_82_p0
2727.7395039396197,,0_2_82_p0
2729.8552148779236,,0_2_82_p0
2731.9709258162275,,0_2_82_p0
2734.086636754532,,0_2_82_p0
2736.2023476928357,,0_2_82_p0
2738.31805863114,,0_2_82_p0
2740.4337695694435,,0_2_82_p0
2742.549480507748,,0_2_82_p0
2744.6651914460517,,0_2_82_p0
2746.780902384356,,0_2_82_p0
2748.89661332266,,0_2_82_p0
2751.0123242609643,,0_2_82_p0
2753.128035199268,,0_2_82_p0
2755.243746137572,,0_2_82_p0
2757.3594570758764,,0_2_82_p0
2759.4751680141803,,0_2_82_p0
2761.5908789524847,,0_2_82_p0
2763.7065898907886,,0_2_82_p0
2765.822300829093,,0_2_82_p0
2767.938011767397,,0_2_82_p0
2770.053722705701,,0_2_82_p0
2772.169433644005,,0_2_82_p0
2774.285144582309,,0_2_82_p0
2776.4008555206133,,0_2_82_p0
2778.516566458917,,0_2_82_p0
2780.6322773972215,,0_2_82_p0
2782.7479883355254,,0_2_82_p0
2784.8636992738298,,0_2_82_p0
2786.9794102121336,,0_2_82_p0
2789.095121150438,,0_2_82_p0
2791.210832088742,,0_2_82_p0
2793.326543027046,,0_2_82_p0
2795.44225396535,,0_2_82_p0
2797.557964903654,,0_2_82_p0
2799.6736758419584,,0_2_82_p0
2801.7893867802622,,0_2_82_p0
2803.9050977185666,,0_2_82_p0
2806.0208086568705,,0_2_82_p0
2808.136519595175,,0_2_82_p0
2810.2522305334787,,0_2_82_p0
2812.3679414717826,,0_2_82_p0
2814.483652410087,,0_2_82_p0
2816.599363348391,,0_2_82_p0
2818.715074286695,,0_2_82_p0
2820.830785224999,,0_2_82_p0
2822.9464961633034,,0_2_82_p0
2825.0622071016073,,0_2_82_p0
2827.1779180399117,,0_2_82_p0
2829.2936289782156,,0_2_82_p0
2831.4093399165195,,0_2_82_p0
2833.525050854824,,0_2_82_p0
2835.6407617931277,,0_2_82_p0
2837.756472731432,,0_2_82_p0
2839.872183669736,,0_2_82_p0
2841.9878946080403,,0_2_82_p0
2844.103605546344,,0_2_82_p0
2846.2193164846485,,0_2_82_p0
2848.3350274229524,,0_2_82_p0
2850.4507383612563,,0_2_82_p0
2852.5664492995606,,0_2_82_p0
2854.6821602378645,,0_2_82_p0
2856.797871176169,,0_2_82_p0
2858.9135821144723,,0_2_82_p0
2861.0292930527767,,0_2_82_p0
2863.1450039910806,,0_2_82_p0
2865.260714929385,,0_2_82_p0
2867.376425867689,,0_2_82_p0
2869.4921368059927,,0_2_82_p0
2871.607847744297,,0_2_82_p0
2873.723558682601,,0_2_82_p0
2875.8392696209053,,0_2_82_p0
2877.954980559209,,0_2_82_p0
2880.0706914975135,,0_2_82_p0
2882.1864024358174,,0_2_82_p0
2884.3021133741217,,0_2_82_p0
2886.4178243124256,,0_2_82_p0
2888.53353525073,,0_2_82_p0
2890.649246189034,,0_2_82_p0
2892.7649571273378,,0_2_82_p0
2894.880668065642,,0_2_82_p0
2896.996379003946,,0_2_82_p0
2899.1120899422503,,0_2_82_p0
2901.2278008805542,,0_2_82_p0
2903.3435118188586,,0_2_82_p0
2905.4592227571625,,0_2_82_p0
2907.574933695467,,0_2_82_p0
2909.6906446337707,,0_2_82_p0
2911.8063555720746,,0_2_82_p0
2913.922066510379,,0_2_82_p0
2916.037777448683,,0_2_82_p0
2918.153488386987,,0_2_82_p0
2920.269199325291,,0_2_82_p0
2922.3849102635954,,0_2_82_p0
2924.5006212018993,,0_2_82_p0
2926.6163321402037,,0_2_82_p0
2928.7320430785076,,0_2_82_p0
2930.8477540168115,,0_2_82_p0
2932.963464955116,,0_2_82_p0
2935.0791758934197,,0_2_82_p0
2937.194886831724,,0_2_82_p0
2939.310597770028,,0_2_82_p0
2941.4263087083323,,0_2_82_p0
2943.542019646636,,0_2_82_p0
2945.6577305849405,,0_2_82_p0
2947.7734415232444,,0_2_82_p0
2949.8891524615483,,0_2_82_p0
2952.0048633998526,,0_2_82_p0
2954.1205743381565,,0_2_82_p0
2956.236285276461,,0_2_82_p0
2958.3519962147648,,0_2_82_p0
2960.467707153069,,0_2_82_p0
2962.583418091373,,0_2_82_p0
2964.6991290296774,,0_2_82_p0
2966.8148399679812,,0_2_82_p0
2968.930550906285,,0_2_82_p0
2971.0462618445895,,0_2_82_p0
2973.1619727828934,,0_2_82_p0
2975.2776837211977,,0_2_82_p0
2977.3933946595016,,0_2_82_p0
2979.5091055978055,,0_2_82_p0
2981.6248165361094,,0_2_82_p0
2983.7405274744137,,0_2_82_p0
2985.8562384127176,,0_2_82_p0
2987.9719493510215,,0_2_82_p0
2990.087660289326,,0_2_82_p0
2992.2033712276298,,0_2_82_p0
2994.319082165934,,0_2_82_p0
2996.434793104238,,0_2_82_p0
2998.5505040425423,,0_2_82_p0
3000.6662149808462,,0_2_82_p0
3002.7819259191506,,0_2_82_p0
3004.8976368574545,,0_2_82_p0
3007.0133477957584,,0_2_82_p0
3009.1290587340627,,0_2_82_p0
3011.2447696723666,,0_2_82_p0
3013.360480610671,,0_2_82_p0
3015.476191548975,,0_2_82_p0
3017.591902487279,,0_2_82_p0
3019.707613425583,,0_2_82_p0
3021.8233243638874,,0_2_82_p0
3023.9390353021913,,0_2_82_p0
3026.054746240495,,0_2_82_p0
3028.1704571787996,,0_2_82_p0
3030.2861681171034,,0_2_82_p0
3032.401879055408,,0_2_82_p0
3034.5175899937117,,0_2_82_p0
3036.633300932016,,0_2_82_p0
3038.74901187032,,0_2_82_p0
3040.8647228086243,,0_2_82_p0
3042.980433746928,,0_2_82_p0
3045.096144685232,,0_2_82_p0
3047.2118556235364,,0_2_82_p0
3049.3275665618403,,0_2_82_p0
3051.4432775001446,,0_2_82_p0
3053.5589884384485,,0_2_82_p0
3055.674699376753,,0_2_82_p0
3057.7904103150568,,0_2_82_p0
3059.906121253361,,0_2_82_p0
3062.021832191665,,0_2_82_p0
3064.137543129969,,0_2_82_p0
3066.2532540682732,,0_2_82_p0
3068.368965006577,,0_2_82_p0
3070.4846759448815,,0_2_82_p0
3072.6003868831854,,0_2_82_p0
3074.7160978214897,,0_2_82_p0
3076.8318087597936,,0_2_82_p0
3078.947519698098,,0_2_82_p0
3081.063230636402,,0_2_82_p0
3083.1789415747057,,0_2_82_p0
3085.29465251301,,0_2_82_p0
3087.410363451314,,0_2_82_p0
3089.5260743896183,,0_2_82_p0
3091.641785327922,,0_2_82_p0
3093.7574962662266,,0_2_82_p0
3095.8732072045304,,0_2_82_p0
3097.988918142835,,0_2_82_p0
3100.1046290811382,,0_2_82_p0
3102.2203400194426,,0_2_82_p0
3104.3360509577465,,0_2_82_p0
3106.4517618960504,,0_2_82_p0
3108.5674728343547,,0_2_82_p0
3110.6831837726586,,0_2_82_p0
3112.798894710963,,0_2_82_p0
3114.914605649267,,0_2_82_p0
3117.030316587571,,0_2_82_p0
3119.146027525875,,0_2_82_p0
3121.2617384641794,,0_2_82_p0
3123.3774494024833,,0_2_82_p0
3125.493160340787,,0_2_82_p0
3127.6088712790915,,0_2_82_p0
3129.7245822173954,,0_2_82_p0
3131.8402931557,,0_2_82_p0
3133.9560040940037,,0_2_82_p0
3136.071715032308,,0_2_82_p0
3138.187425970612,,0_2_82_p0
3140.3031369089163,,0_2_82_p0
3142.41884784722,,0_2_82_p0
3144.534558785524,,0_2_82_p0
3146.6502697238284,,0_2_82_p0
3148.7659806621323,,0_2_82_p0
3150.8816916004366,,0_2_82_p0
3152.9974025387405,,0_2_82_p0
3155.113113477045,,0_2_82_p0
3157.2288244153488,,0_2_82_p0
3159.344535353653,,0_2_82_p0
3161.460246291957,,0_2_82_p0
3163.575957230261,,0_2_82_p0
3165.6916681685652,,0_2_82_p0
3167.807379106869,,0_2_82_p0
3169.9230900451735,,0_2_82_p0
3172.0388009834774,,0_2_82_p0
3174.1545119217817,,0_2_82_p0
3176.2702228600856,,0_2_82_p0
3178.38593379839,,0_2_82_p0
3180.501644736694,,0_2_82_p0
3182.6173556749977,,0_2_82_p0
3184.733066613302,,0_2_82_p0
3186.848777551606,,0_2_82_p0
3188.9644884899103,,0_2_82_p0
3191.080199428214,,0_2_82_p0
3193.1959103665185,,0_2_82_p0
3195.3116213048224,,0_2_82_p0
3197.427332243127,,0_2_82_p0
3199.5430431814307,,0_2_82_p0
3201.6587541197346,,0_2_82_p0
3203.774465058039,,0_2_82_p0
3205.890175996343,,0_2_82_p0
3208.005886934647,,0_2_82_p0
3210.121597872951,,0_2_82_p0
3212.2373088112554,,0_2_82_p0
3214.3530197495593,,0_2_82_p0
3216.4687306878636,,0_2_82_p0
3218.5844416261675,,0_2_82_p0
3220.700152564471,,0_2_82_p0
3222.8158635027753,,0_2_82_p0
3224.931574441079,,0_2_82_p0
3227.0472853793835,,0_2_82_p0
3229.1629963176874,,0_2_82_p0
3231.278707255992,,0_2_82_p0
3233.3944181942957,,0_2_82_p0
3235.5101291326,,0_2_82_p0
3237.625840070904,,0_2_82_p0
3239.741551009208,,0_2_82_p0
3241.857261947512,,0_2_82_p0
3243.972972885816,,0_2_82_p0
3246.0886838241204,,0_2_82_p0
3248.2043947624243,,0_2_82_p0
3250.3201057007286,,0_2_82_p0
3252.4358166390325,,0_2_82_p0
3254.551527577337,,0_2_82_p0
3256.6672385156407,,0_2_82_p0
3258.7829494539446,,0_2_82_p0
3260.898660392249,,0_2_82_p0
3263.014371330553,,0_2_82_p0
3265.130082268857,,0_2_82_p0
3267.245793207161,,0_2_82_p0
3269.3615041454655,,0_2_82_p0
3271.4772150837694,,0_2_82_p0
3273.5929260220737,,0_2_82_p0
3275.7086369603776,,0_2_82_p0
3277.824347898682,,0_2_82_p0
3279.940058836986,,0_2_82_p0
3282.0557697752897,,0_2_82_p0
3284.171480713594,,0_2_82_p0
3286.287191651898,,0_2_82_p0
3288.4029025902023,,0_2_82_p0
3290.518613528506,,0_2_82_p0
3292.6343244668105,,0_2_82_p0
3294.7500354051144,,0_2_82_p0
3296.865746343419,,0_2_82_p0
3298.9814572817227,,0_2_82_p0
3301.0971682200266,,0_2_82_p0
3303.212879158331,,0_2_82_p0
3305.328590096635,,0_2_82_p0
3307.444301034939,,0_2_82_p0
3309.560011973243,,0_2_82_p0
3311.6757229115474,,0_2_82_p0
3313.7914338498513,,0_2_82_p0
3315.9071447881556,,0_2_82_p0
3318.0228557264595,,0_2_82_p0
3320.1385666647634,,0_2_82_p0
3322.2542776030677,,0_2_82_p0
3324.3699885413716,,0_2_82_p0
3326.485699479676,,0_2_82_p0
3328.60141041798,,0_2_82_p0
3330.717121356284,,0_2_82_p0
3332.832832294588,,0_2_82_p0
3334.9485432328925,,0_2_82_p0
3337.0642541711964,,0_2_82_p0
3339.1799651095002,,0_2_82_p0
3341.295676047804,,0_2_82_p0
3343.411386986108,,0_2_82_p0
3345.5270979244124,,0_2_82_p0
3347.6428088627163,,0_2_82_p0
3349.7585198010206,,0_2_82_p0
3351.8742307393245,,0_2_82_p0
3353.989941677629,,0_2_82_p0
3356.1056526159327,,0_2_82_p0
3358.2213635542366,,0_2_82_p0
3360.337074492541,,0_2_82_p0
3362.452785430845,,0_2_82_p0
3364.568496369149,,0_2_82_p0
3366.684207307453,,0_2_82_p0
3368.7999182457575,,0_2_82_p0
3370.9156291840613,,0_2_82_p0
3373.0313401223657,,0_2_82_p0
3375.1470510606696,,0_2_82_p0
3377.2627619989735,,0_2_82_p0
3379.378472937278,,0_2_82_p0
3381.4941838755817,,0_2_82_p0
3383.609894813886,,0_2_82_p0
3385.72560575219,,0_2_82_p0
3387.8413166904943,,0_2_82_p0
3389.957027628798,,0_2_82_p0
3392.0727385671025,,0_2_82_p0
3394.1884495054064,,0_2_82_p0
3396.3041604437103,,0_2_82_p0
3398.4198713820147,,0_2_82_p0
3400.5355823203186,,0_2_82_p0
3402.651293258623,,0_2_82_p0
3404.767004196927,,0_2_82_p0
3406.882715135231,,0_2_82_p0
3408.998426073535,,0_2_82_p0
3411.1141370118394,,0_2_82_p0
3413.2298479501433,,0_2_82_p0
3415.345558888447,,0_2_82_p0
3417.4612698267515,,0_2_82_p0
3419.5769807650554,,0_2_82_p0
3421.6926917033597,,0_2_82_p0
3423.8084026416636,,0_2_82_p0
3425.924113579968,,0_2_82_p0
3428.039824518272,,0_2_82_p0
3430.155535456576,,0_2_82_p0
3432.27124639488,,0_2_82_p0
3434.386957333184,,0_2_82_p0
3436.5026682714883,,0_2_82_p0
3438.6183792097922,,0_2_82_p0
3440.7340901480966,,0_2_82_p0
3442.8498010864005,,0_2_82_p0
3444.965512024705,,0_2_82_p0
3447.0812229630087,,0_2_82_p0
3449.196933901313,,0_2_82_p0
3451.312644839617,,0_2_82_p0
3453.428355777921,,0_2_82_p0
3455.544066716225,,0_2_82_p0
3457.659777654529,,0_2_82_p0
3459.7754885928334,,0_2_82_p0
3461.891199531137,,0_2_82_p0
3464.006910469441,,0_2_82_p0
3466.122621407745,,0_2_82_p0
3468.2383323460494,,0_2_82_p0
3470.3540432843533,,0_2_82_p0
3472.4697542226577,,0_2_82_p0
3474.5854651609616,,0_2_82_p0
3476.7011760992655,,0_2_82_p0
3478.81688703757,,0_2_82_p0
3480.9325979758737,,0_2_82_p0
3483.048308914178,,0_2_82_p0
3485.164019852482,,0_2_82_p0
3487.2797307907863,,0_2_82_p0
3489.39544172909,,0_2_82_p0
3491.5111526673945,,0_2_82_p0
3493.6268636056984,,0_2_82_p0
3495.7425745440023,,0_2_82_p0
3497.8582854823067,,0_2_82_p0
3499.9739964206105,,0_2_82_p0
3502.089707358915,,0_2_82_p0
3504.205418297219,,0_2_82_p0
3506.321129235523,,0_2_82_p0
3508.436840173827,,0_2_82_p0
3510.5525511121314,,0_2_82_p0
3512.6682620504353,,0_2_82_p0
3514.783972988739,,0_2_82_p0
3516.8996839270435,,0_2_82_p0
3519.0153948653474,,0_2_82_p0
3521.1311058036517,,0_2_82_p0
3523.2468167419556,,0_2_82_p0
3525.36252768026,,0_2_82_p0
3527.478238618564,,0_2_82_p0
3529.593949556868,,0_2_82_p0
3531.709660495172,,0_2_82_p0
3533.825371433476,,0_2_82_p0
3535.9410823717803,,0_2_82_p0
3538.0567933100842,,0_2_82_p0
3540.1725042483886,,0_2_82_p0
3542.2882151866925,,0_2_82_p0
3544.403926124997,,0_2_82_p0
3546.5196370633007,,0_2_82_p0
3548.635348001605,,0_2_82_p0
3550.751058939909,,0_2_82_p0
3552.866769878213,,0_2_82_p0
3554.982480816517,,0_2_82_p0
3557.098191754821,,0_2_82_p0
3559.2139026931254,,0_2_82_p0
3561.3296136314293,,0_2_82_p0
3563.4453245697337,,0_2_82_p0
3565.5610355080375,,0_2_82_p0
3567.676746446342,,0_2_82_p0
3569.792457384646,,0_2_82_p0
3571.9081683229497,,0_2_82_p0
3574.023879261254,,0_2_82_p0
3576.139590199558,,0_2_82_p0
3578.2553011378623,,0_2_82_p0
3580.371012076166,,0_2_82_p0
3582.48672301447,,0_2_82_p0
3584.602433952774,,0_2_82_p0
3586.7181448910783,,0_2_82_p0
3588.833855829382,,0_2_82_p0
3590.949566767686,,0_2_82_p0
3593.0652777059904,,0_2_82_p0
3595.1809886442943,,0_2_82_p0
3597.2966995825986,,0_2_82_p0
3599.4124105209025,,0_2_82_p0
3601.528121459207,,0_2_82_p0
3603.643832397511,,0_2_82_p0
3605.759543335815,,0_2_82_p0
3607.875254274119,,0_2_82_p0
3609.990965212423,,0_2_82_p0
3612.1066761507273,,0_2_82_p0
3614.222387089031,,0_2_82_p0
3616.3380980273355,,0_2_82_p0
3618.4538089656394,,0_2_82_p0
3620.5695199039437,,0_2_82_p0
3622.6852308422476,,0_2_82_p0
3624.800941780552,,0_2_82_p0
3626.916652718856,,0_2_82_p0
3629.03236365716,,0_2_82_p0
3631.148074595464,,0_2_82_p0
3633.263785533768,,0_2_82_p0
3635.3794964720723,,0_2_82_p0
3637.495207410376,,0_2_82_p0
3639.6109183486806,,0_2_82_p0
3641.7266292869845,,0_2_82_p0
3643.842340225289,,0_2_82_p0
3645.9580511635927,,0_2_82_p0
3648.073762101897,,0_2_82_p0
3650.189473040201,,0_2_82_p0
3652.305183978505,,0_2_82_p0
3654.420894916809,,0_2_82_p0
3656.536605855113,,0_2_82_p0
3658.6523167934174,,0_2_82_p0
3660.7680277317213,,0_2_82_p0
3662.8837386700257,,0_2_82_p0
3664.9994496083295,,0_2_82_p0
3667.115160546634,,0_2_82_p0
3669.230871484938,,0_2_82_p0
3671.3465824232417,,0_2_82_p0
3673.462293361546,,0_2_82_p0
3675.57800429985,,0_2_82_p0
3677.6937152381543,,0_2_82_p0
3679.809426176458,,0_2_82_p0
3681.9251371147625,,0_2_82_p0
3684.0408480530664,,0_2_82_p0
3686.1565589913707,,0_2_82_p0
3688.2722699296746,,0_2_82_p0
3690.3879808679785,,0_2_82_p0
3692.503691806283,,0_2_82_p0
3694.6194027445868,,0_2_82_p0
3696.735113682891,,0_2_82_p0
3698.850824621195,,0_2_82_p0
3700.9665355594993,,0_2_82_p0
3703.0822464978028,,0_2_82_p0
3705.197957436107,,0_2_82_p0
3707.313668374411,,0_2_82_p0
3709.429379312715,,0_2_82_p0
3711.5450902510192,,0_2_82_p0
3713.660801189323,,0_2_82_p0
3715.7765121276275,,0_2_82_p0
3717.8922230659314,,0_2_82_p0
3720.0079340042357,,0_2_82_p0
3722.1236449425396,,0_2_82_p0
3724.239355880844,,0_2_82_p0
3726.355066819148,,0_2_82_p0
3728.4707777574517,,0_2_82_p0
3730.586488695756,,0_2_82_p0
3732.70219963406,,0_2_82_p0
3734.8179105723643,,0_2_82_p0
3736.933621510668,,0_2_82_p0
3739.0493324489726,,0_2_82_p0
3741.1650433872765,,0_2_82_p0
3743.280754325581,,0_2_82_p0
3745.3964652638847,,0_2_82_p0
3747.5121762021886,,0_2_82_p0
3749.627887140493,,0_2_82_p0
3751.743598078797,,0_2_82_p0
3753.859309017101,,0_2_82_p0
3755.975019955405,,0_2_82_p0
3758.0907308937094,,0_2_82_p0
3760.2064418320133,,0_2_82_p0
3762.3221527703176,,0_2_82_p0
3764.4378637086215,,0_2_82_p0
3766.5535746469254,,0_2_82_p0
3768.6692855852298,,0_2_82_p0
3770.7849965235337,,0_2_82_p0
3772.900707461838,,0_2_82_p0
3775.016418400142,,0_2_82_p0
3777.1321293384462,,0_2_82_p0
3779.24784027675,,0_2_82_p0
3781.3635512150545,,0_2_82_p0
3783.4792621533584,,0_2_82_p0
3785.5949730916623,,0_2_82_p0
3787.7106840299666,,0_2_82_p0
3789.8263949682705,,0_2_82_p0
3791.942105906575,,0_2_82_p0
3794.0578168448787,,0_2_82_p0
3796.173527783183,,0_2_82_p0
3798.289238721487,,0_2_82_p0
3800.4049496597913,,0_2_82_p0
3802.520660598095,,0_2_82_p0
3804.636371536399,,0_2_82_p0
3806.7520824747035,,0_2_82_p0
3808.8677934130073,,0_2_82_p0
3810.9835043513117,,0_2_82_p0
3813.0992152896156,,0_2_82_p0
3815.21492622792,,0_2_82_p0
3817.330637166224,,0_2_82_p0
3819.446348104528,,0_2_82_p0
3821.5620590428316,,0_2_82_p0
3823.677769981136,,0_2_82_p0
3825.79348091944,,0_2_82_p0
3827.9091918577437,,0_2_82_p0
3830.024902796048,,0_2_82_p0
3832.140613734352,,0_2_82_p0
3834.2563246726563,,0_2_82_p0
3836.37203561096,,0_2_82_p0
3838.4877465492646,,0_2_82_p0
3840.6034574875684,,0_2_82_p0
3842.719168425873,,0_2_82_p0
3844.8348793641767,,0_2_82_p0
3846.9505903024806,,0_2_82_p0
3849.066301240785,,0_2_82_p0
3851.182012179089,,0_2_82_p0
3853.297723117393,,0_2_82_p0
3855.413434055697,,0_2_82_p0
3857.5291449940014,,0_2_82_p0
3859.6448559323053,,0_2_82_p0
3861.7605668706096,,0_2_82_p0
3863.8762778089135,,0_2_82_p0
3865.9919887472174,,0_2_82_p0
3868.1076996855218,,0_2_82_p0
3870.2234106238257,,0_2_82_p0
3872.33912156213,,0_2_82_p0
3874.454832500434,,0_2_82_p0
3876.5705434387382,,0_2_82_p0
3878.686254377042,,0_2_82_p0
3880.8019653153465,,0_2_82_p0
3882.9176762536504,,0_2_82_p0
3885.0333871919543,,0_2_82_p0
3887.1490981302586,,0_2_82_p0
3889.2648090685625,,0_2_82_p0
3891.380520006867,,0_2_82_p0
3893.4962309451707,,0_2_82_p0
3895.611941883475,,0_2_82_p0
3897.727652821779,,0_2_82_p0
3899.8433637600833,,0_2_82_p0
3901.959074698387,,0_2_82_p0
3904.074785636691,,0_2_82_p0
3906.1904965749954,,0_2_82_p0
3908.3062075132993,,0_2_82_p0
3910.4219184516037,,0_2_82_p0
3912.5376293899076,,0_2_82_p0
3914.653340328212,,0_2_82_p0
3916.769051266516,,0_2_82_p0
3918.88476220482,,0_2_82_p0
3921.000473143124,,0_2_82_p0
3923.116184081428,,0_2_82_p0
3925.2318950197323,,0_2_82_p0
3927.347605958036,,0_2_82_p0
3929.4633168963405,,0_2_82_p0
3931.5790278346444,,0_2_82_p0
3933.6947387729488,,0_2_82_p0
3935.8104497112527,,0_2_82_p0
3937.926160649557,,0_2_82_p0
3940.041871587861,,0_2_82_p0
3942.1575825261643,,0_2_82_p0
3944.2732934644687,,0_2_82_p0
3946.3890044027726,,0_2_82_p0
3948.504715341077,,0_2_82_p0
3950.620426279381,,0_2_82_p0
3952.736137217685,,0_2_82_p0
3954.851848155989,,0_2_82_p0
3956.9675590942934,,0_2_82_p0
3959.0832700325973,,0_2_82_p0
3961.198980970901,,0_2_82_p0
3963.3146919092055,,0_2_82_p0
3965.4304028475094,,0_2_82_p0
3967.5461137858138,,0_2_82_p0
3969.6618247241177,,0_2_82_p0
3971.777535662422,,0_2_82_p0
3973.893246600726,,0_2_82_p0
3976.0089575390302,,0_2_82_p0
3978.124668477334,,0_2_82_p0
3980.240379415638,,0_2_82_p0
3982.3560903539424,,0_2_82_p0
3984.4718012922463,,0_2_82_p0
3986.5875122305506,,0_2_82_p0
3988.7032231688545,,0_2_82_p0
3990.818934107159,,0_2_82_p0
3992.9346450454627,,0_2_82_p0
3995.050355983767,,0_2_82_p0
3997.166066922071,,0_2_82_p0
3999.281777860375,,0_2_82_p0
4001.3974887986797,,0_2_82_p0
4003.513199736983,,0_2_82_p0
4005.628910675288,,0_2_82_p0
4007.7446216135913,,0_2_82_p0
4009.860332551896,,0_2_82_p0
4011.9760434901996,,0_2_82_p0
4014.0917544285044,,0_2_82_p0
4016.207465366808,,0_2_82_p0
4018.323176305112,,0_2_82_p0
4020.438887243416,,0_2_82_p0
4022.5545981817204,,0_2_82_p0
4024.6703091200243,,0_2_82_p0
4026.7860200583286,,0_2_82_p0
4028.9017309966325,,0_2_82_p0
4031.017441934937,,0_2_82_p0
4033.1331528732408,,0_2_82_p0
4035.248863811545,,0_2_82_p0
4037.364574749849,,0_2_82_p0
4039.4802856881533,,0_2_82_p0
4041.595996626457,,0_2_82_p0
4043.7117075647616,,0_2_82_p0
4045.827418503065,,0_2_82_p0
4047.94312944137,,0_2_82_p0
4050.0588403796733,,0_2_82_p0
4052.174551317978,,0_2_82_p0
4054.2902622562815,,0_2_82_p0
4056.4059731945863,,0_2_82_p0
4058.5216841328897,,0_2_82_p0
4060.637395071194,,0_2_82_p0
4062.753106009498,,0_2_82_p0
4064.8688169478023,,0_2_82_p0
4066.984527886106,,0_2_82_p0
4069.1002388244106,,0_2_82_p0
4071.2159497627144,,0_2_82_p0
4073.331660701019,,0_2_82_p0
4075.4473716393227,,0_2_82_p0
4077.563082577627,,0_2_82_p0
4079.6787935159305,,0_2_82_p0
4081.7945044542353,,0_2_82_p0
4083.9102153925387,,0_2_82_p0
4086.0259263308435,,0_2_82_p0
4088.141637269147,,0_2_82_p0
4090.2573482074517,,0_2_82_p0
4092.373059145755,,0_2_82_p0
4094.48877008406,,0_2_82_p0
4096.604481022363,,0_2_82_p0
4098.720191960668,,0_2_82_p0
4100.835902898972,,0_2_82_p0
4102.951613837276,,0_2_82_p0
4105.067324775579,,0_2_82_p0
4107.183035713884,,0_2_82_p0
4109.298746652188,,0_2_82_p0
4111.414457590493,,0_2_82_p0
4113.530168528796,,0_2_82_p0
4115.645879467101,,0_2_82_p0
4117.761590405405,,0_2_82_p0
4119.8773013437085,,0_2_82_p0
4121.993012282012,,0_2_82_p0
4124.108723220316,,0_2_82_p0
4126.224434158621,,0_2_82_p0
4128.340145096924,,0_2_82_p0
4130.455856035229,,0_2_82_p0
4132.571566973533,,0_2_82_p0
4134.687277911837,,0_2_82_p0
4136.8029888501405,,0_2_82_p0
4138.918699788445,,0_2_82_p0
4141.034410726749,,0_2_82_p0
4143.150121665053,,0_2_82_p0
4145.265832603357,,0_2_82_p0
4147.381543541662,,0_2_82_p0
4149.497254479966,,0_2_82_p0
4151.61296541827,,0_2_82_p0
4153.7286763565735,,0_2_82_p0
4155.844387294878,,0_2_82_p0
4157.960098233181,,0_2_82_p0
4160.075809171486,,0_2_82_p0
4162.19152010979,,0_2_82_p0
4164.307231048095,,0_2_82_p0
4166.422941986398,,0_2_82_p0
4168.538652924703,,0_2_82_p0
4170.654363863006,,0_2_82_p0
4172.770074801311,,0_2_82_p0
4174.885785739614,,0_2_82_p0
4177.001496677919,,0_2_82_p0
4179.117207616223,,0_2_82_p0
4181.232918554527,,0_2_82_p0
4183.348629492831,,0_2_82_p0
4185.4643404311355,,0_2_82_p0
4187.580051369439,,0_2_82_p0
4189.695762307743,,0_2_82_p0
4191.811473246047,,0_2_82_p0
4193.927184184352,,0_2_82_p0
4196.042895122655,,0_2_82_p0
4198.15860606096,,0_2_82_p0
4200.274316999264,,0_2_82_p0
4202.390027937568,,0_2_82_p0
4204.505738875871,,0_2_82_p0
4206.621449814176,,0_2_82_p0
4208.73716075248,,0_2_82_p0
4210.852871690785,,0_2_82_p0
4212.968582629088,,0_2_82_p0
4215.084293567393,,0_2_82_p0
4217.200004505697,,0_2_82_p0
4219.3157154440005,,0_2_82_p0
4221.431426382304,,0_2_82_p0
4223.547137320609,,0_2_82_p0
4225.662848258913,,0_2_82_p0
4227.778559197217,,0_2_82_p0
4229.894270135521,,0_2_82_p0
4232.009981073826,,0_2_82_p0
4234.125692012129,,0_2_82_p0
4236.241402950433,,0_2_82_p0
4238.357113888737,,0_2_82_p0
4240.472824827042,,0_2_82_p0
4242.588535765345,,0_2_82_p0
4244.704246703649,,0_2_82_p0
4246.819957641954,,0_2_82_p0
4248.935668580258,,0_2_82_p0
4251.051379518562,,0_2_82_p0
4253.1670904568655,,0_2_82_p0
4255.28280139517,,0_2_82_p0
4257.398512333473,,0_2_82_p0
4259.514223271778,,0_2_82_p0
4261.629934210082,,0_2_82_p0
4263.745645148387,,0_2_82_p0
4265.86135608669,,0_2_82_p0
4267.9770670249945,,0_2_82_p0
4270.092777963298,,0_2_82_p0
4272.208488901602,,0_2_82_p0
4274.324199839906,,0_2_82_p0
4276.439910778211,,0_2_82_p0
4278.555621716515,,0_2_82_p0
4280.671332654819,,0_2_82_p0
4282.787043593123,,0_2_82_p0
4284.9027545314275,,0_2_82_p0
4287.018465469731,,0_2_82_p0
4289.134176408035,,0_2_82_p0
4291.249887346339,,0_2_82_p0
4293.365598284644,,0_2_82_p0
4295.481309222947,,0_2_82_p0
4297.597020161252,,0_2_82_p0
4299.712731099556,,0_2_82_p0
4301.82844203786,,0_2_82_p0
4303.944152976163,,0_2_82_p0
4306.059863914468,,0_2_82_p0
4308.175574852772,,0_2_82_p0
4310.291285791076,,0_2_82_p0
4312.40699672938,,0_2_82_p0
4314.522707667685,,0_2_82_p0
4316.638418605989,,0_2_82_p0
4318.7541295442925,,0_2_82_p0
4320.869840482596,,0_2_82_p0
4322.985551420901,,0_2_82_p0
4325.101262359205,,0_2_82_p0
4327.216973297509,,0_2_82_p0
4329.332684235813,,0_2_82_p0
4331.448395174118,,0_2_82_p0
4333.564106112421,,0_2_82_p0
4335.679817050725,,0_2_82_p0
4337.795527989029,,0_2_82_p0
4339.911238927334,,0_2_82_p0
4342.026949865637,,0_2_82_p0
4344.142660803942,,0_2_82_p0
4346.258371742246,,0_2_82_p0
4348.37408268055,,0_2_82_p0
4350.489793618854,,0_2_82_p0
4352.605504557158,,0_2_82_p0
4354.721215495462,,0_2_82_p0
4356.836926433766,,0_2_82_p0
4358.95263737207,,0_2_82_p0
4361.068348310375,,0_2_82_p0
4363.184059248679,,0_2_82_p0
4365.299770186982,,0_2_82_p0
4367.4154811252865,,0_2_82_p0
4369.53119206359,,0_2_82_p0
4371.646903001894,,0_2_82_p0
4373.762613940198,,0_2_82_p0
4375.878324878503,,0_2_82_p0
4377.994035816807,,0_2_82_p0
4380.109746755111,,0_2_82_p0
4382.225457693415,,0_2_82_p0
4384.3411686317195,,0_2_82_p0
4386.456879570023,,0_2_82_p0
4388.572590508327,,0_2_82_p0
4390.688301446631,,0_2_82_p0
4392.804012384936,,0_2_82_p0
4394.919723323239,,0_2_82_p0
4397.035434261544,,0_2_82_p0
4399.151145199848,,0_2_82_p0
4401.266856138152,,0_2_82_p0
4403.382567076455,,0_2_82_p0
4405.49827801476,,0_2_82_p0
4407.613988953064,,0_2_82_p0
4409.729699891368,,0_2_82_p0
4411.845410829672,,0_2_82_p0
4413.961121767977,,0_2_82_p0
4416.076832706281,,0_2_82_p0
4418.1925436445845,,0_2_82_p0
4420.308254582888,,0_2_82_p0
4422.423965521193,,0_2_82_p0
4424.539676459497,,0_2_82_p0
4426.655387397801,,0_2_82_p0
4428.771098336105,,0_2_82_p0
4430.88680927441,,0_2_82_p0
4433.002520212713,,0_2_82_p0
4435.118231151017,,0_2_82_p0
4437.233942089321,,0_2_82_p0
4439.349653027626,,0_2_82_p0
4441.465363965929,,0_2_82_p0
4443.581074904234,,0_2_82_p0
4445.696785842538,,0_2_82_p0
4447.812496780842,,0_2_82_p0
4449.928207719146,,0_2_82_p0
4452.04391865745,,0_2_82_p0
4454.159629595754,,0_2_82_p0
4456.275340534058,,0_2_82_p0
4458.391051472362,,0_2_82_p0
4460.506762410667,,0_2_82_p0
4462.622473348971,,0_2_82_p0
4464.738184287275,,0_2_82_p0
4466.8538952255785,,0_2_82_p0
4468.969606163883,,0_2_82_p0
4471.085317102186,,0_2_82_p0
4473.201028040491,,0_2_82_p0
4475.316738978795,,0_2_82_p0
4477.4324499171,,0_2_82_p0
4479.548160855403,,0_2_82_p0
4481.663871793708,,0_2_82_p0
4483.7795827320115,,0_2_82_p0
4485.895293670315,,0_2_82_p0
4488.011004608619,,0_2_82_p0
4490.126715546923,,0_2_82_p0
4492.242426485228,,0_2_82_p0
4494.358137423531,,0_2_82_p0
4496.473848361836,,0_2_82_p0
4498.58955930014,,0_2_82_p0
4500.705270238444,,0_2_82_p0
4502.820981176747,,0_2_82_p0
4504.936692115052,,0_2_82_p0
4507.052403053356,,0_2_82_p0
4509.16811399166,,0_2_82_p0
4511.283824929964,,0_2_82_p0
4513.399535868269,,0_2_82_p0
4515.515246806573,,0_2_82_p0
4517.6309577448765,,0_2_82_p0
4519.74666868318,,0_2_82_p0
4521.862379621485,,0_2_82_p0
4523.978090559789,,0_2_82_p0
4526.093801498093,,0_2_82_p0
4528.209512436397,,0_2_82_p0
4530.325223374702,,0_2_82_p0
4532.440934313005,,0_2_82_p0
4534.556645251309,,0_2_82_p0
4536.672356189613,,0_2_82_p0
4538.788067127918,,0_2_82_p0
4540.903778066221,,0_2_82_p0
4543.019489004526,,0_2_82_p0
4545.13519994283,,0_2_82_p0
4547.250910881134,,0_2_82_p0
4549.366621819438,,0_2_82_p0
4551.482332757742,,0_2_82_p0
4553.598043696046,,0_2_82_p0
4555.71375463435,,0_2_82_p0
4557.829465572654,,0_2_82_p0
4559.945176510959,,0_2_82_p0
4562.060887449263,,0_2_82_p0
4564.176598387567,,0_2_82_p0
4566.2923093258705,,0_2_82_p0
4568.408020264175,,0_2_82_p0
4570.523731202478,,0_2_82_p0
4572.639442140783,,0_2_82_p0
4574.755153079087,,0_2_82_p0
4576.870864017392,,0_2_82_p0
4578.986574955695,,0_2_82_p0
4581.102285894,,0_2_82_p0
4583.2179968323035,,0_2_82_p0
4585.333707770607,,0_2_82_p0
4587.449418708911,,0_2_82_p0
4589.565129647216,,0_2_82_p0
4591.68084058552,,0_2_82_p0
4593.796551523824,,0_2_82_p0
4595.912262462128,,0_2_82_p0
4598.0279734004325,,0_2_82_p0
4600.143684338736,,0_2_82_p0
4602.25939527704,,0_2_82_p0
4604.375106215344,,0_2_82_p0
4606.490817153648,,0_2_82_p0
4608.606528091952,,0_2_82_p0
4610.722239030256,,0_2_82_p0
4612.837949968561,,0_2_82_p0
4614.953660906865,,0_2_82_p0
4617.0693718451685,,0_2_82_p0
4619.185082783472,,0_2_82_p0
4621.300793721777,,0_2_82_p0
4623.41650466008,,0_2_82_p0
4625.532215598385,,0_2_82_p0
4627.647926536689,,0_2_82_p0
4629.763637474994,,0_2_82_p0
4631.879348413297,,0_2_82_p0
4633.995059351601,,0_2_82_p0
4636.110770289905,,0_2_82_p0
4638.22648122821,,0_2_82_p0
4640.342192166513,,0_2_82_p0
4642.457903104818,,0_2_82_p0
4644.573614043122,,0_2_82_p0
4646.689324981426,,0_2_82_p0
4648.80503591973,,0_2_82_p0
4650.920746858034,,0_2_82_p0
4653.036457796338,,0_2_82_p0
4655.152168734642,,0_2_82_p0
4657.267879672946,,0_2_82_p0
4659.383590611251,,0_2_82_p0
4661.499301549555,,0_2_82_p0
4663.615012487859,,0_2_82_p0
4665.7307234261625,,0_2_82_p0
4667.846434364467,,0_2_82_p0
4669.96214530277,,0_2_82_p0
4672.077856241075,,0_2_82_p0
4674.193567179379,,0_2_82_p0
4676.309278117684,,0_2_82_p0
4678.424989055987,,0_2_82_p0
4680.540699994292,,0_2_82_p0
4682.6564109325955,,0_2_82_p0
4684.772121870899,,0_2_82_p0
4686.887832809203,,0_2_82_p0
4689.003543747508,,0_2_82_p0
4691.119254685812,,0_2_82_p0
4693.234965624116,,0_2_82_p0
4695.35067656242,,0_2_82_p0
4697.4663875007245,,0_2_82_p0
4699.582098439028,,0_2_82_p0
4701.697809377332,,0_2_82_p0
4703.813520315636,,0_2_82_p0
4705.929231253941,,0_2_82_p0
4708.044942192244,,0_2_82_p0
4710.160653130549,,0_2_82_p0
4712.276364068853,,0_2_82_p0
4714.3920750071575,,0_2_82_p0
4716.5077859454605,,0_2_82_p0
4718.623496883765,,0_2_82_p0
4720.739207822069,,0_2_82_p0
4722.854918760373,,0_2_82_p0
4724.970629698677,,0_2_82_p0
4727.086340636981,,0_2_82_p0
4729.202051575286,,0_2_82_p0
4731.317762513589,,0_2_82_p0
4733.433473451893,,0_2_82_p0
4735.549184390197,,0_2_82_p0
4737.664895328502,,0_2_82_p0
4739.780606266805,,0_2_82_p0
4741.89631720511,,0_2_82_p0
4744.012028143414,,0_2_82_p0
4746.127739081718,,0_2_82_p0
4748.243450020022,,0_2_82_p0
4750.359160958326,,0_2_82_p0
4752.47487189663,,0_2_82_p0
4754.590582834934,,0_2_82_p0
4756.706293773238,,0_2_82_p0
4758.822004711543,,0_2_82_p0
4760.937715649846,,0_2_82_p0
4763.053426588151,,0_2_82_p0
4765.1691375264545,,0_2_82_p0
4767.284848464759,,0_2_82_p0
4769.400559403062,,0_2_82_p0
4771.516270341367,,0_2_82_p0
4773.631981279671,,0_2_82_p0
4775.747692217976,,0_2_82_p0
4777.863403156279,,0_2_82_p0
4779.979114094584,,0_2_82_p0
4782.0948250328875,,0_2_82_p0
4784.210535971191,,0_2_82_p0
4786.326246909495,,0_2_82_p0
4788.4419578478,,0_2_82_p0
4790.557668786104,,0_2_82_p0
4792.673379724408,,0_2_82_p0
4794.789090662712,,0_2_82_p0
4796.9048016010165,,0_2_82_p0
4799.0205125393195,,0_2_82_p0
4801.136223477624,,0_2_82_p0
4803.251934415928,,0_2_82_p0
4805.367645354233,,0_2_82_p0
4807.483356292536,,0_2_82_p0
4809.599067230841,,0_2_82_p0
4811.714778169145,,0_2_82_p0
4813.8304891074495,,0_2_82_p0
4815.946200045752,,0_2_82_p0
4818.061910984057,,0_2_82_p0
4820.177621922361,,0_2_82_p0
4822.293332860665,,0_2_82_p0
4824.409043798969,,0_2_82_p0
4826.524754737274,,0_2_82_p0
4828.640465675578,,0_2_82_p0
4830.7561766138815,,0_2_82_p0
4832.871887552185,,0_2_82_p0
4834.98759849049,,0_2_82_p0
4837.103309428793,,0_2_82_p0
4839.219020367098,,0_2_82_p0
4841.334731305402,,0_2_82_p0
4843.450442243707,,0_2_82_p0
4845.56615318201,,0_2_82_p0
4847.681864120314,,0_2_82_p0
4849.797575058618,,0_2_82_p0
4851.913285996922,,0_2_82_p0
4854.028996935226,,0_2_82_p0
4856.14470787353,,0_2_82_p0
4858.260418811835,,0_2_82_p0
4860.376129750138,,0_2_82_p0
4862.491840688443,,0_2_82_p0
4864.6075516267465,,0_2_82_p0
4866.723262565051,,0_2_82_p0
4868.838973503354,,0_2_82_p0
4870.954684441659,,0_2_82_p0
4873.070395379963,,0_2_82_p0
4875.186106318268,,0_2_82_p0
4877.301817256571,,0_2_82_p0
4879.417528194876,,0_2_82_p0
4881.533239133179,,0_2_82_p0
4883.648950071483,,0_2_82_p0
4885.764661009787,,0_2_82_p0
4887.880371948092,,0_2_82_p0
4889.996082886396,,0_2_82_p0
4892.1117938247,,0_2_82_p0
4894.227504763004,,0_2_82_p0
4896.3432157013085,,0_2_82_p0
4898.4589266396115,,0_2_82_p0
4900.574637577916,,0_2_82_p0
4902.69034851622,,0_2_82_p0
4904.806059454525,,0_2_82_p0
4906.921770392828,,0_2_82_p0
4909.037481331133,,0_2_82_p0
4911.153192269437,,0_2_82_p0
4913.2689032077415,,0_2_82_p0
4915.384614146044,,0_2_82_p0
4917.500325084349,,0_2_82_p0
4919.616036022653,,0_2_82_p0
4921.731746960957,,0_2_82_p0
4923.847457899261,,0_2_82_p0
4925.963168837566,,0_2_82_p0
4928.07887977587,,0_2_82_p0
4930.1945907141735,,0_2_82_p0
4932.310301652477,,0_2_82_p0
4934.426012590782,,0_2_82_p0
4936.541723529085,,0_2_82_p0
4938.65743446739,,0_2_82_p0
4940.773145405694,,0_2_82_p0
4942.888856343999,,0_2_82_p0
4945.004567282302,,0_2_82_p0
4947.120278220606,,0_2_82_p0
4949.23598915891,,0_2_82_p0
4951.351700097215,,0_2_82_p0
4953.467411035518,,0_2_82_p0
4955.583121973823,,0_2_82_p0
4957.698832912127,,0_2_82_p0
4959.814543850431,,0_2_82_p0
4961.930254788735,,0_2_82_p0
4964.045965727039,,0_2_82_p0
4966.161676665343,,0_2_82_p0
4968.277387603646,,0_2_82_p0
4970.393098541951,,0_2_82_p0
4972.508809480255,,0_2_82_p0
4974.624520418559,,0_2_82_p0
4976.740231356863,,0_2_82_p0
4978.855942295168,,0_2_82_p0
4980.971653233471,,0_2_82_p0
4983.087364171775,,0_2_82_p0
4985.203075110079,,0_2_82_p0
4987.318786048384,,0_2_82_p0
4989.434496986688,,0_2_82_p0
4991.550207924992,,0_2_82_p0
4993.665918863296,,0_2_82_p0
4995.7816298016005,,0_2_82_p0
4997.8973407399035,,0_2_82_p0
5000.013051678208,,0_2_82_p0
5002.128762616512,,0_2_82_p0
5004.244473554817,,0_2_82_p0
5006.36018449312,,0_2_82_p0
5008.475895431425,,0_2_82_p0
5010.591606369729,,0_2_82_p0
5012.7073173080325,,0_2_82_p0
5014.823028246336,,0_2_82_p0
5016.938739184641,,0_2_82_p0
5019.054450122945,,0_2_82_p0
5021.170161061249,,0_2_82_p0
5023.285871999553,,0_2_82_p0
5025.401582937858,,0_2_82_p0
5027.517293876162,,0_2_82_p0
5029.6330048144655,,0_2_82_p0
5031.748715752769,,0_2_82_p0
5033.864426691074,,0_2_82_p0
5035.980137629377,,0_2_82_p0
5038.095848567682,,0_2_82_p0
5040.211559505986,,0_2_82_p0
5042.327270444291,,0_2_82_p0
5044.442981382594,,0_2_82_p0
5046.558692320898,,0_2_82_p0
5048.674403259202,,0_2_82_p0
5050.790114197506,,0_2_82_p0
5052.90582513581,,0_2_82_p0
5055.021536074115,,0_2_82_p0
5057.137247012419,,0_2_82_p0
5059.252957950723,,0_2_82_p0
5061.368668889027,,0_2_82_p0
5063.484379827331,,0_2_82_p0
5065.600090765635,,0_2_82_p0
5067.715801703939,,0_2_82_p0
5069.831512642243,,0_2_82_p0
5071.947223580548,,0_2_82_p0
5074.062934518851,,0_2_82_p0
5076.178645457156,,0_2_82_p0
5078.2943563954595,,0_2_82_p0
5080.410067333764,,0_2_82_p0
5082.525778272067,,0_2_82_p0
5084.641489210372,,0_2_82_p0
5086.757200148676,,0_2_82_p0
5088.87291108698,,0_2_82_p0
5090.988622025284,,0_2_82_p0
5093.104332963588,,0_2_82_p0
5095.2200439018925,,0_2_82_p0
5097.3357548401955,,0_2_82_p0
5099.4514657785,,0_2_82_p0
5101.567176716804,,0_2_82_p0
5103.682887655109,,0_2_82_p0
5105.798598593412,,0_2_82_p0
5107.914309531717,,0_2_82_p0
5110.030020470021,,0_2_82_p0
5112.1457314083245,,0_2_82_p0
5114.261442346628,,0_2_82_p0
5116.377153284933,,0_2_82_p0
5118.492864223237,,0_2_82_p0
5120.608575161541,,0_2_82_p0
5122.724286099845,,0_2_82_p0
5124.83999703815,,0_2_82_p0
5126.955707976454,,0_2_82_p0
5129.0714189147575,,0_2_82_p0
5131.187129853061,,0_2_82_p0
5133.302840791366,,0_2_82_p0
5135.418551729669,,0_2_82_p0
5137.534262667974,,0_2_82_p0
5139.649973606278,,0_2_82_p0
5141.765684544583,,0_2_82_p0
5143.881395482886,,0_2_82_p0
5145.99710642119,,0_2_82_p0
5148.112817359494,,0_2_82_p0
5150.228528297798,,0_2_82_p0
5152.344239236102,,0_2_82_p0
5154.459950174407,,0_2_82_p0
5156.575661112711,,0_2_82_p0
5158.691372051015,,0_2_82_p0
5160.807082989319,,0_2_82_p0
5162.922793927623,,0_2_82_p0
5165.038504865927,,0_2_82_p0
5167.154215804231,,0_2_82_p0
5169.269926742535,,0_2_82_p0
5171.38563768084,,0_2_82_p0
5173.501348619143,,0_2_82_p0
5175.617059557448,,0_2_82_p0
5177.7327704957515,,0_2_82_p0
5179.848481434056,,0_2_82_p0
5181.964192372359,,0_2_82_p0
5184.079903310664,,0_2_82_p0
5186.195614248968,,0_2_82_p0
5188.311325187272,,0_2_82_p0
5190.427036125576,,0_2_82_p0
5192.542747063881,,0_2_82_p0
5194.6584580021845,,0_2_82_p0
5196.774168940488,,0_2_82_p0
5198.889879878792,,0_2_82_p0
5201.005590817097,,0_2_82_p0
5203.121301755401,,0_2_82_p0
5205.237012693705,,0_2_82_p0
5207.352723632009,,0_2_82_p0
5209.468434570313,,0_2_82_p0
5211.5841455086165,,0_2_82_p0
5213.69985644692,,0_2_82_p0
5215.815567385225,,0_2_82_p0
5217.931278323529,,0_2_82_p0
5220.046989261833,,0_2_82_p0
5222.162700200137,,0_2_82_p0
5224.278411138442,,0_2_82_p0
5226.394122076746,,0_2_82_p0
5228.5098330150495,,0_2_82_p0
5230.625543953353,,0_2_82_p0
5232.741254891658,,0_2_82_p0
5234.856965829961,,0_2_82_p0
5236.972676768266,,0_2_82_p0
5239.08838770657,,0_2_82_p0
5241.204098644875,,0_2_82_p0
5243.319809583178,,0_2_82_p0
5245.435520521482,,0_2_82_p0
5247.551231459786,,0_2_82_p0
5249.66694239809,,0_2_82_p0
