time_ms,f0,ID
0.0,,0_2_101_p1
2.0804568155111633,,0_2_101_p1
4.160913631022327,,0_2_101_p1
6.24137044653349,,0_2_101_p1
8.321827262044653,,0_2_101_p1
10.402284077555818,,0_2_101_p1
12.48274089306698,,0_2_101_p1
14.563197708578144,,0_2_101_p1
16.643654524089307,,0_2_101_p1
18.72411133960047,,0_2_101_p1
20.804568155111635,,0_2_101_p1
22.885024970622798,,0_2_101_p1
24.96548178613396,,0_2_101_p1
27.045938601645126,,0_2_101_p1
29.12639541715629,,0_2_101_p1
31.20685223266745,,0_2_101_p1
33.287309048178614,,0_2_101_p1
35.36776586368978,,0_2_101_p1
37.44822267920094,,0_2_101_p1
39.5286794947121,,0_2_101_p1
41.60913631022327,,0_2_101_p1
43.68959312573443,,0_2_101_p1
45.770049941245595,,0_2_101_p1
47.85050675675676,,0_2_101_p1
49.93096357226792,,0_2_101_p1
52.01142038777909,,0_2_101_p1
54.09187720329025,,0_2_101_p1
56.17233401880141,,0_2_101_p1
58.25279083431258,,0_2_101_p1
60.33324764982374,,0_2_101_p1
62.4137044653349,,0_2_101_p1
64.49416128084606,,0_2_101_p1
66.57461809635723,,0_2_101_p1
68.6550749118684,,0_2_101_p1
70.73553172737957,,0_2_101_p1
72.81598854289072,,0_2_101_p1
74.89644535840188,,0_2_101_p1
76.97690217391305,,0_2_101_p1
79.0573589894242,,0_2_101_p1
81.13781580493537,,0_2_101_p1
83.21827262044654,,0_2_101_p1
85.29872943595771,,0_2_101_p1
87.37918625146887,,0_2_101_p1
89.45964306698002,,0_2_101_p1
91.54009988249119,,0_2_101_p1
93.62055669800236,,0_2_101_p1
95.70101351351352,,0_2_101_p1
97.78147032902467,,0_2_101_p1
99.86192714453584,,0_2_101_p1
101.94238396004701,,0_2_101_p1
104.02284077555818,,0_2_101_p1
106.10329759106934,,0_2_101_p1
108.1837544065805,,0_2_101_p1
110.26421122209166,,0_2_101_p1
112.34466803760282,,0_2_101_p1
114.42512485311399,,0_2_101_p1
116.50558166862515,,0_2_101_p1
118.58603848413632,,0_2_101_p1
120.66649529964748,,0_2_101_p1
122.74695211515863,,0_2_101_p1
124.8274089306698,,0_2_101_p1
126.90786574618096,,0_2_101_p1
128.98832256169212,,0_2_101_p1
131.0687793772033,,0_2_101_p1
133.14923619271445,,0_2_101_p1
135.22969300822564,,0_2_101_p1
137.3101498237368,,0_2_101_p1
139.39060663924795,,0_2_101_p1
141.47106345475913,,0_2_101_p1
143.55152027027026,,0_2_101_p1
145.63197708578144,,0_2_101_p1
147.7124339012926,,0_2_101_p1
149.79289071680375,,0_2_101_p1
151.87334753231494,,0_2_101_p1
153.9538043478261,,0_2_101_p1
156.03426116333728,,0_2_101_p1
158.1147179788484,,0_2_101_p1
160.1951747943596,,0_2_101_p1
162.27563160987074,,0_2_101_p1
164.3560884253819,,0_2_101_p1
166.43654524089308,,0_2_101_p1
168.51700205640424,,0_2_101_p1
170.59745887191542,,0_2_101_p1
172.67791568742658,,0_2_101_p1
174.75837250293773,,0_2_101_p1
176.8388293184489,,0_2_101_p1
178.91928613396004,,0_2_101_p1
180.99974294947123,,0_2_101_p1
183.08019976498238,,0_2_101_p1
185.16065658049354,,0_2_101_p1
187.24111339600472,,0_2_101_p1
189.32157021151588,,0_2_101_p1
191.40202702702703,,0_2_101_p1
193.4824838425382,,0_2_101_p1
195.56294065804934,,0_2_101_p1
197.64339747356053,,0_2_101_p1
199.72385428907168,,0_2_101_p1
201.80431110458287,,0_2_101_p1
203.88476792009402,,0_2_101_p1
205.9652247356052,,0_2_101_p1
208.04568155111636,,0_2_101_p1
210.1261383666275,,0_2_101_p1
212.20659518213867,,0_2_101_p1
214.28705199764983,,0_2_101_p1
216.367508813161,,0_2_101_p1
218.44796562867216,,0_2_101_p1
220.52842244418332,,0_2_101_p1
222.6088792596945,,0_2_101_p1
224.68933607520563,,0_2_101_p1
226.76979289071681,,0_2_101_p1
228.85024970622797,,0_2_101_p1
230.93070652173913,,0_2_101_p1
233.0111633372503,,0_2_101_p1
235.09162015276146,,0_2_101_p1
237.17207696827265,,0_2_101_p1
239.2525337837838,,0_2_101_p1
241.33299059929496,,0_2_101_p1
243.41344741480611,,0_2_101_p1
245.49390423031727,,0_2_101_p1
247.57436104582845,,0_2_101_p1
249.6548178613396,,0_2_101_p1
251.73527467685076,,0_2_101_p1
253.81573149236192,,0_2_101_p1
255.89618830787308,,0_2_101_p1
257.97664512338423,,0_2_101_p1
260.0571019388954,,0_2_101_p1
262.1375587544066,,0_2_101_p1
264.2180155699177,,0_2_101_p1
266.2984723854289,,0_2_101_p1
268.3789292009401,,0_2_101_p1
270.4593860164513,,0_2_101_p1
272.5398428319624,,0_2_101_p1
274.6202996474736,,0_2_101_p1
276.70075646298477,,0_2_101_p1
278.7812132784959,,0_2_101_p1
280.8616700940071,,0_2_101_p1
282.94212690951827,,0_2_101_p1
285.0225837250294,,0_2_101_p1
287.1030405405405,,0_2_101_p1
289.1834973560517,,0_2_101_p1
291.2639541715629,,0_2_101_p1
293.344410987074,,0_2_101_p1
295.4248678025852,,0_2_101_p1
297.5053246180964,,0_2_101_p1
299.5857814336075,,0_2_101_p1
301.6662382491187,,0_2_101_p1
303.7466950646299,,0_2_101_p1
305.82715188014106,,0_2_101_p1
307.9076086956522,,0_2_101_p1
309.98806551116337,,0_2_101_p1
312.06852232667455,,0_2_101_p1
314.1489791421857,,0_2_101_p1
316.2294359576968,,0_2_101_p1
318.309892773208,,0_2_101_p1
320.3903495887192,,0_2_101_p1
322.4708064042303,,0_2_101_p1
324.5512632197415,,0_2_101_p1
326.63172003525267,,0_2_101_p1
328.7121768507638,,0_2_101_p1
330.792633666275,,0_2_101_p1
332.87309048178616,,0_2_101_p1
334.9535472972973,,0_2_101_p1
337.0340041128085,,0_2_101_p1
339.11446092831966,,0_2_101_p1
341.19491774383084,,0_2_101_p1
343.27537455934197,,0_2_101_p1
345.35583137485315,,0_2_101_p1
347.43628819036434,,0_2_101_p1
349.51674500587546,,0_2_101_p1
351.5972018213866,,0_2_101_p1
353.6776586368978,,0_2_101_p1
355.7581154524089,,0_2_101_p1
357.8385722679201,,0_2_101_p1
359.91902908343127,,0_2_101_p1
361.99948589894245,,0_2_101_p1
364.0799427144536,,0_2_101_p1
366.16039952996476,,0_2_101_p1
368.24085634547595,,0_2_101_p1
370.3213131609871,,0_2_101_p1
372.40176997649826,,0_2_101_p1
374.48222679200944,,0_2_101_p1
376.5626836075206,,0_2_101_p1
378.64314042303175,,0_2_101_p1
380.72359723854294,,0_2_101_p1
382.80405405405406,,0_2_101_p1
384.8845108695652,,0_2_101_p1
386.9649676850764,,0_2_101_p1
389.04542450058756,,0_2_101_p1
391.1258813160987,,0_2_101_p1
393.20633813160987,,0_2_101_p1
395.28679494712105,,0_2_101_p1
397.36725176263224,,0_2_101_p1
399.44770857814336,,0_2_101_p1
401.52816539365455,,0_2_101_p1
403.60862220916573,,0_2_101_p1
405.68907902467686,,0_2_101_p1
407.76953584018804,,0_2_101_p1
409.8499926556992,,0_2_101_p1
411.9304494712104,,0_2_101_p1
414.01090628672154,,0_2_101_p1
416.0913631022327,,0_2_101_p1
418.17181991774385,,0_2_101_p1
420.252276733255,,0_2_101_p1
422.33273354876616,,0_2_101_p1
424.41319036427734,,0_2_101_p1
426.49364717978847,,0_2_101_p1
428.57410399529965,,0_2_101_p1
430.65456081081084,,0_2_101_p1
432.735017626322,,0_2_101_p1
434.81547444183315,,0_2_101_p1
436.89593125734433,,0_2_101_p1
438.9763880728555,,0_2_101_p1
441.05684488836664,,0_2_101_p1
443.1373017038778,,0_2_101_p1
445.217758519389,,0_2_101_p1
447.29821533490014,,0_2_101_p1
449.37867215041126,,0_2_101_p1
451.45912896592245,,0_2_101_p1
453.53958578143363,,0_2_101_p1
455.62004259694476,,0_2_101_p1
457.70049941245594,,0_2_101_p1
459.7809562279671,,0_2_101_p1
461.86141304347825,,0_2_101_p1
463.94186985898943,,0_2_101_p1
466.0223266745006,,0_2_101_p1
468.1027834900118,,0_2_101_p1
470.18324030552293,,0_2_101_p1
472.2636971210341,,0_2_101_p1
474.3441539365453,,0_2_101_p1
476.4246107520564,,0_2_101_p1
478.5050675675676,,0_2_101_p1
480.5855243830788,,0_2_101_p1
482.6659811985899,,0_2_101_p1
484.74643801410105,,0_2_101_p1
486.82689482961223,,0_2_101_p1
488.9073516451234,,0_2_101_p1
490.98780846063454,,0_2_101_p1
493.0682652761457,,0_2_101_p1
495.1487220916569,,0_2_101_p1
497.22917890716803,,0_2_101_p1
499.3096357226792,,0_2_101_p1
501.39009253819034,,0_2_101_p1
503.47054935370153,,0_2_101_p1
505.55100616921266,,0_2_101_p1
507.63146298472384,,0_2_101_p1
509.711919800235,,0_2_101_p1
511.79237661574615,,0_2_101_p1
513.8728334312574,,0_2_101_p1
515.9532902467685,,0_2_101_p1
518.0337470622796,,0_2_101_p1
520.1142038777908,,0_2_101_p1
522.194660693302,,0_2_101_p1
524.2751175088132,,0_2_101_p1
526.3555743243244,,0_2_101_p1
528.4360311398354,,0_2_101_p1
530.5164879553466,,0_2_101_p1
532.5969447708578,,0_2_101_p1
534.677401586369,,0_2_101_p1
536.7578584018802,,0_2_101_p1
538.8383152173914,,0_2_101_p1
540.9187720329026,,0_2_101_p1
542.9992288484136,,0_2_101_p1
545.0796856639248,,0_2_101_p1
547.160142479436,,0_2_101_p1
549.2405992949472,,0_2_101_p1
551.3210561104584,,0_2_101_p1
553.4015129259695,,0_2_101_p1
555.4819697414807,,0_2_101_p1
557.5624265569918,,0_2_101_p1
559.642883372503,,0_2_101_p1
561.7233401880142,,0_2_101_p1
563.8037970035253,,0_2_101_p1
565.8842538190365,,0_2_101_p1
567.9647106345476,,0_2_101_p1
570.0451674500588,,0_2_101_p1
572.1256242655699,,0_2_101_p1
574.206081081081,,0_2_101_p1
576.2865378965922,,0_2_101_p1
578.3669947121034,,0_2_101_p1
580.4474515276146,,0_2_101_p1
582.5279083431258,,0_2_101_p1
584.6083651586368,,0_2_101_p1
586.688821974148,,0_2_101_p1
588.7692787896592,,0_2_101_p1
590.8497356051704,,0_2_101_p1
592.9301924206816,,0_2_101_p1
595.0106492361928,,0_2_101_p1
597.091106051704,,0_2_101_p1
599.171562867215,,0_2_101_p1
601.2520196827262,,0_2_101_p1
603.3324764982374,,0_2_101_p1
605.4129333137486,,0_2_101_p1
607.4933901292598,,0_2_101_p1
609.5738469447709,,0_2_101_p1
611.6543037602821,,0_2_101_p1
613.7347605757932,,0_2_101_p1
615.8152173913044,,0_2_101_p1
617.8956742068156,,0_2_101_p1
619.9761310223267,,0_2_101_p1
622.0565878378379,,0_2_101_p1
624.1370446533491,,0_2_101_p1
626.2175014688603,,0_2_101_p1
628.2979582843714,,0_2_101_p1
630.3784150998825,,0_2_101_p1
632.4588719153936,,0_2_101_p1
634.5393287309048,,0_2_101_p1
636.619785546416,,0_2_101_p1
638.7002423619272,,0_2_101_p1
640.7806991774384,,0_2_101_p1
642.8611559929494,,0_2_101_p1
644.9416128084606,,0_2_101_p1
647.0220696239718,,0_2_101_p1
649.102526439483,,0_2_101_p1
651.1829832549942,,0_2_101_p1
653.2634400705053,,0_2_101_p1
655.3438968860164,,0_2_101_p1
657.4243537015276,,0_2_101_p1
659.5048105170388,,0_2_101_p1
661.58526733255,,0_2_101_p1
663.6657241480611,,0_2_101_p1
665.7461809635723,,0_2_101_p1
667.8266377790835,,0_2_101_p1
669.9070945945946,,0_2_101_p1
671.9875514101058,,0_2_101_p1
674.068008225617,,0_2_101_p1
676.1484650411281,,0_2_101_p1
678.2289218566393,,0_2_101_p1
680.3093786721505,,0_2_101_p1
682.3898354876617,,0_2_101_p1
684.4702923031728,,0_2_101_p1
686.5507491186839,,0_2_101_p1
688.6312059341951,,0_2_101_p1
690.7116627497063,,0_2_101_p1
692.7921195652175,,0_2_101_p1
694.8725763807287,,0_2_101_p1
696.9530331962399,,0_2_101_p1
699.0334900117509,,0_2_101_p1
701.113946827262,,0_2_101_p1
703.1944036427732,,0_2_101_p1
705.2748604582844,,0_2_101_p1
707.3553172737955,,0_2_101_p1
709.4357740893067,,0_2_101_p1
711.5162309048178,,0_2_101_p1
713.596687720329,,0_2_101_p1
715.6771445358402,,0_2_101_p1
717.7576013513514,,0_2_101_p1
719.8380581668625,,0_2_101_p1
721.9185149823737,,0_2_101_p1
723.9989717978849,,0_2_101_p1
726.079428613396,,0_2_101_p1
728.1598854289072,,0_2_101_p1
730.2403422444183,,0_2_101_p1
732.3207990599295,,0_2_101_p1
734.4012558754407,,0_2_101_p1
736.4817126909519,,0_2_101_p1
738.5621695064631,,0_2_101_p1
740.6426263219741,,0_2_101_p1
742.7230831374853,,0_2_101_p1
744.8035399529965,,0_2_101_p1
746.8839967685077,,0_2_101_p1
748.9644535840189,,0_2_101_p1
751.0449103995301,,0_2_101_p1
753.1253672150413,,0_2_101_p1
755.2058240305523,,0_2_101_p1
757.2862808460635,,0_2_101_p1
759.3667376615747,,0_2_101_p1
761.4471944770859,,0_2_101_p1
763.527651292597,,0_2_101_p1
765.6081081081081,,0_2_101_p1
767.6885649236193,,0_2_101_p1
769.7690217391304,,0_2_101_p1
771.8494785546416,,0_2_101_p1
773.9299353701527,,0_2_101_p1
776.0103921856639,,0_2_101_p1
778.0908490011751,,0_2_101_p1
780.1713058166863,,0_2_101_p1
782.2517626321974,,0_2_101_p1
784.3322194477086,,0_2_101_p1
786.4126762632197,,0_2_101_p1
788.4931330787309,,0_2_101_p1
790.5735898942421,,0_2_101_p1
792.6540467097533,,0_2_101_p1
794.7345035252645,,0_2_101_p1
796.8149603407755,,0_2_101_p1
798.8954171562867,,0_2_101_p1
800.9758739717979,,0_2_101_p1
803.0563307873091,,0_2_101_p1
805.1367876028203,,0_2_101_p1
807.2172444183315,,0_2_101_p1
809.2977012338426,,0_2_101_p1
811.3781580493537,,0_2_101_p1
813.4586148648649,,0_2_101_p1
815.5390716803761,,0_2_101_p1
817.6195284958873,,0_2_101_p1
819.6999853113984,,0_2_101_p1
821.7804421269096,,0_2_101_p1
823.8608989424208,,0_2_101_p1
825.9413557579319,,0_2_101_p1
828.0218125734431,,0_2_101_p1
830.1022693889543,,0_2_101_p1
832.1827262044654,,0_2_101_p1
834.2631830199765,,0_2_101_p1
836.3436398354877,,0_2_101_p1
838.4240966509988,,0_2_101_p1
840.50455346651,,0_2_101_p1
842.5850102820211,,0_2_101_p1
844.6654670975323,,0_2_101_p1
846.7459239130435,,0_2_101_p1
848.8263807285547,,0_2_101_p1
850.9068375440659,,0_2_101_p1
852.9872943595769,,0_2_101_p1
855.0677511750881,,0_2_101_p1
857.1482079905993,,0_2_101_p1
859.2286648061105,,0_2_101_p1
861.3091216216217,,0_2_101_p1
863.3895784371329,,0_2_101_p1
865.470035252644,,0_2_101_p1
867.5504920681551,,0_2_101_p1
869.6309488836663,,0_2_101_p1
871.7114056991775,,0_2_101_p1
873.7918625146887,,0_2_101_p1
875.8723193301998,,0_2_101_p1
877.952776145711,,0_2_101_p1
880.0332329612222,,0_2_101_p1
882.1136897767333,,0_2_101_p1
884.1941465922445,,0_2_101_p1
886.2746034077556,,0_2_101_p1
888.3550602232668,,0_2_101_p1
890.435517038778,,0_2_101_p1
892.5159738542892,,0_2_101_p1
894.5964306698003,,0_2_101_p1
896.6768874853115,,0_2_101_p1
898.7573443008225,,0_2_101_p1
900.8378011163337,,0_2_101_p1
902.9182579318449,,0_2_101_p1
904.9987147473561,,0_2_101_p1
907.0791715628673,,0_2_101_p1
909.1596283783783,,0_2_101_p1
911.2400851938895,,0_2_101_p1
913.3205420094007,,0_2_101_p1
915.4009988249119,,0_2_101_p1
917.4814556404231,,0_2_101_p1
919.5619124559342,,0_2_101_p1
921.6423692714454,,0_2_101_p1
923.7228260869565,,0_2_101_p1
925.8032829024677,,0_2_101_p1
927.8837397179789,,0_2_101_p1
929.96419653349,,0_2_101_p1
932.0446533490012,,0_2_101_p1
934.1251101645124,,0_2_101_p1
936.2055669800236,,0_2_101_p1
938.2860237955347,,0_2_101_p1
940.3664806110459,,0_2_101_p1
942.446937426557,,0_2_101_p1
944.5273942420682,,0_2_101_p1
946.6078510575794,,0_2_101_p1
948.6883078730906,,0_2_101_p1
950.7687646886017,,0_2_101_p1
952.8492215041128,,0_2_101_p1
954.929678319624,,0_2_101_p1
957.0101351351352,,0_2_101_p1
959.0905919506464,,0_2_101_p1
961.1710487661576,,0_2_101_p1
963.2515055816688,,0_2_101_p1
965.3319623971798,,0_2_101_p1
967.4124192126909,,0_2_101_p1
969.4928760282021,,0_2_101_p1
971.5733328437133,,0_2_101_p1
973.6537896592245,,0_2_101_p1
975.7342464747356,,0_2_101_p1
977.8147032902468,238.14688739803802,0_2_101_p1
979.8951601057579,238.06067235123632,0_2_101_p1
981.9756169212691,238.04961010698128,0_2_101_p1
984.0560737367803,238.10743475360786,0_2_101_p1
986.1365305522914,238.2278803794514,0_2_101_p1
988.2169873678026,238.40468107284704,0_2_101_p1
990.2974441833138,238.63157092212998,0_2_101_p1
992.377900998825,238.90228401563536,0_2_101_p1
994.4583578143361,239.21055444169838,0_2_101_p1
996.5388146298473,239.55011628865418,0_2_101_p1
998.6192714453584,239.91470364483803,0_2_101_p1
1000.6997282608696,240.29923468517578,0_2_101_p1
1002.7801850763807,240.6915545327229,0_2_101_p1
1004.860641891892,241.08330579666674,0_2_101_p1
1006.9410987074031,241.46996692047148,0_2_101_p1
1009.0215555229142,241.85104193953566,0_2_101_p1
1011.1020123384253,242.21930761045888,0_2_101_p1
1013.1824691539366,242.56917847071088,0_2_101_p1
1015.2629259694477,242.89567216167416,0_2_101_p1
1017.343382784959,243.1946644934387,0_2_101_p1
1019.42383960047,243.4629854692267,0_2_101_p1
1021.5042964159812,243.69868007198593,0_2_101_p1
1023.5847532314923,243.90099574098394,0_2_101_p1
1025.6652100470037,244.07037730699585,0_2_101_p1
1027.7456668625148,244.2081361982251,0_2_101_p1
1029.8261236780259,244.31598535098237,0_2_101_p1
1031.906580493537,244.3955398097178,0_2_101_p1
1033.9870373090482,244.44817270575322,0_2_101_p1
1036.0674941245593,244.47502583333912,0_2_101_p1
1038.1479509400706,244.47722311839556,0_2_101_p1
1040.2284077555817,244.45602965590746,0_2_101_p1
1042.308864571093,244.41302306007955,0_2_101_p1
1044.389321386604,244.34989777046826,0_2_101_p1
1046.4697782021153,244.2686233852564,0_2_101_p1
1048.5502350176264,244.17129912921826,0_2_101_p1
1050.6306918331377,244.06012080285416,0_2_101_p1
1052.7111486486488,243.93727254375057,0_2_101_p1
1054.79160546416,243.8049727206197,0_2_101_p1
1056.872062279671,243.66534938584167,0_2_101_p1
1058.9525190951822,243.52036079797875,0_2_101_p1
1061.0329759106933,243.37178471330662,0_2_101_p1
1063.1134327262046,243.2211935924844,0_2_101_p1
1065.1938895417156,243.06993918362897,0_2_101_p1
1067.2743463572267,242.9191774091896,0_2_101_p1
1069.354803172738,242.76981401512901,0_2_101_p1
1071.435259988249,242.62251548902947,0_2_101_p1
1073.5157168037604,242.47772181652147,0_2_101_p1
1075.5961736192714,242.33571087153024,0_2_101_p1
1077.6766304347827,242.19656999035,0_2_101_p1
1079.7570872502938,242.0602406201139,0_2_101_p1
1081.837544065805,241.9264533385071,0_2_101_p1
1083.9180008813162,241.79486607106128,0_2_101_p1
1085.9984576968272,241.66502854905667,0_2_101_p1
1088.0789145123383,241.5364235378445,0_2_101_p1
1090.1593713278496,241.40839368515813,0_2_101_p1
1092.2398281433607,241.28025839214735,0_2_101_p1
1094.320284958872,241.15125677674413,0_2_101_p1
1096.400741774383,241.02060195157617,0_2_101_p1
1098.4811985898943,240.88747239593076,0_2_101_p1
1100.5616554054054,240.75097845728456,0_2_101_p1
1102.6421122209167,240.61020716334156,0_2_101_p1
1104.7225690364278,240.46421672975498,0_2_101_p1
1106.803025851939,240.31206219979197,0_2_101_p1
1108.8834826674502,240.15275087405544,0_2_101_p1
1110.9639394829615,239.98528447468033,0_2_101_p1
1113.0443962984723,239.8086250298196,0_2_101_p1
1115.1248531139836,239.62175694497384,0_2_101_p1
1117.2053099294947,239.423681264118,0_2_101_p1
1119.285766745006,239.21336664067857,0_2_101_p1
1121.366223560517,238.9898208807372,0_2_101_p1
1123.4466803760283,238.75208696603903,0_2_101_p1
1125.5271371915394,238.49924415952194,0_2_101_p1
1127.6075940070507,238.23035980119914,0_2_101_p1
1129.6880508225618,237.9446017878205,0_2_101_p1
1131.768507638073,237.64118959400224,0_2_101_p1
1133.8489644535841,237.31942286830576,0_2_101_p1
1135.9294212690952,236.9786069840235,0_2_101_p1
1138.0098780846065,236.61816645062206,0_2_101_p1
1140.0903349001176,236.23761365717735,0_2_101_p1
1142.1707917156286,235.83651546613197,0_2_101_p1
1144.2512485311397,235.41449105051998,0_2_101_p1
1146.331705346651,234.9712787720094,0_2_101_p1
1148.412162162162,234.50672623915688,0_2_101_p1
1150.4926189776734,234.02081389978918,0_2_101_p1
1152.5730757931844,233.51367850367677,0_2_101_p1
1154.6535326086957,232.98554465501684,0_2_101_p1
1156.7339894242068,232.43515423553518,0_2_101_p1
1158.814446239718,231.86987760555672,0_2_101_p1
1160.8949030552292,231.2999464495057,0_2_101_p1
1162.9753598707405,230.7341005322541,0_2_101_p1
1165.0558166862515,230.17440042169,0_2_101_p1
1167.1362735017628,229.62562092827267,0_2_101_p1
1169.2167303172737,229.09226651612823,0_2_101_p1
1171.297187132785,228.5788416493827,0_2_101_p1
1173.377643948296,228.08985079216217,0_2_101_p1
1175.4581007638074,227.6297984085927,0_2_101_p1
1177.5385575793184,227.20318896280034,0_2_101_p1
1179.6190143948297,226.81452691891116,0_2_101_p1
1181.6994712103408,226.4683167410511,0_2_101_p1
1183.779928025852,226.16906289334642,0_2_101_p1
1185.8603848413632,,0_2_101_p1
1187.9408416568745,,0_2_101_p1
1190.0212984723855,,0_2_101_p1
1192.1017552878968,,0_2_101_p1
1194.182212103408,,0_2_101_p1
1196.2626689189192,,0_2_101_p1
1198.34312573443,,0_2_101_p1
1200.423582549941,,0_2_101_p1
1202.5040393654524,,0_2_101_p1
1204.5844961809635,,0_2_101_p1
1206.6649529964748,163.95613237851708,0_2_101_p1
1208.7454098119858,163.83231146507845,0_2_101_p1
1210.8258666274971,163.6933411687192,0_2_101_p1
1212.9063234430082,163.53965803483254,0_2_101_p1
1214.9867802585195,163.37169860881193,0_2_101_p1
1217.0672370740306,163.18989943605072,0_2_101_p1
1219.1476938895419,162.99469706194225,0_2_101_p1
1221.228150705053,162.7865280318799,0_2_101_p1
1223.3086075205642,162.56582889125696,0_2_101_p1
1225.3890643360753,162.33303618546688,0_2_101_p1
1227.4695211515864,162.08858645990296,0_2_101_p1
1229.5499779670974,161.83303817934978,0_2_101_p1
1231.6304347826087,161.56566148021122,0_2_101_p1
1233.7108915981198,161.28951079703694,0_2_101_p1
1235.791348413631,161.00604510906985,0_2_101_p1
1237.8718052291422,160.71505473324586,0_2_101_p1
1239.9522620446535,160.4135812919356,0_2_101_p1
1242.0327188601646,160.10215703211173,0_2_101_p1
1244.1131756756758,159.78075968745492,0_2_101_p1
1246.193632491187,159.44936699164572,0_2_101_p1
1248.2740893066982,159.10795667836487,0_2_101_p1
1250.3545461222093,158.75650648129294,0_2_101_p1
1252.4350029377206,158.39499413411062,0_2_101_p1
1254.5154597532314,158.02339737049851,0_2_101_p1
1256.5959165687427,157.6416939241372,0_2_101_p1
1258.6763733842538,157.2498615287075,0_2_101_p1
1260.756830199765,,0_2_101_p1
1262.8372870152762,,0_2_101_p1
1264.9177438307872,,0_2_101_p1
1266.9982006462985,,0_2_101_p1
1269.0786574618096,,0_2_101_p1
1271.159114277321,,0_2_101_p1
1273.239571092832,,0_2_101_p1
1275.3200279083433,,0_2_101_p1
1277.4004847238543,,0_2_101_p1
1279.4809415393656,,0_2_101_p1
1281.5613983548767,,0_2_101_p1
1283.6418551703878,,0_2_101_p1
1285.7223119858988,,0_2_101_p1
1287.8027688014101,,0_2_101_p1
1289.8832256169212,,0_2_101_p1
1291.9636824324325,,0_2_101_p1
1294.0441392479436,,0_2_101_p1
1296.1245960634549,,0_2_101_p1
1298.205052878966,,0_2_101_p1
1300.2855096944772,,0_2_101_p1
1302.3659665099883,,0_2_101_p1
1304.4464233254996,,0_2_101_p1
1306.5268801410107,,0_2_101_p1
1308.607336956522,,0_2_101_p1
1310.6877937720328,,0_2_101_p1
1312.7682505875441,,0_2_101_p1
1314.8487074030552,,0_2_101_p1
1316.9291642185665,,0_2_101_p1
1319.0096210340776,,0_2_101_p1
1321.0900778495889,,0_2_101_p1
1323.1705346651,,0_2_101_p1
1325.2509914806112,,0_2_101_p1
1327.3314482961223,,0_2_101_p1
1329.4119051116336,,0_2_101_p1
1331.4923619271447,,0_2_101_p1
1333.5728187426557,,0_2_101_p1
1335.653275558167,,0_2_101_p1
1337.733732373678,,0_2_101_p1
1339.8141891891892,,0_2_101_p1
1341.8946460047002,,0_2_101_p1
1343.9751028202115,,0_2_101_p1
1346.0555596357226,,0_2_101_p1
1348.136016451234,,0_2_101_p1
1350.216473266745,,0_2_101_p1
1352.2969300822563,,0_2_101_p1
1354.3773868977673,,0_2_101_p1
1356.4578437132786,,0_2_101_p1
1358.5383005287897,,0_2_101_p1
1360.618757344301,,0_2_101_p1
1362.699214159812,,0_2_101_p1
1364.7796709753234,,0_2_101_p1
1366.8601277908342,,0_2_101_p1
1368.9405846063455,,0_2_101_p1
1371.0210414218566,,0_2_101_p1
1373.1014982373679,,0_2_101_p1
1375.181955052879,,0_2_101_p1
1377.2624118683902,,0_2_101_p1
1379.3428686839013,,0_2_101_p1
1381.4233254994126,,0_2_101_p1
1383.5037823149237,,0_2_101_p1
1385.584239130435,,0_2_101_p1
1387.664695945946,,0_2_101_p1
1389.7451527614573,,0_2_101_p1
1391.8256095769684,,0_2_101_p1
1393.9060663924797,,0_2_101_p1
1395.9865232079906,,0_2_101_p1
1398.0669800235019,,0_2_101_p1
1400.147436839013,,0_2_101_p1
1402.227893654524,,0_2_101_p1
1404.3083504700353,,0_2_101_p1
1406.3888072855464,,0_2_101_p1
1408.4692641010577,,0_2_101_p1
1410.5497209165687,,0_2_101_p1
1412.63017773208,,0_2_101_p1
1414.710634547591,,0_2_101_p1
1416.7910913631024,,0_2_101_p1
1418.8715481786135,,0_2_101_p1
1420.9520049941248,,0_2_101_p1
1423.0324618096356,,0_2_101_p1
1425.112918625147,,0_2_101_p1
1427.193375440658,,0_2_101_p1
1429.2738322561693,,0_2_101_p1
1431.3542890716803,,0_2_101_p1
1433.4347458871916,,0_2_101_p1
1435.5152027027027,,0_2_101_p1
1437.595659518214,,0_2_101_p1
1439.676116333725,,0_2_101_p1
1441.7565731492364,,0_2_101_p1
1443.8370299647474,,0_2_101_p1
1445.9174867802587,,0_2_101_p1
1447.9979435957698,,0_2_101_p1
1450.078400411281,,0_2_101_p1
1452.158857226792,,0_2_101_p1
1454.2393140423032,,0_2_101_p1
1456.3197708578143,,0_2_101_p1
1458.4002276733256,,0_2_101_p1
1460.4806844888367,,0_2_101_p1
1462.561141304348,,0_2_101_p1
1464.641598119859,,0_2_101_p1
1466.7220549353701,,0_2_101_p1
1468.8025117508814,,0_2_101_p1
1470.8829685663925,,0_2_101_p1
1472.9634253819038,,0_2_101_p1
1475.0438821974149,,0_2_101_p1
1477.1243390129262,,0_2_101_p1
1479.204795828437,,0_2_101_p1
1481.2852526439483,,0_2_101_p1
1483.3657094594594,,0_2_101_p1
1485.4461662749707,,0_2_101_p1
1487.5266230904817,,0_2_101_p1
1489.607079905993,,0_2_101_p1
1491.687536721504,,0_2_101_p1
1493.7679935370154,,0_2_101_p1
1495.8484503525265,,0_2_101_p1
1497.9289071680378,,0_2_101_p1
1500.0093639835488,,0_2_101_p1
1502.0898207990601,,0_2_101_p1
1504.1702776145712,,0_2_101_p1
1506.2507344300825,,0_2_101_p1
1508.3311912455933,,0_2_101_p1
1510.4116480611046,,0_2_101_p1
1512.4921048766157,,0_2_101_p1
1514.572561692127,,0_2_101_p1
1516.653018507638,,0_2_101_p1
1518.7334753231494,,0_2_101_p1
1520.8139321386604,,0_2_101_p1
1522.8943889541717,,0_2_101_p1
1524.9748457696828,,0_2_101_p1
1527.055302585194,,0_2_101_p1
1529.1357594007052,,0_2_101_p1
1531.2162162162163,,0_2_101_p1
1533.2966730317276,,0_2_101_p1
1535.3771298472386,,0_2_101_p1
1537.4575866627497,,0_2_101_p1
1539.5380434782608,,0_2_101_p1
1541.618500293772,,0_2_101_p1
1543.6989571092831,,0_2_101_p1
1545.7794139247944,,0_2_101_p1
1547.8598707403055,,0_2_101_p1
1549.9403275558168,,0_2_101_p1
1552.0207843713279,,0_2_101_p1
1554.1012411868392,,0_2_101_p1
1556.1816980023502,,0_2_101_p1
1558.2621548178615,,0_2_101_p1
1560.3426116333726,,0_2_101_p1
1562.423068448884,,0_2_101_p1
1564.5035252643947,,0_2_101_p1
1566.583982079906,,0_2_101_p1
1568.664438895417,,0_2_101_p1
1570.7448957109284,,0_2_101_p1
1572.8253525264395,,0_2_101_p1
1574.9058093419508,,0_2_101_p1
1576.9862661574618,,0_2_101_p1
1579.0667229729731,,0_2_101_p1
1581.1471797884842,,0_2_101_p1
1583.2276366039955,,0_2_101_p1
1585.3080934195066,,0_2_101_p1
1587.3885502350179,,0_2_101_p1
1589.469007050529,,0_2_101_p1
1591.54946386604,,0_2_101_p1
1593.629920681551,,0_2_101_p1
1595.7103774970624,,0_2_101_p1
1597.7908343125735,,0_2_101_p1
1599.8712911280845,,0_2_101_p1
1601.9517479435958,,0_2_101_p1
1604.032204759107,,0_2_101_p1
1606.1126615746182,,0_2_101_p1
1608.1931183901293,,0_2_101_p1
1610.2735752056406,,0_2_101_p1
1612.3540320211516,,0_2_101_p1
1614.434488836663,,0_2_101_p1
1616.514945652174,,0_2_101_p1
1618.5954024676853,,0_2_101_p1
1620.6758592831961,,0_2_101_p1
1622.7563160987074,,0_2_101_p1
1624.8367729142185,,0_2_101_p1
1626.9172297297298,,0_2_101_p1
1628.9976865452409,,0_2_101_p1
1631.0781433607522,,0_2_101_p1
1633.1586001762632,,0_2_101_p1
1635.2390569917745,,0_2_101_p1
1637.3195138072856,,0_2_101_p1
1639.399970622797,,0_2_101_p1
1641.480427438308,,0_2_101_p1
1643.5608842538193,,0_2_101_p1
1645.6413410693303,,0_2_101_p1
1647.7217978848416,,0_2_101_p1
1649.8022547003525,,0_2_101_p1
1651.8827115158638,,0_2_101_p1
1653.9631683313748,,0_2_101_p1
1656.0436251468861,,0_2_101_p1
1658.1240819623972,,0_2_101_p1
1660.2045387779085,,0_2_101_p1
1662.2849955934196,,0_2_101_p1
1664.3654524089309,,0_2_101_p1
1666.445909224442,,0_2_101_p1
1668.526366039953,,0_2_101_p1
1670.6068228554643,,0_2_101_p1
1672.6872796709754,,0_2_101_p1
1674.7677364864867,,0_2_101_p1
1676.8481933019975,,0_2_101_p1
1678.9286501175088,,0_2_101_p1
1681.00910693302,,0_2_101_p1
1683.0895637485312,,0_2_101_p1
1685.1700205640423,,0_2_101_p1
1687.2504773795536,,0_2_101_p1
1689.3309341950646,,0_2_101_p1
1691.411391010576,,0_2_101_p1
1693.491847826087,,0_2_101_p1
1695.5723046415983,,0_2_101_p1
1697.6527614571094,,0_2_101_p1
1699.7332182726207,,0_2_101_p1
1701.8136750881317,,0_2_101_p1
1703.894131903643,,0_2_101_p1
1705.9745887191539,,0_2_101_p1
1708.0550455346652,,0_2_101_p1
1710.1355023501762,,0_2_101_p1
1712.2159591656875,,0_2_101_p1
1714.2964159811986,,0_2_101_p1
1716.37687279671,,0_2_101_p1
1718.457329612221,,0_2_101_p1
1720.5377864277323,,0_2_101_p1
1722.6182432432433,,0_2_101_p1
1724.6987000587546,,0_2_101_p1
1726.7791568742657,,0_2_101_p1
1728.859613689777,,0_2_101_p1
1730.940070505288,,0_2_101_p1
1733.020527320799,,0_2_101_p1
1735.1009841363102,,0_2_101_p1
1737.1814409518213,,0_2_101_p1
1739.2618977673326,,0_2_101_p1
1741.3423545828437,,0_2_101_p1
1743.422811398355,,0_2_101_p1
1745.503268213866,,0_2_101_p1
1747.5837250293773,,0_2_101_p1
1749.6641818448884,,0_2_101_p1
1751.7446386603997,,0_2_101_p1
1753.8250954759108,,0_2_101_p1
1755.905552291422,,0_2_101_p1
1757.9860091069331,,0_2_101_p1
1760.0664659224444,,0_2_101_p1
1762.1469227379553,,0_2_101_p1
1764.2273795534666,,0_2_101_p1
1766.3078363689776,,0_2_101_p1
1768.388293184489,,0_2_101_p1
1770.46875,,0_2_101_p1
1772.5492068155113,,0_2_101_p1
1774.6296636310224,,0_2_101_p1
1776.7101204465337,,0_2_101_p1
1778.7905772620447,,0_2_101_p1
1780.871034077556,,0_2_101_p1
1782.951490893067,,0_2_101_p1
1785.0319477085784,,0_2_101_p1
1787.1124045240895,,0_2_101_p1
1789.1928613396005,,0_2_101_p1
1791.2733181551116,,0_2_101_p1
1793.353774970623,,0_2_101_p1
1795.434231786134,,0_2_101_p1
1797.514688601645,,0_2_101_p1
1799.5951454171563,,0_2_101_p1
1801.6756022326674,,0_2_101_p1
1803.7560590481787,,0_2_101_p1
1805.8365158636898,,0_2_101_p1
1807.916972679201,,0_2_101_p1
1809.9974294947122,,0_2_101_p1
1812.0778863102234,,0_2_101_p1
1814.1583431257345,,0_2_101_p1
1816.2387999412458,,0_2_101_p1
1818.3192567567567,,0_2_101_p1
1820.399713572268,,0_2_101_p1
1822.480170387779,,0_2_101_p1
1824.5606272032903,,0_2_101_p1
1826.6410840188014,,0_2_101_p1
1828.7215408343127,,0_2_101_p1
1830.8019976498238,,0_2_101_p1
1832.882454465335,,0_2_101_p1
1834.9629112808461,,0_2_101_p1
1837.0433680963574,,0_2_101_p1
1839.1238249118685,,0_2_101_p1
1841.2042817273798,,0_2_101_p1
1843.2847385428909,,0_2_101_p1
1845.365195358402,,0_2_101_p1
1847.445652173913,,0_2_101_p1
1849.5261089894243,,0_2_101_p1
1851.6065658049354,,0_2_101_p1
1853.6870226204467,,0_2_101_p1
1855.7674794359577,,0_2_101_p1
1857.847936251469,,0_2_101_p1
1859.92839306698,,0_2_101_p1
1862.0088498824914,,0_2_101_p1
1864.0893066980025,,0_2_101_p1
1866.1697635135135,,0_2_101_p1
1868.2502203290248,,0_2_101_p1
1870.330677144536,,0_2_101_p1
1872.4111339600472,,0_2_101_p1
1874.491590775558,,0_2_101_p1
1876.5720475910693,,0_2_101_p1
1878.6525044065804,,0_2_101_p1
1880.7329612220917,,0_2_101_p1
1882.8134180376028,,0_2_101_p1
1884.893874853114,,0_2_101_p1
1886.9743316686252,,0_2_101_p1
1889.0547884841365,,0_2_101_p1
1891.1352452996475,,0_2_101_p1
1893.2157021151588,,0_2_101_p1
1895.29615893067,,0_2_101_p1
1897.3766157461812,,0_2_101_p1
1899.4570725616923,,0_2_101_p1
1901.5375293772033,,0_2_101_p1
1903.6179861927144,,0_2_101_p1
1905.6984430082257,,0_2_101_p1
1907.7788998237368,,0_2_101_p1
1909.859356639248,,0_2_101_p1
1911.9398134547591,,0_2_101_p1
1914.0202702702704,,0_2_101_p1
1916.1007270857815,,0_2_101_p1
1918.1811839012928,,0_2_101_p1
1920.2616407168039,,0_2_101_p1
1922.3420975323152,,0_2_101_p1
1924.4225543478262,,0_2_101_p1
1926.5030111633375,,0_2_101_p1
1928.5834679788486,,0_2_101_p1
1930.6639247943597,,0_2_101_p1
1932.7443816098707,,0_2_101_p1
1934.8248384253818,,0_2_101_p1
1936.905295240893,,0_2_101_p1
1938.9857520564042,,0_2_101_p1
1941.0662088719155,,0_2_101_p1
1943.1466656874265,,0_2_101_p1
1945.2271225029378,,0_2_101_p1
1947.307579318449,,0_2_101_p1
1949.3880361339602,,0_2_101_p1
1951.4684929494713,,0_2_101_p1
1953.5489497649826,,0_2_101_p1
1955.6294065804937,,0_2_101_p1
1957.709863396005,,0_2_101_p1
1959.7903202115158,,0_2_101_p1
1961.870777027027,,0_2_101_p1
1963.9512338425382,,0_2_101_p1
1966.0316906580495,,0_2_101_p1
1968.1121474735605,,0_2_101_p1
1970.1926042890718,,0_2_101_p1
1972.273061104583,,0_2_101_p1
1974.3535179200942,,0_2_101_p1
1976.4339747356053,,0_2_101_p1
1978.5144315511166,,0_2_101_p1
1980.5948883666276,,0_2_101_p1
1982.675345182139,,0_2_101_p1
1984.75580199765,,0_2_101_p1
1986.836258813161,,0_2_101_p1
1988.9167156286721,,0_2_101_p1
1990.9971724441834,,0_2_101_p1
1993.0776292596945,,0_2_101_p1
1995.1580860752058,,0_2_101_p1
1997.2385428907169,,0_2_101_p1
1999.318999706228,,0_2_101_p1
2001.3994565217392,,0_2_101_p1
2003.4799133372503,,0_2_101_p1
2005.5603701527614,,0_2_101_p1
2007.640826968273,,0_2_101_p1
2009.721283783784,,0_2_101_p1
2011.801740599295,,0_2_101_p1
2013.8821974148061,,0_2_101_p1
2015.9626542303174,,0_2_101_p1
2018.0431110458285,,0_2_101_p1
2020.1235678613396,,0_2_101_p1
2022.2040246768506,,0_2_101_p1
2024.2844814923621,,0_2_101_p1
2026.3649383078732,,0_2_101_p1
2028.4453951233843,,0_2_101_p1
2030.5258519388954,,0_2_101_p1
2032.6063087544069,,0_2_101_p1
2034.686765569918,,0_2_101_p1
2036.767222385429,,0_2_101_p1
2038.84767920094,,0_2_101_p1
2040.9281360164516,,0_2_101_p1
2043.0085928319625,,0_2_101_p1
2045.0890496474735,,0_2_101_p1
2047.1695064629846,,0_2_101_p1
2049.249963278496,,0_2_101_p1
2051.3304200940074,,0_2_101_p1
2053.4108769095183,,0_2_101_p1
2055.4913337250296,,0_2_101_p1
2057.571790540541,,0_2_101_p1
2059.6522473560517,,0_2_101_p1
2061.732704171563,,0_2_101_p1
2063.813160987074,,0_2_101_p1
2065.893617802585,,0_2_101_p1
2067.9740746180964,,0_2_101_p1
2070.0545314336077,,0_2_101_p1
2072.1349882491186,,0_2_101_p1
2074.21544506463,,0_2_101_p1
2076.295901880141,,0_2_101_p1
2078.3763586956525,,0_2_101_p1
2080.4568155111633,,0_2_101_p1
2082.5372723266746,,0_2_101_p1
2084.617729142186,,0_2_101_p1
2086.6981859576968,,0_2_101_p1
2088.778642773208,,0_2_101_p1
2090.859099588719,,0_2_101_p1
2092.9395564042306,,0_2_101_p1
2095.0200132197415,,0_2_101_p1
2097.100470035253,209.32829498590488,0_2_101_p1
2099.1809268507636,208.67656575360812,0_2_101_p1
2101.2613836662754,208.0679214829743,0_2_101_p1
2103.341840481786,207.49434027333822,0_2_101_p1
2105.4222972972975,206.94965705514875,0_2_101_p1
2107.5027541128084,206.43282400076072,0_2_101_p1
2109.58321092832,205.94324494150584,0_2_101_p1
2111.663667743831,205.47871451252323,0_2_101_p1
2113.744124559342,205.03739862857648,0_2_101_p1
2115.824581374853,204.61684617954725,0_2_101_p1
2117.9050381903644,204.2182537798785,0_2_101_p1
2119.9854950058757,203.83849238638936,0_2_101_p1
2122.0659518213865,203.4764423162451,0_2_101_p1
2124.146408636898,203.13347215659027,0_2_101_p1
2126.226865452409,202.8136297789644,0_2_101_p1
2128.3073222679204,202.51229801114133,0_2_101_p1
2130.3877790834313,202.20509366923272,0_2_101_p1
2132.4682358989426,201.8605931820715,0_2_101_p1
2134.5486927144534,201.46154935273654,0_2_101_p1
2136.629149529965,201.04164534549025,0_2_101_p1
2138.709606345476,200.6619326423396,0_2_101_p1
2140.7900631609873,200.36740467847068,0_2_101_p1
2142.870519976498,200.15851900367963,0_2_101_p1
2144.9509767920094,200.02028066878674,0_2_101_p1
2147.0314336075207,,0_2_101_p1
2149.1118904230316,,0_2_101_p1
2151.192347238543,,0_2_101_p1
2153.272804054054,,0_2_101_p1
2155.3532608695655,,0_2_101_p1
2157.4337176850763,,0_2_101_p1
2159.5141745005876,,0_2_101_p1
2161.594631316099,,0_2_101_p1
2163.67508813161,260.7168414406278,0_2_101_p1
2165.755544947121,260.60478984195606,0_2_101_p1
2167.8360017626323,260.4714900274182,0_2_101_p1
2169.9164585781436,260.3254763206021,0_2_101_p1
2171.9969153936545,260.17439986036004,0_2_101_p1
2174.077372209166,260.0241606004387,0_2_101_p1
2176.1578290246766,259.879989241624,0_2_101_p1
2178.2382858401884,259.74635841925715,0_2_101_p1
2180.318742655699,259.62713874564577,0_2_101_p1
2182.3991994712105,259.5224491232124,0_2_101_p1
2184.4796562867214,259.433957941383,0_2_101_p1
2186.560113102233,259.3619915362879,0_2_101_p1
2188.640569917744,259.30602662364373,0_2_101_p1
2190.7210267332553,259.26176175964787,0_2_101_p1
2192.801483548766,259.2267895875702,0_2_101_p1
2194.881940364278,259.1982183057233,0_2_101_p1
2196.9623971797887,259.17319989551964,0_2_101_p1
2199.0428539952995,259.14895594932875,0_2_101_p1
2201.123310810811,259.12284901135774,0_2_101_p1
2203.2037676263217,259.0924142851095,0_2_101_p1
2205.2842244418334,259.0553096316131,0_2_101_p1
2207.3646812573443,259.00931852469193,0_2_101_p1
2209.4451380728556,258.9522935737494,0_2_101_p1
2211.5255948883664,258.8821550331403,0_2_101_p1
2213.606051703878,258.7968960383429,0_2_101_p1
2215.686508519389,258.69457125301483,0_2_101_p1
2217.7669653349003,258.57336115112787,0_2_101_p1
2219.847422150411,258.43154687825574,0_2_101_p1
2221.927878965923,258.26800023749985,0_2_101_p1
2224.0083357814337,258.0776823116441,0_2_101_p1
2226.0887925969446,257.8582692118009,0_2_101_p1
2228.169249412456,257.6064106990542,0_2_101_p1
2230.249706227967,257.3206023026645,0_2_101_p1
2232.3301630434785,256.9948788785231,0_2_101_p1
2234.4106198589893,256.62838394104875,0_2_101_p1
2236.4910766745006,256.2150268020656,0_2_101_p1
2238.571533490012,255.74976027541635,0_2_101_p1
2240.651990305523,255.2270747400417,0_2_101_p1
2242.732447121034,254.64413424146983,0_2_101_p1
2244.8129039365454,253.99070615357817,0_2_101_p1
2246.8933607520567,253.25921460647146,0_2_101_p1
2248.973817567568,252.44409862043932,0_2_101_p1
2251.054274383079,251.54198838319087,0_2_101_p1
2253.13473119859,250.54707709013928,0_2_101_p1
2255.2151880141014,249.44915644997042,0_2_101_p1
2257.2956448296122,248.2219665107223,0_2_101_p1
2259.3761016451235,246.82141706296943,0_2_101_p1
2261.4565584606344,245.228256228382,0_2_101_p1
2263.537015276146,243.46305664007156,0_2_101_p1
2265.617472091657,241.5182100186791,0_2_101_p1
2267.6979289071683,239.41248554679433,0_2_101_p1
2269.778385722679,237.29172731031446,0_2_101_p1
2271.8588425381904,235.29781566600434,0_2_101_p1
2273.9392993537017,233.43594514591484,0_2_101_p1
2276.019756169213,231.62793020782246,0_2_101_p1
2278.100212984724,229.87444788492354,0_2_101_p1
2280.180669800235,228.2152854436003,0_2_101_p1
2282.2611266157464,226.67978626186408,0_2_101_p1
2284.3415834312573,225.25082164991852,0_2_101_p1
2286.4220402467686,223.9216384654513,0_2_101_p1
2288.5024970622794,222.72915196832102,0_2_101_p1
2290.582953877791,221.69150173679435,0_2_101_p1
2292.663410693302,220.76594056447902,0_2_101_p1
2294.7438675088133,219.88205911999688,0_2_101_p1
2296.824324324324,218.9935555106103,0_2_101_p1
2298.904781139836,218.10347281621773,0_2_101_p1
2300.9852379553467,217.24834193630275,0_2_101_p1
2303.065694770858,216.46555321120042,0_2_101_p1
2305.146151586369,215.7614489316738,0_2_101_p1
2307.2266084018806,215.1252702349091,0_2_101_p1
2309.3070652173915,214.5435190707745,0_2_101_p1
2311.3875220329023,214.0104114383184,0_2_101_p1
2313.4679788484136,213.52637150925793,0_2_101_p1
2315.548435663925,213.09299619994277,0_2_101_p1
2317.628892479436,212.71189835504921,0_2_101_p1
2319.709349294947,212.38250915083682,0_2_101_p1
2321.7898061104584,212.100668276033,0_2_101_p1
2323.8702629259697,211.85966607902174,0_2_101_p1
2325.950719741481,211.6534173590988,0_2_101_p1
2328.031176556992,211.4763081841414,0_2_101_p1
2330.111633372503,211.32264819034202,0_2_101_p1
2332.192090188014,211.18749036321287,0_2_101_p1
2334.2725470035257,211.06771487691435,0_2_101_p1
2336.3530038190365,210.95871607950187,0_2_101_p1
2338.4334606345474,210.8581065531671,0_2_101_p1
2340.5139174500587,210.7632939799996,0_2_101_p1
2342.59437426557,210.67194768455937,0_2_101_p1
2344.6748310810813,210.57988579860574,0_2_101_p1
2346.755287896592,210.4850023820615,0_2_101_p1
2348.8357447121034,210.38500145557538,0_2_101_p1
2350.9162015276147,210.2776919454535,0_2_101_p1
2352.996658343126,210.15894382800144,0_2_101_p1
2355.077115158637,210.02684216907286,0_2_101_p1
2357.157571974148,209.88010518889627,0_2_101_p1
2359.2380287896594,209.71635773532495,0_2_101_p1
2361.3184856051707,209.53470146114452,0_2_101_p1
2363.3989424206816,209.33348084197414,0_2_101_p1
2365.479399236193,209.11251264961186,0_2_101_p1
2367.559856051704,208.87048907129775,0_2_101_p1
2369.640312867215,208.6083659486816,0_2_101_p1
2371.7207696827263,208.32493606711986,0_2_101_p1
2373.801226498237,208.02023056341568,0_2_101_p1
2375.881683313749,207.69467661721035,0_2_101_p1
2377.9621401292598,207.3501628912531,0_2_101_p1
2380.042596944771,206.9882686826943,0_2_101_p1
2382.123053760282,206.6114831547965,0_2_101_p1
2384.2035105757936,206.22417247729274,0_2_101_p1
2386.2839673913045,205.83013097136194,0_2_101_p1
2388.364424206816,205.43323883585055,0_2_101_p1
2390.4448810223266,205.03640046259056,0_2_101_p1
2392.5253378378384,204.64209811677497,0_2_101_p1
2394.605794653349,204.2532306701343,0_2_101_p1
2396.68625146886,203.87185657628177,0_2_101_p1
2398.7667082843714,203.50009658330723,0_2_101_p1
2400.847165099882,203.13831901272488,0_2_101_p1
2402.927621915394,202.78864281333472,0_2_101_p1
2405.008078730905,202.45191527275637,0_2_101_p1
2407.088535546416,202.12816041102693,0_2_101_p1
2409.168992361927,201.8163246237211,0_2_101_p1
2411.2494491774387,201.51497209168195,0_2_101_p1
2413.3299059929495,201.22293158996376,0_2_101_p1
2415.410362808461,200.93823020961847,0_2_101_p1
2417.4908196239717,200.65880532071984,0_2_101_p1
2419.5712764394834,200.38243493542097,0_2_101_p1
2421.6517332549943,200.1070428259086,0_2_101_p1
2423.732190070505,199.83011101954708,0_2_101_p1
2425.8126468860164,199.54926495590792,0_2_101_p1
2427.8931037015277,199.26222284607638,0_2_101_p1
2429.973560517039,198.96637802467018,0_2_101_p1
2432.05401733255,198.65891295415275,0_2_101_p1
2434.134474148061,198.33830563031842,0_2_101_p1
2436.2149309635724,198.00227573238246,0_2_101_p1
2438.2953877790837,197.64872113975082,0_2_101_p1
2440.3758445945946,197.27527212213707,0_2_101_p1
2442.456301410106,196.88137639056748,0_2_101_p1
2444.536758225617,196.4659543042648,0_2_101_p1
2446.6172150411285,196.0289346070786,0_2_101_p1
2448.6976718566393,195.5697512370297,0_2_101_p1
2450.7781286721506,195.0892231207769,0_2_101_p1
2452.858585487662,194.58811115413386,0_2_101_p1
2454.9390423031728,194.0661516223464,0_2_101_p1
2457.019499118684,193.5226009482062,0_2_101_p1
2459.099955934195,192.95581359829075,0_2_101_p1
2461.1804127497066,192.36245034776275,0_2_101_p1
2463.2608695652175,191.73516711869675,0_2_101_p1
2465.341326380729,191.06335120321754,0_2_101_p1
2467.4217831962396,190.32957850636683,0_2_101_p1
2469.502240011751,189.504120709467,0_2_101_p1
2471.582696827262,188.53737045566447,0_2_101_p1
2473.6631536427735,187.33054004118668,0_2_101_p1
2475.7436104582844,185.09841947715734,0_2_101_p1
2477.8240672737957,181.9041686136515,0_2_101_p1
2479.904524089307,178.89714875280896,0_2_101_p1
2481.984980904818,177.06899779316058,0_2_101_p1
2484.065437720329,175.96277815415652,0_2_101_p1
2486.14589453584,175.01038961692655,0_2_101_p1
2488.2263513513517,174.1467927320111,0_2_101_p1
2490.3068081668625,173.32315008882767,0_2_101_p1
2492.387264982374,172.50318203898414,0_2_101_p1
2494.4677217978847,171.65226053662292,0_2_101_p1
2496.5481786133964,170.7294971405089,0_2_101_p1
2498.6286354289073,169.6688157117422,0_2_101_p1
2500.7090922444186,168.3184076616394,0_2_101_p1
2502.7895490599294,166.51989069295178,0_2_101_p1
2504.870005875441,164.5678522166129,0_2_101_p1
2506.950462690952,162.96484644833978,0_2_101_p1
2509.030919506463,161.9255226980685,0_2_101_p1
2511.111376321974,161.22048604653665,0_2_101_p1
2513.1918331374854,160.67896753357456,0_2_101_p1
2515.2722899529967,160.23930719665066,0_2_101_p1
2517.3527467685076,159.8688370136419,0_2_101_p1
2519.433203584019,159.54828849674837,0_2_101_p1
2521.51366039953,159.26524753032135,0_2_101_p1
2523.5941172150415,159.01148489205895,0_2_101_p1
2525.6745740305523,158.78046228543607,0_2_101_p1
2527.7550308460636,158.56760291383648,0_2_101_p1
2529.8354876615745,158.3692347944408,0_2_101_p1
2531.915944477086,158.18208820943238,0_2_101_p1
2533.996401292597,158.00244973780576,0_2_101_p1
2536.076858108108,,0_2_101_p1
2538.157314923619,,0_2_101_p1
2540.2377717391305,,0_2_101_p1
2542.318228554642,,0_2_101_p1
2544.3986853701526,,0_2_101_p1
2546.479142185664,,0_2_101_p1
2548.5595990011752,,0_2_101_p1
2550.6400558166865,,0_2_101_p1
2552.7205126321974,,0_2_101_p1
2554.8009694477087,,0_2_101_p1
2556.88142626322,,0_2_101_p1
2558.9618830787313,,0_2_101_p1
2561.042339894242,,0_2_101_p1
2563.1227967097534,,0_2_101_p1
2565.2032535252647,,0_2_101_p1
2567.2837103407755,,0_2_101_p1
2569.364167156287,,0_2_101_p1
2571.4446239717977,,0_2_101_p1
2573.5250807873094,,0_2_101_p1
2575.6055376028203,,0_2_101_p1
2577.6859944183316,,0_2_101_p1
2579.7664512338424,,0_2_101_p1
2581.846908049354,,0_2_101_p1
2583.927364864865,,0_2_101_p1
2586.0078216803763,,0_2_101_p1
2588.088278495887,,0_2_101_p1
2590.168735311399,,0_2_101_p1
2592.2491921269097,,0_2_101_p1
2594.3296489424206,,0_2_101_p1
2596.410105757932,,0_2_101_p1
2598.4905625734427,,0_2_101_p1
2600.5710193889545,,0_2_101_p1
2602.6514762044653,,0_2_101_p1
2604.7319330199766,,0_2_101_p1
2606.8123898354875,,0_2_101_p1
2608.892846650999,,0_2_101_p1
2610.97330346651,,0_2_101_p1
2613.0537602820214,,0_2_101_p1
2615.134217097532,,0_2_101_p1
2617.214673913044,,0_2_101_p1
2619.295130728555,,0_2_101_p1
2621.3755875440656,,0_2_101_p1
2623.456044359577,,0_2_101_p1
2625.5365011750882,,0_2_101_p1
2627.6169579905995,,0_2_101_p1
2629.6974148061104,,0_2_101_p1
2631.7778716216217,,0_2_101_p1
2633.858328437133,,0_2_101_p1
2635.9387852526443,,0_2_101_p1
2638.019242068155,,0_2_101_p1
2640.0996988836664,,0_2_101_p1
2642.1801556991777,,0_2_101_p1
2644.260612514689,,0_2_101_p1
2646.3410693302,,0_2_101_p1
2648.421526145711,,0_2_101_p1
2650.5019829612224,,0_2_101_p1
2652.5824397767333,,0_2_101_p1
2654.6628965922446,,0_2_101_p1
2656.7433534077554,,0_2_101_p1
2658.823810223267,,0_2_101_p1
2660.904267038778,,0_2_101_p1
2662.9847238542893,,0_2_101_p1
2665.0651806698,,0_2_101_p1
2667.1456374853115,,0_2_101_p1
2669.2260943008228,,0_2_101_p1
2671.306551116334,,0_2_101_p1
2673.387007931845,,0_2_101_p1
2675.467464747356,,0_2_101_p1
2677.5479215628675,,0_2_101_p1
2679.6283783783783,,0_2_101_p1
2681.7088351938896,,0_2_101_p1
2683.7892920094005,,0_2_101_p1
2685.869748824912,,0_2_101_p1
2687.950205640423,,0_2_101_p1
2690.0306624559344,,0_2_101_p1
2692.111119271445,,0_2_101_p1
2694.191576086957,,0_2_101_p1
2696.272032902468,,0_2_101_p1
2698.352489717979,,0_2_101_p1
2700.43294653349,,0_2_101_p1
2702.5134033490017,,0_2_101_p1
2704.5938601645125,,0_2_101_p1
2706.6743169800234,,0_2_101_p1
2708.7547737955347,,0_2_101_p1
2710.835230611046,,0_2_101_p1
2712.9156874265573,,0_2_101_p1
2714.996144242068,,0_2_101_p1
2717.0766010575794,,0_2_101_p1
2719.1570578730907,,0_2_101_p1
2721.237514688602,,0_2_101_p1
2723.317971504113,,0_2_101_p1
2725.398428319624,,0_2_101_p1
2727.4788851351354,,0_2_101_p1
2729.5593419506467,,0_2_101_p1
2731.6397987661576,,0_2_101_p1
2733.7202555816684,,0_2_101_p1
2735.8007123971797,,0_2_101_p1
2737.881169212691,,0_2_101_p1
2739.9616260282023,,0_2_101_p1
2742.042082843713,,0_2_101_p1
2744.1225396592245,,0_2_101_p1
2746.2029964747358,,0_2_101_p1
2748.283453290247,,0_2_101_p1
2750.363910105758,,0_2_101_p1
2752.444366921269,,0_2_101_p1
2754.5248237367805,,0_2_101_p1
2756.605280552292,,0_2_101_p1
2758.6857373678026,,0_2_101_p1
2760.766194183314,,0_2_101_p1
2762.846650998825,,0_2_101_p1
2764.927107814336,,0_2_101_p1
2767.0075646298474,,0_2_101_p1
2769.088021445358,,0_2_101_p1
2771.16847826087,,0_2_101_p1
2773.248935076381,,0_2_101_p1
2775.329391891892,,0_2_101_p1
2777.409848707403,,0_2_101_p1
2779.4903055229147,,0_2_101_p1
2781.5707623384255,,0_2_101_p1
2783.651219153937,,0_2_101_p1
2785.7316759694477,,0_2_101_p1
2787.8121327849594,,0_2_101_p1
2789.8925896004703,,0_2_101_p1
2791.973046415981,,0_2_101_p1
2794.0535032314924,,0_2_101_p1
2796.1339600470037,,0_2_101_p1
2798.214416862515,,0_2_101_p1
2800.294873678026,,0_2_101_p1
2802.375330493537,,0_2_101_p1
2804.455787309048,,0_2_101_p1
2806.5362441245597,,0_2_101_p1
2808.6167009400706,,0_2_101_p1
2810.697157755582,,0_2_101_p1
2812.7776145710927,,0_2_101_p1
2814.8580713866045,,0_2_101_p1
2816.9385282021153,,0_2_101_p1
2819.018985017626,,0_2_101_p1
2821.0994418331375,,0_2_101_p1
2823.1798986486488,,0_2_101_p1
2825.26035546416,,0_2_101_p1
2827.340812279671,,0_2_101_p1
2829.421269095182,,0_2_101_p1
2831.5017259106935,,0_2_101_p1
2833.582182726205,,0_2_101_p1
2835.6626395417156,,0_2_101_p1
2837.743096357227,,0_2_101_p1
2839.8235531727382,,0_2_101_p1
2841.9040099882495,,0_2_101_p1
2843.9844668037604,,0_2_101_p1
2846.064923619271,,0_2_101_p1
2848.145380434783,,0_2_101_p1
2850.225837250294,,0_2_101_p1
2852.306294065805,,0_2_101_p1
2854.386750881316,,0_2_101_p1
2856.4672076968277,,0_2_101_p1
2858.5476645123385,,0_2_101_p1
2860.62812132785,,0_2_101_p1
2862.7085781433607,,0_2_101_p1
2864.789034958872,,0_2_101_p1
2866.8694917743833,,0_2_101_p1
2868.9499485898946,,0_2_101_p1
2871.0304054054054,,0_2_101_p1
2873.1108622209167,,0_2_101_p1
2875.191319036428,,0_2_101_p1
2877.271775851939,,0_2_101_p1
2879.35223266745,,0_2_101_p1
2881.432689482961,,0_2_101_p1
2883.5131462984727,,0_2_101_p1
2885.5936031139836,,0_2_101_p1
2887.674059929495,,0_2_101_p1
2889.7545167450057,,0_2_101_p1
2891.8349735605175,,0_2_101_p1
2893.9154303760283,,0_2_101_p1
2895.9958871915396,,0_2_101_p1
2898.0763440070505,,0_2_101_p1
2900.156800822562,,0_2_101_p1
2902.237257638073,,0_2_101_p1
2904.317714453584,,0_2_101_p1
2906.398171269095,,0_2_101_p1
2908.4786280846065,,0_2_101_p1
2910.559084900118,,0_2_101_p1
2912.6395417156286,,0_2_101_p1
2914.71999853114,,0_2_101_p1
2916.8004553466512,,0_2_101_p1
2918.8809121621625,,0_2_101_p1
2920.9613689776734,,0_2_101_p1
2923.0418257931847,,0_2_101_p1
2925.122282608696,,0_2_101_p1
2927.2027394242073,,0_2_101_p1
2929.283196239718,,0_2_101_p1
2931.363653055229,,0_2_101_p1
2933.4441098707402,,0_2_101_p1
2935.5245666862515,,0_2_101_p1
2937.605023501763,,0_2_101_p1
2939.6854803172737,,0_2_101_p1
2941.765937132785,,0_2_101_p1
2943.8463939482963,,0_2_101_p1
2945.9268507638076,,0_2_101_p1
2948.0073075793184,,0_2_101_p1
2950.0877643948297,,0_2_101_p1
2952.168221210341,,0_2_101_p1
2954.2486780258523,,0_2_101_p1
2956.329134841363,,0_2_101_p1
2958.409591656874,,0_2_101_p1
2960.4900484723858,,0_2_101_p1
2962.5705052878966,,0_2_101_p1
2964.650962103408,,0_2_101_p1
2966.7314189189187,,0_2_101_p1
2968.8118757344305,,0_2_101_p1
2970.8923325499413,,0_2_101_p1
2972.9727893654526,,0_2_101_p1
2975.0532461809635,,0_2_101_p1
2977.133702996475,,0_2_101_p1
2979.214159811986,,0_2_101_p1
2981.2946166274974,,0_2_101_p1
2983.375073443008,,0_2_101_p1
2985.4555302585195,,0_2_101_p1
2987.535987074031,,0_2_101_p1
2989.6164438895416,,0_2_101_p1
2991.696900705053,,0_2_101_p1
2993.7773575205642,,0_2_101_p1
2995.8578143360755,,0_2_101_p1
2997.9382711515864,,0_2_101_p1
3000.0187279670977,,0_2_101_p1
3002.0991847826085,,0_2_101_p1
3004.1796415981203,,0_2_101_p1
3006.260098413631,,0_2_101_p1
3008.3405552291424,,0_2_101_p1
3010.4210120446533,,0_2_101_p1
3012.501468860165,,0_2_101_p1
3014.581925675676,,0_2_101_p1
3016.6623824911867,,0_2_101_p1
3018.742839306698,,0_2_101_p1
3020.8232961222093,,0_2_101_p1
3022.9037529377206,,0_2_101_p1
3024.9842097532314,,0_2_101_p1
3027.0646665687427,,0_2_101_p1
3029.145123384254,,0_2_101_p1
3031.2255801997653,,0_2_101_p1
3033.306037015276,,0_2_101_p1
3035.3864938307875,,0_2_101_p1
3037.4669506462988,,0_2_101_p1
3039.54740746181,,0_2_101_p1
3041.627864277321,,0_2_101_p1
3043.7083210928317,,0_2_101_p1
3045.7887779083435,,0_2_101_p1
3047.8692347238543,,0_2_101_p1
3049.9496915393656,,0_2_101_p1
3052.0301483548765,,0_2_101_p1
3054.110605170388,,0_2_101_p1
3056.191061985899,,0_2_101_p1
3058.2715188014104,,0_2_101_p1
3060.351975616921,,0_2_101_p1
3062.4324324324325,,0_2_101_p1
3064.512889247944,,0_2_101_p1
3066.593346063455,,0_2_101_p1
3068.673802878966,,0_2_101_p1
3070.7542596944772,,0_2_101_p1
3072.8347165099885,,0_2_101_p1
3074.9151733254994,,0_2_101_p1
3076.9956301410107,,0_2_101_p1
3079.0760869565215,,0_2_101_p1
3081.1565437720333,,0_2_101_p1
3083.237000587544,,0_2_101_p1
3085.3174574030554,,0_2_101_p1
3087.3979142185663,,0_2_101_p1
3089.478371034078,,0_2_101_p1
3091.558827849589,,0_2_101_p1
3093.6392846651,,0_2_101_p1
3095.719741480611,,0_2_101_p1
3097.8001982961227,,0_2_101_p1
3099.8806551116336,,0_2_101_p1
3101.9611119271444,,0_2_101_p1
3104.0415687426557,,0_2_101_p1
3106.122025558167,,0_2_101_p1
3108.2024823736783,,0_2_101_p1
3110.282939189189,,0_2_101_p1
3112.3633960047005,,0_2_101_p1
3114.4438528202118,,0_2_101_p1
3116.524309635723,,0_2_101_p1
3118.604766451234,,0_2_101_p1
3120.685223266745,,0_2_101_p1
3122.7656800822565,,0_2_101_p1
3124.846136897768,,0_2_101_p1
3126.9265937132786,,0_2_101_p1
3129.0070505287895,,0_2_101_p1
3131.087507344301,,0_2_101_p1
3133.167964159812,,0_2_101_p1
3135.2484209753234,,0_2_101_p1
3137.328877790834,,0_2_101_p1
3139.4093346063455,,0_2_101_p1
3141.489791421857,,0_2_101_p1
3143.570248237368,,0_2_101_p1
3145.650705052879,,0_2_101_p1
3147.7311618683902,,0_2_101_p1
3149.8116186839015,,0_2_101_p1
3151.892075499413,,0_2_101_p1
3153.9725323149237,,0_2_101_p1
3156.0529891304345,,0_2_101_p1
3158.1334459459463,,0_2_101_p1
3160.213902761457,,0_2_101_p1
3162.2943595769684,,0_2_101_p1
3164.3748163924793,,0_2_101_p1
3166.455273207991,,0_2_101_p1
3168.535730023502,,0_2_101_p1
3170.616186839013,,0_2_101_p1
3172.696643654524,,0_2_101_p1
3174.7771004700357,,0_2_101_p1
3176.8575572855466,,0_2_101_p1
3178.938014101058,,0_2_101_p1
3181.0184709165687,,0_2_101_p1
3183.09892773208,,0_2_101_p1
3185.1793845475913,,0_2_101_p1
3187.259841363102,,0_2_101_p1
3189.3402981786135,,0_2_101_p1
3191.4207549941248,,0_2_101_p1
3193.501211809636,,0_2_101_p1
3195.581668625147,,0_2_101_p1
3197.662125440658,,0_2_101_p1
3199.742582256169,,0_2_101_p1
3201.823039071681,,0_2_101_p1
3203.9034958871916,,0_2_101_p1
3205.983952702703,,0_2_101_p1
3208.064409518214,,0_2_101_p1
3210.1448663337255,,0_2_101_p1
3212.2253231492364,,0_2_101_p1
3214.305779964747,,0_2_101_p1
3216.3862367802585,,0_2_101_p1
3218.46669359577,,0_2_101_p1
3220.547150411281,,0_2_101_p1
3222.627607226792,,0_2_101_p1
3224.7080640423032,,0_2_101_p1
3226.7885208578145,,0_2_101_p1
3228.868977673326,,0_2_101_p1
3230.9494344888367,,0_2_101_p1
3233.029891304348,,0_2_101_p1
3235.1103481198593,,0_2_101_p1
3237.1908049353706,,0_2_101_p1
3239.2712617508814,,0_2_101_p1
3241.3517185663923,,0_2_101_p1
3243.432175381904,,0_2_101_p1
3245.512632197415,,0_2_101_p1
3247.593089012926,,0_2_101_p1
3249.673545828437,,0_2_101_p1
3251.7540026439488,,0_2_101_p1
3253.8344594594596,,0_2_101_p1
3255.914916274971,,0_2_101_p1
3257.9953730904817,,0_2_101_p1
3260.0758299059935,,0_2_101_p1
3262.1562867215043,,0_2_101_p1
3264.2367435370156,,0_2_101_p1
3266.3172003525265,,0_2_101_p1
3268.3976571680378,,0_2_101_p1
3270.478113983549,,0_2_101_p1
3272.55857079906,,0_2_101_p1
3274.639027614571,,0_2_101_p1
3276.719484430082,,0_2_101_p1
3278.799941245594,,0_2_101_p1
3280.8803980611046,,0_2_101_p1
3282.960854876616,,0_2_101_p1
3285.041311692127,,0_2_101_p1
3287.1217685076385,,0_2_101_p1
3289.2022253231494,,0_2_101_p1
3291.2826821386607,,0_2_101_p1
3293.3631389541715,,0_2_101_p1
3295.4435957696833,,0_2_101_p1
3297.524052585194,,0_2_101_p1
3299.604509400705,,0_2_101_p1
3301.6849662162163,,0_2_101_p1
3303.7654230317276,,0_2_101_p1
3305.845879847239,,0_2_101_p1
3307.9263366627497,,0_2_101_p1
3310.006793478261,,0_2_101_p1
3312.0872502937723,,0_2_101_p1
3314.1677071092836,,0_2_101_p1
3316.2481639247944,,0_2_101_p1
3318.3286207403057,,0_2_101_p1
3320.409077555817,,0_2_101_p1
3322.4895343713283,,0_2_101_p1
3324.569991186839,,0_2_101_p1
3326.65044800235,,0_2_101_p1
3328.7309048178618,,0_2_101_p1
3330.8113616333726,,0_2_101_p1
3332.891818448884,,0_2_101_p1
3334.9722752643947,,0_2_101_p1
3337.052732079906,,0_2_101_p1
3339.1331888954173,,0_2_101_p1
3341.2136457109286,,0_2_101_p1
3343.2941025264395,,0_2_101_p1
3345.3745593419508,,0_2_101_p1
3347.455016157462,,0_2_101_p1
3349.5354729729734,,0_2_101_p1
3351.615929788484,,0_2_101_p1
3353.696386603995,,0_2_101_p1
3355.776843419507,,0_2_101_p1
3357.8573002350176,,0_2_101_p1
3359.937757050529,,0_2_101_p1
3362.01821386604,,0_2_101_p1
3364.0986706815515,,0_2_101_p1
3366.1791274970624,,0_2_101_p1
3368.2595843125737,,0_2_101_p1
3370.3400411280845,,0_2_101_p1
3372.4204979435963,,0_2_101_p1
3374.500954759107,,0_2_101_p1
3376.5814115746184,,0_2_101_p1
3378.6618683901293,,0_2_101_p1
3380.7423252056406,,0_2_101_p1
3382.822782021152,,0_2_101_p1
3384.9032388366627,,0_2_101_p1
3386.983695652174,,0_2_101_p1
3389.0641524676853,,0_2_101_p1
3391.1446092831966,,0_2_101_p1
3393.2250660987074,,0_2_101_p1
3395.3055229142187,,0_2_101_p1
3397.3859797297296,,0_2_101_p1
3399.4664365452413,,0_2_101_p1
3401.546893360752,,0_2_101_p1
3403.6273501762635,,0_2_101_p1
3405.7078069917743,,0_2_101_p1
3407.788263807286,,0_2_101_p1
3409.868720622797,,0_2_101_p1
3411.9491774383077,,0_2_101_p1
3414.029634253819,,0_2_101_p1
3416.1100910693303,,0_2_101_p1
3418.1905478848416,,0_2_101_p1
3420.2710047003525,,0_2_101_p1
3422.351461515864,,0_2_101_p1
3424.431918331375,,0_2_101_p1
3426.5123751468864,,0_2_101_p1
3428.592831962397,,0_2_101_p1
3430.6732887779085,,0_2_101_p1
3432.75374559342,,0_2_101_p1
3434.834202408931,,0_2_101_p1
3436.914659224442,,0_2_101_p1
3438.995116039953,,0_2_101_p1
3441.0755728554645,,0_2_101_p1
3443.1560296709754,,0_2_101_p1
3445.2364864864867,,0_2_101_p1
3447.3169433019975,,0_2_101_p1
3449.3974001175093,,0_2_101_p1
3451.47785693302,,0_2_101_p1
3453.5583137485314,,0_2_101_p1
3455.6387705640423,,0_2_101_p1
3457.719227379554,,0_2_101_p1
3459.799684195065,,0_2_101_p1
3461.880141010576,,0_2_101_p1
3463.960597826087,,0_2_101_p1
3466.041054641598,,0_2_101_p1
3468.1215114571096,,0_2_101_p1
3470.2019682726204,,0_2_101_p1
3472.2824250881317,,0_2_101_p1
3474.3628819036426,,0_2_101_p1
3476.4433387191543,,0_2_101_p1
3478.523795534665,,0_2_101_p1
3480.6042523501765,,0_2_101_p1
3482.6847091656873,,0_2_101_p1
3484.765165981199,,0_2_101_p1
3486.84562279671,,0_2_101_p1
3488.926079612221,,0_2_101_p1
3491.006536427732,,0_2_101_p1
3493.0869932432433,,0_2_101_p1
3495.1674500587546,,0_2_101_p1
3497.2479068742655,,0_2_101_p1
3499.328363689777,,0_2_101_p1
3501.408820505288,,0_2_101_p1
3503.4892773207994,,0_2_101_p1
3505.56973413631,,0_2_101_p1
3507.6501909518215,,0_2_101_p1
3509.730647767333,,0_2_101_p1
3511.811104582844,,0_2_101_p1
3513.891561398355,,0_2_101_p1
3515.9720182138662,,0_2_101_p1
3518.0524750293775,,0_2_101_p1
3520.132931844889,,0_2_101_p1
3522.2133886603997,,0_2_101_p1
3524.2938454759105,,0_2_101_p1
3526.3743022914223,,0_2_101_p1
3528.454759106933,,0_2_101_p1
3530.5352159224444,,0_2_101_p1
3532.6156727379553,,0_2_101_p1
3534.6961295534666,,0_2_101_p1
3536.776586368978,,0_2_101_p1
3538.857043184489,,0_2_101_p1
3540.9375,,0_2_101_p1
