"File","duration","duration_noSilence","time","amEnvDep","amEnvDepVoiced","amEnvFreq","amEnvFreqVoiced","amMsFreq","amMsFreqVoiced","amMsPurity","amMsPurityVoiced","ampl","ampl_noSilence","amplVoiced","CPP","dom","domVoiced","entropy","entropySh","entropyShVoiced","entropyVoiced","epoch","f1_freq","f1_width","f2_freq","f2_width","f3_freq","f3_width","flux","fmDep","fmFreq","fmPurity","harmEnergy","harmHeight","HNR","HNRVoiced","loudness","loudnessVoiced","novelty","noveltyVoiced","peakFreq","peakFreqVoiced","pitch","quartile25","quartile25Voiced","quartile50","quartile50Voiced","quartile75","quartile75Voiced","roughness","roughnessVoiced","specCentroid","specCentroidVoiced","specSlope","specSlopeVoiced","subDep","subRatio","voiced"
"E:/charade_experiment_WORKSPACE/xdf_procedure/data/Data_processed/Data_trials/Audio_48/0_1_pr_19_Mic_nominal_srate48000_p0_olifant_combinatie.wav",5.859875,3.2,50,NA,NA,NA,NA,NA,NA,NA,NA,0.000136221465081241,NA,NA,NA,NA,NA,0.378625339869046,0.868376675538039,NA,NA,1,NA,NA,NA,NA,NA,NA,NA,NA,NA,NA,NA,NA,NA,NA,NA,NA,NA,NA,NA,NA,NA,NA,NA,NA,NA,NA,NA,NA,NA,NA,NA,NA,NA,NA,NA,FALSE
"E:/charade_experiment_WORKSPACE/xdf_procedure/data/Data_processed/Data_trials/Audio_48/0_1_pr_19_Mic_nominal_srate48000_p0_olifant_combinatie.wav",5.859875,3.2,100,NA,NA,NA,NA,NA,NA,NA,NA,0.000134456070615107,NA,NA,NA,NA,NA,0.373885630246351,0.861042234456486,NA,NA,1,NA,NA,NA,NA,NA,NA,1.4685768890077e-05,NA,NA,NA,NA,NA,NA,NA,NA,NA,NA,NA,NA,NA,NA,NA,NA,NA,NA,NA,NA,NA,NA,NA,NA,NA,NA,NA,NA,FALSE
"E:/charade_experiment_WORKSPACE/xdf_procedure/data/Data_processed/Data_trials/Audio_48/0_1_pr_19_Mic_nominal_srate48000_p0_olifant_combinatie.wav",5.859875,3.2,150,NA,NA,NA,NA,NA,NA,NA,NA,0.000132465891844128,NA,NA,NA,NA,NA,0.382850938738451,0.862466133463694,NA,NA,1,NA,NA,NA,NA,NA,NA,5.0267211697097e-05,NA,NA,NA,NA,NA,NA,NA,NA,NA,NA,NA,NA,NA,NA,NA,NA,NA,NA,NA,NA,NA,NA,NA,NA,NA,NA,NA,NA,FALSE
"E:/charade_experiment_WORKSPACE/xdf_procedure/data/Data_processed/Data_trials/Audio_48/0_1_pr_19_Mic_nominal_srate48000_p0_olifant_combinatie.wav",5.859875,3.2,200,NA,NA,NA,NA,NA,NA,NA,NA,0.000133965973260049,NA,NA,NA,NA,NA,0.369338558406714,0.858805123654747,NA,NA,1,NA,NA,NA,NA,NA,NA,0.000119727209773046,NA,NA,NA,NA,NA,NA,NA,NA,NA,NA,NA,NA,NA,NA,NA,NA,NA,NA,NA,NA,NA,NA,NA,NA,NA,NA,NA,NA,FALSE
"E:/charade_experiment_WORKSPACE/xdf_procedure/data/Data_processed/Data_trials/Audio_48/0_1_pr_19_Mic_nominal_srate48000_p0_olifant_combinatie.wav",5.859875,3.2,250,NA,NA,NA,NA,NA,NA,NA,NA,0.000133130356405043,NA,NA,NA,NA,NA,0.38182836389754,0.865444242087072,NA,NA,1,NA,NA,NA,NA,NA,NA,0.000103340515302808,NA,NA,NA,NA,NA,NA,NA,NA,NA,NA,NA,NA,NA,NA,NA,NA,NA,NA,NA,NA,NA,NA,NA,NA,NA,NA,NA,NA,FALSE
"E:/charade_experiment_WORKSPACE/xdf_procedure/data/Data_processed/Data_trials/Audio_48/0_1_pr_19_Mic_nominal_srate48000_p0_olifant_combinatie.wav",5.859875,3.2,300,NA,NA,NA,NA,NA,NA,NA,NA,0.000133365043180589,NA,NA,NA,NA,NA,0.386274073021214,0.868272810120659,NA,NA,1,NA,NA,NA,NA,NA,NA,1.10563097173166e-05,NA,NA,NA,NA,NA,NA,NA,NA,NA,NA,NA,NA,NA,NA,NA,NA,NA,NA,NA,NA,NA,NA,NA,NA,NA,NA,NA,NA,FALSE
"E:/charade_experiment_WORKSPACE/xdf_procedure/data/Data_processed/Data_trials/Audio_48/0_1_pr_19_Mic_nominal_srate48000_p0_olifant_combinatie.wav",5.859875,3.2,350,NA,NA,NA,NA,NA,NA,NA,NA,0.000134744734200709,NA,NA,NA,NA,NA,0.378345032863875,0.866785706491848,NA,NA,1,NA,NA,NA,NA,NA,NA,3.63668953777818e-05,NA,NA,NA,NA,NA,NA,NA,NA,NA,NA,NA,NA,NA,NA,NA,NA,NA,NA,NA,NA,NA,NA,NA,NA,NA,NA,NA,NA,FALSE
"E:/charade_experiment_WORKSPACE/xdf_procedure/data/Data_processed/Data_trials/Audio_48/0_1_pr_19_Mic_nominal_srate48000_p0_olifant_combinatie.wav",5.859875,3.2,400,NA,NA,NA,NA,NA,NA,NA,NA,0.00013308994994028,NA,NA,NA,NA,NA,0.3795672337653,0.85950538867227,NA,NA,1,NA,NA,NA,NA,NA,NA,9.17766799890529e-07,NA,NA,NA,NA,NA,NA,NA,NA,NA,NA,NA,NA,NA,NA,NA,NA,NA,NA,NA,NA,NA,NA,NA,NA,NA,NA,NA,NA,FALSE
"E:/charade_experiment_WORKSPACE/xdf_procedure/data/Data_processed/Data_trials/Audio_48/0_1_pr_19_Mic_nominal_srate48000_p0_olifant_combinatie.wav",5.859875,3.2,450,NA,NA,NA,NA,NA,NA,NA,NA,0.000134988616775515,NA,NA,NA,NA,NA,0.379100455289628,0.863236769147598,NA,NA,1,NA,NA,NA,NA,NA,NA,1.31238986122995e-07,NA,NA,NA,NA,NA,NA,NA,NA,NA,NA,NA,NA,NA,NA,NA,NA,NA,NA,NA,NA,NA,NA,NA,NA,NA,NA,NA,NA,FALSE
"E:/charade_experiment_WORKSPACE/xdf_procedure/data/Data_processed/Data_trials/Audio_48/0_1_pr_19_Mic_nominal_srate48000_p0_olifant_combinatie.wav",5.859875,3.2,500,NA,NA,NA,NA,NA,NA,NA,NA,0.000135820479246054,NA,NA,NA,NA,NA,0.366160740684257,0.861003977510312,NA,NA,1,NA,NA,NA,NA,NA,NA,0.000117810812690244,NA,NA,NA,NA,NA,NA,NA,NA,NA,NA,NA,NA,NA,NA,NA,NA,NA,NA,NA,NA,NA,NA,NA,NA,NA,NA,NA,NA,FALSE
"E:/charade_experiment_WORKSPACE/xdf_procedure/data/Data_processed/Data_trials/Audio_48/0_1_pr_19_Mic_nominal_srate48000_p0_olifant_combinatie.wav",5.859875,3.2,550,NA,NA,NA,NA,NA,NA,NA,NA,0.000132143363870872,NA,NA,NA,NA,NA,0.388504652681489,0.866987082688088,NA,NA,1,NA,NA,NA,NA,NA,NA,0.000320449055237093,NA,NA,NA,NA,NA,NA,NA,NA,NA,NA,NA,NA,NA,NA,NA,NA,NA,NA,NA,NA,NA,NA,NA,NA,NA,NA,NA,NA,FALSE
"E:/charade_experiment_WORKSPACE/xdf_procedure/data/Data_processed/Data_trials/Audio_48/0_1_pr_19_Mic_nominal_srate48000_p0_olifant_combinatie.wav",5.859875,3.2,600,NA,NA,NA,NA,NA,NA,NA,NA,0.000133630536255403,NA,NA,NA,NA,NA,0.37654179420872,0.864366653691485,NA,NA,1,NA,NA,NA,NA,NA,NA,8.25314733039484e-05,NA,NA,NA,NA,NA,NA,NA,NA,NA,NA,NA,NA,NA,NA,NA,NA,NA,NA,NA,NA,NA,NA,NA,NA,NA,NA,NA,NA,FALSE
"E:/charade_experiment_WORKSPACE/xdf_procedure/data/Data_processed/Data_trials/Audio_48/0_1_pr_19_Mic_nominal_srate48000_p0_olifant_combinatie.wav",5.859875,3.2,650,NA,NA,NA,NA,NA,NA,NA,NA,0.000132933007896201,NA,NA,NA,NA,NA,0.375017416436189,0.863852781257531,NA,NA,1,NA,NA,NA,NA,NA,NA,1.53396431601394e-06,NA,NA,NA,NA,NA,NA,NA,NA,NA,NA,NA,NA,NA,NA,NA,NA,NA,NA,NA,NA,NA,NA,NA,NA,NA,NA,NA,NA,FALSE
"E:/charade_experiment_WORKSPACE/xdf_procedure/data/Data_processed/Data_trials/Audio_48/0_1_pr_19_Mic_nominal_srate48000_p0_olifant_combinatie.wav",5.859875,3.2,700,NA,NA,NA,NA,NA,NA,NA,NA,0.000128593946520309,NA,NA,NA,NA,NA,0.395161479280478,0.863301147103248,NA,NA,1,NA,NA,NA,NA,NA,NA,0.000223159737583467,NA,NA,NA,NA,NA,NA,NA,NA,NA,NA,NA,NA,NA,NA,NA,NA,NA,NA,NA,NA,NA,NA,NA,NA,NA,NA,NA,NA,FALSE
"E:/charade_experiment_WORKSPACE/xdf_procedure/data/Data_processed/Data_trials/Audio_48/0_1_pr_19_Mic_nominal_srate48000_p0_olifant_combinatie.wav",5.859875,3.2,750,NA,NA,NA,NA,NA,NA,NA,NA,0.000131675854624837,NA,NA,NA,NA,NA,0.386762931063274,0.86324558988034,NA,NA,1,NA,NA,NA,NA,NA,NA,3.45115730400192e-05,NA,NA,NA,NA,NA,NA,NA,NA,NA,NA,NA,NA,NA,NA,NA,NA,NA,NA,NA,NA,NA,NA,NA,NA,NA,NA,NA,NA,FALSE
"E:/charade_experiment_WORKSPACE/xdf_procedure/data/Data_processed/Data_trials/Audio_48/0_1_pr_19_Mic_nominal_srate48000_p0_olifant_combinatie.wav",5.859875,3.2,800,NA,NA,NA,NA,NA,NA,NA,NA,0.000134533963644676,NA,NA,NA,NA,NA,0.376231224356982,0.864702361281051,NA,NA,1,NA,NA,NA,NA,NA,NA,6.52009317605451e-05,NA,NA,NA,NA,NA,NA,NA,NA,NA,NA,NA,NA,NA,NA,NA,NA,NA,NA,NA,NA,NA,NA,NA,NA,NA,NA,NA,NA,FALSE
"E:/charade_experiment_WORKSPACE/xdf_procedure/data/Data_processed/Data_trials/Audio_48/0_1_pr_19_Mic_nominal_srate48000_p0_olifant_combinatie.wav",5.859875,3.2,850,NA,NA,NA,NA,NA,NA,NA,NA,0.00013364768007497,NA,NA,NA,NA,NA,0.39153064980348,0.87093090627266,NA,NA,1,NA,NA,NA,NA,NA,NA,0.000131626120126294,NA,NA,NA,NA,NA,NA,NA,NA,NA,NA,NA,NA,NA,NA,NA,NA,NA,NA,NA,NA,NA,NA,NA,NA,NA,NA,NA,NA,FALSE
"E:/charade_experiment_WORKSPACE/xdf_procedure/data/Data_processed/Data_trials/Audio_48/0_1_pr_19_Mic_nominal_srate48000_p0_olifant_combinatie.wav",5.859875,3.2,900,NA,NA,NA,NA,NA,NA,NA,NA,0.000133693960485667,NA,NA,NA,NA,NA,0.396502283400016,0.873585905837305,NA,NA,1,NA,NA,NA,NA,NA,NA,1.14345445039188e-05,NA,NA,NA,NA,NA,NA,NA,NA,NA,NA,NA,NA,NA,NA,NA,NA,NA,NA,NA,NA,NA,NA,NA,NA,NA,NA,NA,NA,FALSE
"E:/charade_experiment_WORKSPACE/xdf_procedure/data/Data_processed/Data_trials/Audio_48/0_1_pr_19_Mic_nominal_srate48000_p0_olifant_combinatie.wav",5.859875,3.2,950,NA,NA,NA,NA,NA,NA,NA,NA,0.000134424889939183,NA,NA,NA,NA,NA,0.378587329504809,0.862261456991952,NA,NA,1,NA,NA,NA,NA,NA,NA,0.000168302123532027,NA,NA,NA,NA,NA,NA,NA,NA,NA,NA,NA,NA,NA,NA,NA,NA,NA,NA,NA,NA,NA,NA,NA,NA,NA,NA,NA,NA,FALSE
"E:/charade_experiment_WORKSPACE/xdf_procedure/data/Data_processed/Data_trials/Audio_48/0_1_pr_19_Mic_nominal_srate48000_p0_olifant_combinatie.wav",5.859875,3.2,1000,NA,NA,NA,NA,NA,NA,NA,NA,0.000133464707744122,NA,NA,NA,NA,NA,0.38364441648216,0.866396164892452,NA,NA,1,NA,NA,NA,NA,NA,NA,1.51373159195112e-05,NA,NA,NA,NA,NA,NA,NA,NA,NA,NA,NA,NA,NA,NA,NA,NA,NA,NA,NA,NA,NA,NA,NA,NA,NA,NA,NA,NA,FALSE
"E:/charade_experiment_WORKSPACE/xdf_procedure/data/Data_processed/Data_trials/Audio_48/0_1_pr_19_Mic_nominal_srate48000_p0_olifant_combinatie.wav",5.859875,3.2,1050,NA,NA,NA,NA,NA,NA,NA,NA,0.0001330861265862,NA,NA,NA,NA,NA,0.375799438074521,0.860977513966,NA,NA,1,NA,NA,NA,NA,NA,NA,3.75028053754001e-05,NA,NA,NA,NA,NA,NA,NA,NA,NA,NA,NA,NA,NA,NA,NA,NA,NA,NA,NA,NA,NA,NA,NA,NA,NA,NA,NA,NA,FALSE
"E:/charade_experiment_WORKSPACE/xdf_procedure/data/Data_processed/Data_trials/Audio_48/0_1_pr_19_Mic_nominal_srate48000_p0_olifant_combinatie.wav",5.859875,3.2,1100,NA,NA,NA,NA,NA,NA,NA,NA,0.000133676054851294,NA,NA,NA,NA,NA,0.379789019872376,0.86209258225653,NA,NA,1,NA,NA,NA,NA,NA,NA,1.00780818748092e-05,NA,NA,NA,NA,NA,NA,NA,NA,NA,NA,NA,NA,NA,NA,NA,NA,NA,NA,NA,NA,NA,NA,NA,NA,NA,NA,NA,NA,FALSE
"E:/charade_experiment_WORKSPACE/xdf_procedure/data/Data_processed/Data_trials/Audio_48/0_1_pr_19_Mic_nominal_srate48000_p0_olifant_combinatie.wav",5.859875,3.2,1150,NA,NA,NA,NA,NA,NA,NA,NA,0.000134989850818889,NA,NA,NA,NA,NA,0.376497867997303,0.86849992375073,NA,NA,1,NA,NA,NA,NA,NA,NA,6.79352031596192e-06,NA,NA,NA,NA,NA,NA,NA,NA,NA,NA,NA,NA,NA,NA,NA,NA,NA,NA,NA,NA,NA,NA,NA,NA,NA,NA,NA,NA,FALSE
"E:/charade_experiment_WORKSPACE/xdf_procedure/data/Data_processed/Data_trials/Audio_48/0_1_pr_19_Mic_nominal_srate48000_p0_olifant_combinatie.wav",5.859875,3.2,1200,NA,NA,NA,NA,NA,NA,NA,NA,0.000135839697842365,NA,NA,NA,NA,NA,0.373389636582563,0.867103174969642,NA,NA,1,NA,NA,NA,NA,NA,NA,6.46603711906835e-06,NA,NA,NA,NA,NA,NA,NA,NA,NA,NA,NA,NA,NA,NA,NA,NA,NA,NA,NA,NA,NA,NA,NA,NA,NA,NA,NA,NA,FALSE
"E:/charade_experiment_WORKSPACE/xdf_procedure/data/Data_processed/Data_trials/Audio_48/0_1_pr_19_Mic_nominal_srate48000_p0_olifant_combinatie.wav",5.859875,3.2,1250,NA,NA,NA,NA,NA,NA,NA,NA,0.000133167511903597,NA,NA,NA,NA,NA,0.386205122374722,0.866322732674865,NA,NA,1,NA,NA,NA,NA,NA,NA,9.99335587479333e-05,NA,NA,NA,NA,NA,NA,NA,NA,NA,NA,NA,NA,NA,NA,NA,NA,NA,NA,NA,NA,NA,NA,NA,NA,NA,NA,NA,NA,FALSE
"E:/charade_experiment_WORKSPACE/xdf_procedure/data/Data_processed/Data_trials/Audio_48/0_1_pr_19_Mic_nominal_srate48000_p0_olifant_combinatie.wav",5.859875,3.2,1300,NA,NA,NA,NA,NA,NA,NA,NA,0.000132753399931141,NA,NA,NA,NA,NA,0.381610436945706,0.863485844538308,NA,NA,1,NA,NA,NA,NA,NA,NA,1.18450289784411e-05,NA,NA,NA,NA,NA,NA,NA,NA,NA,NA,NA,NA,NA,NA,NA,NA,NA,NA,NA,NA,NA,NA,NA,NA,NA,NA,NA,NA,FALSE
"E:/charade_experiment_WORKSPACE/xdf_procedure/data/Data_processed/Data_trials/Audio_48/0_1_pr_19_Mic_nominal_srate48000_p0_olifant_combinatie.wav",5.859875,3.2,1350,NA,NA,NA,NA,NA,NA,NA,NA,0.000134695359823807,NA,NA,NA,NA,NA,0.372595100292615,0.860990255208388,NA,NA,1,NA,NA,NA,NA,NA,NA,5.2136812984882e-05,NA,NA,NA,NA,NA,NA,NA,NA,NA,NA,NA,NA,NA,NA,NA,NA,NA,NA,NA,NA,NA,NA,NA,NA,NA,NA,NA,NA,FALSE
"E:/charade_experiment_WORKSPACE/xdf_procedure/data/Data_processed/Data_trials/Audio_48/0_1_pr_19_Mic_nominal_srate48000_p0_olifant_combinatie.wav",5.859875,3.2,1400,NA,NA,NA,NA,NA,NA,NA,NA,0.000133448465163185,NA,NA,NA,NA,NA,0.393578956018576,0.869083586623873,NA,NA,1,NA,NA,NA,NA,NA,NA,0.000252066664992889,NA,NA,NA,NA,NA,NA,NA,NA,NA,NA,NA,NA,NA,NA,NA,NA,NA,NA,NA,NA,NA,NA,NA,NA,NA,NA,NA,NA,FALSE
"E:/charade_experiment_WORKSPACE/xdf_procedure/data/Data_processed/Data_trials/Audio_48/0_1_pr_19_Mic_nominal_srate48000_p0_olifant_combinatie.wav",5.859875,3.2,1450,NA,NA,NA,NA,NA,NA,NA,NA,0.000136222990160084,NA,NA,NA,NA,NA,0.395185108484336,0.874660556936728,NA,NA,1,NA,NA,NA,NA,NA,NA,1.19511953644569e-06,NA,NA,NA,NA,NA,NA,NA,NA,NA,NA,NA,NA,NA,NA,NA,NA,NA,NA,NA,NA,NA,NA,NA,NA,NA,NA,NA,NA,FALSE
"E:/charade_experiment_WORKSPACE/xdf_procedure/data/Data_processed/Data_trials/Audio_48/0_1_pr_19_Mic_nominal_srate48000_p0_olifant_combinatie.wav",5.859875,3.2,1500,NA,NA,NA,NA,NA,NA,NA,NA,0.00364839917906707,NA,NA,NA,NA,NA,0.564764735873719,0.905762398795407,NA,NA,1,NA,NA,NA,NA,NA,NA,0.00450912819387883,NA,NA,NA,NA,NA,NA,NA,NA,NA,NA,NA,NA,NA,NA,NA,NA,NA,NA,NA,NA,NA,NA,NA,NA,NA,NA,NA,NA,FALSE
"E:/charade_experiment_WORKSPACE/xdf_procedure/data/Data_processed/Data_trials/Audio_48/0_1_pr_19_Mic_nominal_srate48000_p0_olifant_combinatie.wav",5.859875,3.2,1550,0.263481740237639,NA,13.7964659088207,NA,111.550285463329,NA,-19.5282230687928,NA,0.097033614086077,0.097033614086077,NA,NA,133.70097014478,NA,0.0194761520551783,0.5408537361681,NA,NA,2,239.97,172.529574722849,3696.16,393.82606379986,8061.84,559.809599577754,0.999741578527359,NA,NA,NA,NA,NA,NA,NA,7.23228715850563,NA,0.341068114167593,NA,130,NA,NA,140,NA,190,NA,360,NA,26.2418259529416,NA,501.89716526132,NA,-2.23627723894168,NA,NA,NA,FALSE
"E:/charade_experiment_WORKSPACE/xdf_procedure/data/Data_processed/Data_trials/Audio_48/0_1_pr_19_Mic_nominal_srate48000_p0_olifant_combinatie.wav",5.859875,3.2,1600,0.2472088824616,NA,14.1793550029493,NA,NA,NA,NA,NA,0.099077869765121,0.099077869765121,NA,NA,122.610562164355,NA,0.116648011920807,0.785845731173083,NA,NA,3,1558.14,467.246855790986,3152.33,519.975842353267,8530.63,540.283132145811,0.42499093271261,NA,NA,NA,NA,NA,NA,NA,7.07799727278831,NA,-0.0864863549464467,NA,120,NA,NA,310,NA,1050,NA,3130,NA,26.0239722745621,NA,2413.94319433882,NA,-2.66845355579493,NA,NA,NA,FALSE
"E:/charade_experiment_WORKSPACE/xdf_procedure/data/Data_processed/Data_trials/Audio_48/0_1_pr_19_Mic_nominal_srate48000_p0_olifant_combinatie.wav",5.859875,3.2,1650,NA,NA,NA,NA,NA,NA,NA,NA,0.0204889226327307,NA,NA,NA,NA,NA,0.156390815170466,0.793952919072204,NA,NA,4,NA,NA,NA,NA,NA,NA,0.184719758458569,NA,NA,NA,NA,NA,NA,NA,NA,NA,NA,NA,NA,NA,NA,NA,NA,NA,NA,NA,NA,NA,NA,NA,NA,NA,NA,NA,NA,FALSE
"E:/charade_experiment_WORKSPACE/xdf_procedure/data/Data_processed/Data_trials/Audio_48/0_1_pr_19_Mic_nominal_srate48000_p0_olifant_combinatie.wav",5.859875,3.2,1700,NA,NA,NA,NA,NA,NA,NA,NA,0.00236818579886621,NA,NA,NA,NA,NA,0.322302732714902,0.811518557124724,NA,NA,5,NA,NA,NA,NA,NA,NA,0.728985736059151,NA,NA,NA,NA,NA,NA,NA,NA,NA,NA,NA,NA,NA,NA,NA,NA,NA,NA,NA,NA,NA,NA,NA,NA,NA,NA,NA,NA,FALSE
"E:/charade_experiment_WORKSPACE/xdf_procedure/data/Data_processed/Data_trials/Audio_48/0_1_pr_19_Mic_nominal_srate48000_p0_olifant_combinatie.wav",5.859875,3.2,1750,NA,NA,NA,NA,NA,NA,NA,NA,0.000646573427254928,NA,NA,NA,NA,NA,0.322321063634458,0.85215905022898,NA,NA,5,NA,NA,NA,NA,NA,NA,1.3165192150999e-05,NA,NA,NA,NA,NA,NA,NA,NA,NA,NA,NA,NA,NA,NA,NA,NA,NA,NA,NA,NA,NA,NA,NA,NA,NA,NA,NA,NA,FALSE
"E:/charade_experiment_WORKSPACE/xdf_procedure/data/Data_processed/Data_trials/Audio_48/0_1_pr_19_Mic_nominal_srate48000_p0_olifant_combinatie.wav",5.859875,3.2,1800,NA,NA,NA,NA,NA,NA,NA,NA,0.000647765150147664,NA,NA,NA,NA,NA,0.176131724176428,0.720324787470886,NA,NA,6,NA,NA,NA,NA,NA,NA,0.457574113107699,NA,NA,NA,NA,NA,NA,NA,NA,NA,NA,NA,NA,NA,NA,NA,NA,NA,NA,NA,NA,NA,NA,NA,NA,NA,NA,NA,NA,FALSE
"E:/charade_experiment_WORKSPACE/xdf_procedure/data/Data_processed/Data_trials/Audio_48/0_1_pr_19_Mic_nominal_srate48000_p0_olifant_combinatie.wav",5.859875,3.2,1850,NA,NA,NA,NA,NA,NA,NA,NA,0.000204480887999898,NA,NA,NA,NA,NA,0.418004229369245,0.899309945572332,NA,NA,7,NA,NA,NA,NA,NA,NA,0.543874972735641,NA,NA,NA,NA,NA,NA,NA,NA,NA,NA,NA,NA,NA,NA,NA,NA,NA,NA,NA,NA,NA,NA,NA,NA,NA,NA,NA,NA,FALSE
"E:/charade_experiment_WORKSPACE/xdf_procedure/data/Data_processed/Data_trials/Audio_48/0_1_pr_19_Mic_nominal_srate48000_p0_olifant_combinatie.wav",5.859875,3.2,1900,NA,NA,NA,NA,NA,NA,NA,NA,0.000365452016045881,NA,NA,NA,NA,NA,0.36461556672774,0.90294520711093,NA,NA,7,NA,NA,NA,NA,NA,NA,0.00140577532739394,NA,NA,NA,NA,NA,NA,NA,NA,NA,NA,NA,NA,NA,NA,NA,NA,NA,NA,NA,NA,NA,NA,NA,NA,NA,NA,NA,NA,FALSE
"E:/charade_experiment_WORKSPACE/xdf_procedure/data/Data_processed/Data_trials/Audio_48/0_1_pr_19_Mic_nominal_srate48000_p0_olifant_combinatie.wav",5.859875,3.2,1950,NA,NA,NA,NA,NA,NA,NA,NA,0.0118022072472152,NA,NA,NA,NA,NA,0.350978674651039,0.922887862335286,NA,NA,7,NA,NA,NA,NA,NA,NA,9.90452388549556e-05,NA,NA,NA,NA,NA,NA,NA,NA,NA,NA,NA,NA,NA,NA,NA,NA,NA,NA,NA,NA,NA,NA,NA,NA,NA,NA,NA,NA,FALSE
"E:/charade_experiment_WORKSPACE/xdf_procedure/data/Data_processed/Data_trials/Audio_48/0_1_pr_19_Mic_nominal_srate48000_p0_olifant_combinatie.wav",5.859875,3.2,2000,0.15667747406104,0.15667747406104,10,10,NA,NA,NA,NA,0.137120920775601,0.137120920775601,0.137120920775601,6.60980991411522,332.933302275741,332.933302275741,0.300837733023801,0.853621403137861,0.853621403137861,0.300837733023801,8,348.71,51.7761154232574,1755.73,313.04219495095,3118.88,346.820430558246,0.605822287457054,0.13365388969921,5,NA,5.61864808814991,3523.7253287862,7.53375608889602,7.53375608889602,6.28092263716685,6.28092263716685,-0.645186166500944,-0.645186166500944,330,330,335.465666098276,720,720,5730,5730,9520,9520,26.1296904736152,26.1296904736152,6396.7847702089,6396.7847702089,-1.58227510814036,-1.58227510814036,0.213126457639831,3,TRUE
"E:/charade_experiment_WORKSPACE/xdf_procedure/data/Data_processed/Data_trials/Audio_48/0_1_pr_19_Mic_nominal_srate48000_p0_olifant_combinatie.wav",5.859875,3.2,2050,0.151508668688985,0.151508668688985,10,10,NA,NA,NA,NA,0.286954072792199,0.286954072792199,0.286954072792199,12.2539072549358,352.380590406559,352.380590406559,0.0542818968723576,0.502726760265859,0.502726760265859,0.0542818968723576,9,368.84,37.2850540025441,1375.96,47.5712269912268,2783.76,202.410176105618,0.34946825993354,0.13497006602269,5,NA,-3.52595468430174,NA,15.5246049203738,15.5246049203738,14.8835278576179,14.8835278576179,-0.0274244139798147,-0.0274244139798147,350,350,353.179248655357,340,340,360,360,720,720,19.157673784538,19.157673784538,1057.61502472623,1057.61502472623,-1.79201385306647,-1.79201385306647,0,NA,TRUE
"E:/charade_experiment_WORKSPACE/xdf_procedure/data/Data_processed/Data_trials/Audio_48/0_1_pr_19_Mic_nominal_srate48000_p0_olifant_combinatie.wav",5.859875,3.2,2100,0.14633986331693,0.14633986331693,10,10,NA,NA,NA,NA,0.363761045362684,0.363761045362684,0.363761045362684,12.7204962958203,395.086920149065,395.086920149065,0.0539873209444096,0.503837454343555,0.503837454343555,0.0539873209444096,9,401.1,17.8009337432838,1199.9,168.604130324132,2038.69,470.393172899091,0.00370690316238731,0.127412890483361,5,NA,-3.33714319161182,7302.98229579248,16.3122043625107,16.3122043625107,15.7825898398783,15.7825898398783,0.153828311213896,0.153828311213896,400,400,394.87389348703,390,390,410,410,810,810,15.5984438412921,15.5984438412921,1038.92273680655,1038.92273680655,-1.59256783468486,-1.59256783468486,0,NA,TRUE
"E:/charade_experiment_WORKSPACE/xdf_procedure/data/Data_processed/Data_trials/Audio_48/0_1_pr_19_Mic_nominal_srate48000_p0_olifant_combinatie.wav",5.859875,3.2,2150,0.141171057944875,0.141171057944875,10,10,NA,NA,NA,NA,0.358483918022927,0.358483918022927,0.358483918022927,16.3534555110878,436.506086696724,436.506086696724,0.0338121385305462,0.498156229946204,0.498156229946204,0.0338121385305462,9,447.76,38.3007882182906,1259.25,395.145819328598,1811.36,384.845523886913,0.0204046746271921,0.120043103589145,5,NA,-2.13952192701806,NA,19.6696891584091,19.6696891584091,16.3544393466697,16.3544393466697,0.336375398026418,0.336375398026418,440,440,434.39640412652,430,430,450,450,1240,1240,16.9146235349481,16.9146235349481,1142.14936202065,1142.14936202065,-2.34349485542729,-2.34349485542729,0,NA,TRUE
"E:/charade_experiment_WORKSPACE/xdf_procedure/data/Data_processed/Data_trials/Audio_48/0_1_pr_19_Mic_nominal_srate48000_p0_olifant_combinatie.wav",5.859875,3.2,2200,0.144604267118329,0.144604267118329,10,10,NA,NA,NA,NA,0.345846325316143,0.345846325316143,0.345846325316143,21.2316725425605,441.472385914725,441.472385914725,0.0355062222631396,0.45531631687279,0.45531631687279,0.0355062222631396,10,465.19,74.4709975208411,1088.79,463.569839088635,1827.95,283.49315383371,0.200023959466344,0.113003477641081,5,NA,-1.69502765456146,16562.562136865,27.3339291556498,27.3339291556498,16.6915654011363,16.6915654011363,-0.46142892812497,-0.46142892812497,440,440,441.644632481858,440,440,450,450,1110,1110,18.0145909666073,18.0145909666073,1243.57680654995,1243.57680654995,-2.12849904741398,-2.12849904741398,0,NA,TRUE
"E:/charade_experiment_WORKSPACE/xdf_procedure/data/Data_processed/Data_trials/Audio_48/0_1_pr_19_Mic_nominal_srate48000_p0_olifant_combinatie.wav",5.859875,3.2,2250,0.160549497448884,0.160549497448884,10,10,NA,NA,NA,NA,0.346132848451739,0.346132848451739,0.346132848451739,21.8195593884184,433.580150981633,433.580150981633,0.060311130746908,0.446451188347475,0.446451188347475,0.060311130746908,10,450.53,53.6900320037206,1159.31,520.106963811867,1743.02,170.142473510636,0.125732643703868,0.110365933158349,5,NA,-2.1800503805755,18852.5398867849,30.3559498865747,30.3559498865747,16.4535437237775,16.4535437237775,0.857249437762709,0.857249437762709,430,430,433.354631384998,430,430,440,440,1040,1040,17.9524174900333,17.9524174900333,1306.66462665122,1306.66462665122,-1.38616275918071,-1.38616275918071,0,NA,TRUE
"E:/charade_experiment_WORKSPACE/xdf_procedure/data/Data_processed/Data_trials/Audio_48/0_1_pr_19_Mic_nominal_srate48000_p0_olifant_combinatie.wav",5.859875,3.2,2300,0.17649472777944,0.17649472777944,10,10,NA,NA,NA,NA,0.340322227445732,0.340322227445732,0.340322227445732,19.9074920526308,437.365806236015,437.365806236015,0.0675246105690891,0.432288892111208,0.432288892111208,0.0675246105690891,10,458.48,69.2728449086757,1045.86,486.149946323262,1789.37,222.1393333368,0.104412858794335,0.114931794709796,5,NA,-2.40732188452129,16408.0178916832,33.192351812966,33.192351812966,16.1921443097359,16.1921443097359,-0.472833602700532,-0.472833602700532,440,440,437.514796905235,440,440,440,440,880,880,17.8902440134593,17.8902440134593,1307.65377666907,1307.65377666907,-1.25637434427688,-1.25637434427688,0.0358835124205202,2,TRUE
"E:/charade_experiment_WORKSPACE/xdf_procedure/data/Data_processed/Data_trials/Audio_48/0_1_pr_19_Mic_nominal_srate48000_p0_olifant_combinatie.wav",5.859875,3.2,2350,0.192439958109996,0.192439958109996,10,10,NA,NA,NA,NA,0.289177556604365,0.289177556604365,0.289177556604365,16.1247672286539,431.555006574432,431.555006574432,0.0405533485920748,0.450560443324594,0.450560443324594,0.0405533485920748,11,443.74,35.0856908557912,1173.07,378.407086447404,2654.67,549.794021948641,0.19069818208177,0.118043908531273,5,NA,-3.69036140311975,15958.6335254839,22.3985868351437,22.3985868351437,14.4322600000768,14.4322600000768,-0.171596757219361,-0.171596757219361,430,430,431.314419607673,430,430,440,440,860,860,21.8928598523083,21.8928598523083,1011.20835344934,1011.20835344934,-1.83254614412557,-1.83254614412557,0,NA,TRUE
"E:/charade_experiment_WORKSPACE/xdf_procedure/data/Data_processed/Data_trials/Audio_48/0_1_pr_19_Mic_nominal_srate48000_p0_olifant_combinatie.wav",5.859875,3.2,2400,0.204762703847588,0.204762703847588,10.0840234151416,10.0840234151416,NA,NA,NA,NA,0.166970132527375,0.166970132527375,0.166970132527375,9.68307228112073,418.718978512902,418.718978512902,0.119787412453633,0.580276405015635,0.580276405015635,0.119787412453633,12,414.18,11.6755266348631,1410.24,87.3597303873396,4267.14,467.71294064901,0.329601678754854,0.118943797546271,5,NA,-3.50657353314358,4767.45616912272,13.3610679337833,13.3610679337833,6.40280981757512,6.40280981757512,-0.296744298271909,-0.296744298271909,420,420,414.717352124746,400,400,430,430,930,930,26.3373006167467,26.3373006167467,1623.86979878359,1623.86979878359,-1.29402802288204,-1.29402802288204,0.0542353752131816,5,TRUE
"E:/charade_experiment_WORKSPACE/xdf_procedure/data/Data_processed/Data_trials/Audio_48/0_1_pr_19_Mic_nominal_srate48000_p0_olifant_combinatie.wav",5.859875,3.2,2450,NA,NA,NA,NA,NA,NA,NA,NA,0.00827744875967492,NA,0.00827744875967492,5.9941170979225,NA,NA,0.472554160517017,0.9368155854928,0.9368155854928,0.472554160517017,12,NA,NA,NA,NA,NA,NA,0.0481804340269756,0.114287504318339,5.00651669653941,NA,10.9579876604021,2286.13992857509,NA,NA,NA,NA,NA,NA,NA,NA,411.292273510909,NA,NA,NA,NA,NA,NA,NA,NA,NA,NA,NA,NA,0.239739614855294,5,TRUE
"E:/charade_experiment_WORKSPACE/xdf_procedure/data/Data_processed/Data_trials/Audio_48/0_1_pr_19_Mic_nominal_srate48000_p0_olifant_combinatie.wav",5.859875,3.2,2500,0.187749622503694,0.187749622503694,11.218339519553,11.218339519553,28.8830332308593,28.8830332308593,-13.7847814447746,-13.7847814447746,0.190559133559242,0.190559133559242,0.190559133559242,9.83357095676891,415.433381851445,415.433381851445,0.260127737403004,0.791853010136994,0.791853010136994,0.260127737403004,12,440.53,59.6599142823244,1661.13,253.259524967575,3280.91,516.024850295554,0.0288755833712471,0.101759952912923,5.08471705501239,NA,2.23865064969227,2286.13992857509,10.9697908286756,10.9697908286756,7.49224104077069,7.49224104077069,0.305972860831539,0.305972860831539,420,420,415.379976191696,430,430,2010,2010,7970,7970,18.3533780428747,18.3533780428747,4704.81720980228,4704.81720980228,-1.62446856216764,-1.62446856216764,0.0422109517308841,3,TRUE
"E:/charade_experiment_WORKSPACE/xdf_procedure/data/Data_processed/Data_trials/Audio_48/0_1_pr_19_Mic_nominal_srate48000_p0_olifant_combinatie.wav",5.859875,3.2,2550,0.179243081831747,0.179243081831747,11.7854975717587,11.7854975717587,28.765920070268,28.765920070268,-13.4550242301026,-13.4550242301026,0.322412878655933,0.322412878655933,0.322412878655933,19.1116954645193,424.652198097849,424.652198097849,0.0394484052573747,0.51781398869816,0.51781398869816,0.0394484052573747,13,430.4,18.8423564127893,1364.66,209.61393933182,2074.36,111.289048042272,0.470431669635146,0.0904897006723308,5.16291741348537,NA,-2.05744337021661,6143.21587324714,21.953990527781,21.953990527781,16.7539533835602,16.7539533835602,-0.768674212801313,-0.768674212801313,420,420,423.601322770595,420,420,430,430,1310,1310,15.2212118947195,15.2212118947195,1353.54108230954,1353.54108230954,-2.52753082993539,-2.52753082993539,0,NA,TRUE
"E:/charade_experiment_WORKSPACE/xdf_procedure/data/Data_processed/Data_trials/Audio_48/0_1_pr_19_Mic_nominal_srate48000_p0_olifant_combinatie.wav",5.859875,3.2,2600,0.1707365411598,0.1707365411598,12.3526556239645,12.3526556239645,NA,NA,NA,NA,0.369724346989715,0.369724346989715,0.369724346989715,21.5243052206832,438.588839184988,438.588839184988,0.0579609024762338,0.463071980769075,0.463071980769075,0.0579609024762338,14,443.84,15.2302663161128,1340.49,112.193320197015,1935.05,273.208846225723,0.231368393242031,0.0808790833293076,5.24111777195835,NA,-2.45309450025149,9313.01500193843,29.031510754305,29.031510754305,17.1621619296512,17.1621619296512,0.721444535664323,0.721444535664323,440,440,438.598087856965,440,440,450,450,1310,1310,16.2238188930238,16.2238188930238,1323.79131646528,1323.79131646528,-1.63845060861748,-1.63845060861748,0,NA,TRUE
"E:/charade_experiment_WORKSPACE/xdf_procedure/data/Data_processed/Data_trials/Audio_48/0_1_pr_19_Mic_nominal_srate48000_p0_olifant_combinatie.wav",5.859875,3.2,2650,0.177956202691678,0.177956202691678,13.1134179217813,13.1134179217813,NA,NA,NA,NA,0.363178081087844,0.363178081087844,0.363178081087844,19.0875668879146,433.076516001928,433.076516001928,0.0439842862282516,0.457399753700721,0.457399753700721,0.0439842862282516,14,437.23,13.0719438381043,1307.3,103.75160424867,1853.9,247.618208188106,0.13616450618618,0.0752512891683342,5.31931813043133,NA,-2.40158881360455,9313.01500193843,24.7973849892322,24.7973849892322,16.717025335008,16.717025335008,-0.516362753694276,-0.516362753694276,430,430,433.053421154654,430,430,440,440,1290,1290,18.0120581373552,18.0120581373552,1219.07935707884,1219.07935707884,-1.85173682814481,-1.85173682814481,0,NA,TRUE
"E:/charade_experiment_WORKSPACE/xdf_procedure/data/Data_processed/Data_trials/Audio_48/0_1_pr_19_Mic_nominal_srate48000_p0_olifant_combinatie.wav",5.859875,3.2,2700,0.187141639499035,0.187141639499035,13.8983807502996,13.8983807502996,NA,NA,NA,NA,0.264386261622119,0.264386261622119,0.264386261622119,16.2738434073344,417.262769431544,417.262769431544,0.0375961541033674,0.48297578222824,0.48297578222824,0.0375961541033674,15,415.78,5.88998387661035,1260.02,30.5551894853252,2084.69,303.109661651428,0.201289921575506,0.0745254312314221,5.39751848890431,NA,-3.33001392656814,9780.08114771992,20.1330408411573,20.1330408411573,13.301100041344,13.301100041344,0.474177911863682,0.474177911863682,420,420,416.194340367615,410,410,420,420,1210,1210,24.7385572138564,24.7385572138564,1041.89341667322,1041.89341667322,-2.14163348498969,-2.14163348498969,0,NA,TRUE
"E:/charade_experiment_WORKSPACE/xdf_procedure/data/Data_processed/Data_trials/Audio_48/0_1_pr_19_Mic_nominal_srate48000_p0_olifant_combinatie.wav",5.859875,3.2,2750,0.196327076306391,0.196327076306391,14.6833435788179,14.6833435788179,NA,NA,NA,NA,0.083670784929217,0.083670784929217,0.083670784929217,7.06125848360546,426.768413919532,426.768413919532,0.169238285413558,0.642687841305848,0.642687841305848,0.169238285413558,16,423.06,22.9471875837751,1367.57,77.6348052533999,3429.74,288.826271756029,0.344490598017436,0.0718350513751994,5.47571884737729,NA,-2.30015961944065,1837.80466913569,9.78902407392794,9.78902407392794,2.45113306500824,2.45113306500824,-0.659493397064107,-0.659493397064107,430,430,408.902334567843,390,390,430,430,1240,1240,31.4650562903577,31.4650562903577,1893.29218868524,1893.29218868524,-1.08628847570581,-1.08628847570581,0.0797827191575663,5,TRUE
"E:/charade_experiment_WORKSPACE/xdf_procedure/data/Data_processed/Data_trials/Audio_48/0_1_pr_19_Mic_nominal_srate48000_p0_olifant_combinatie.wav",5.859875,3.2,2800,NA,NA,NA,NA,NA,NA,NA,NA,0.00285556393866951,NA,NA,NA,NA,NA,0.158234428049015,0.819773050930356,NA,NA,16,NA,NA,NA,NA,NA,NA,0.000219919249023315,NA,NA,NA,NA,NA,NA,NA,NA,NA,NA,NA,NA,NA,NA,NA,NA,NA,NA,NA,NA,NA,NA,NA,NA,NA,NA,NA,NA,FALSE
"E:/charade_experiment_WORKSPACE/xdf_procedure/data/Data_processed/Data_trials/Audio_48/0_1_pr_19_Mic_nominal_srate48000_p0_olifant_combinatie.wav",5.859875,3.2,2850,NA,NA,NA,NA,NA,NA,NA,NA,0.00275782200568977,NA,NA,NA,NA,NA,0.175713848293222,0.807122830511298,NA,NA,16,NA,NA,NA,NA,NA,NA,0.0146656430893136,NA,NA,NA,NA,NA,NA,NA,NA,NA,NA,NA,NA,NA,NA,NA,NA,NA,NA,NA,NA,NA,NA,NA,NA,NA,NA,NA,NA,FALSE
"E:/charade_experiment_WORKSPACE/xdf_procedure/data/Data_processed/Data_trials/Audio_48/0_1_pr_19_Mic_nominal_srate48000_p0_olifant_combinatie.wav",5.859875,3.2,2900,NA,NA,NA,NA,NA,NA,NA,NA,0.00196225358092036,NA,NA,NA,NA,NA,0.193388474824614,0.761836858272233,NA,NA,16,NA,NA,NA,NA,NA,NA,0.023556220534672,NA,NA,NA,NA,NA,NA,NA,NA,NA,NA,NA,NA,NA,NA,NA,NA,NA,NA,NA,NA,NA,NA,NA,NA,NA,NA,NA,NA,FALSE
"E:/charade_experiment_WORKSPACE/xdf_procedure/data/Data_processed/Data_trials/Audio_48/0_1_pr_19_Mic_nominal_srate48000_p0_olifant_combinatie.wav",5.859875,3.2,2950,0.21833835986919,NA,15.6494845292978,NA,49.407114624506,NA,-14.033549654822,NA,0.0599322485979154,0.0599322485979154,NA,NA,160.084341650859,NA,0.233412652849882,0.754010238930495,NA,NA,17,555.35,210.775932586464,1469.2,509.898563266644,3576.51,391.980152166288,0.210135671886258,NA,NA,NA,NA,NA,NA,NA,2.19877361567619,NA,-0.149051886004196,NA,390,NA,NA,410,NA,670,NA,1800,NA,20.7731924394626,NA,2540.25454344149,NA,-1.19511284349193,NA,NA,NA,FALSE
"E:/charade_experiment_WORKSPACE/xdf_procedure/data/Data_processed/Data_trials/Audio_48/0_1_pr_19_Mic_nominal_srate48000_p0_olifant_combinatie.wav",5.859875,3.2,3000,0.221922071056844,0.221922071056844,15.6078251068721,15.6078251068721,37.856829161177,37.856829161177,-15.309711721736,-15.309711721736,0.228454574430403,0.228454574430403,0.228454574430403,10.4416854408584,405.027362359667,405.027362359667,0.0376662245735816,0.48327062012365,0.48327062012365,0.0376662245735816,18,418.25,41.9579734017116,931.26,193.953684315843,3049.81,597.073055657253,0.653489542954524,0.0311439061907586,5.63211956432325,NA,-3.85384268361824,5067.65242101589,18.8305108966831,18.8305108966831,11.0251393457455,11.0251393457455,-0.115411037056597,-0.115411037056597,410,410,405.265242101589,400,400,410,410,780,780,16.9775934218034,16.9775934218034,874.352301763673,874.352301763673,-1.94698858139027,-1.94698858139027,0.0409453325383569,2,TRUE
"E:/charade_experiment_WORKSPACE/xdf_procedure/data/Data_processed/Data_trials/Audio_48/0_1_pr_19_Mic_nominal_srate48000_p0_olifant_combinatie.wav",5.859875,3.2,3050,0.211304215386887,0.211304215386887,15.0962390044936,15.0962390044936,NA,NA,NA,NA,0.331083661442792,0.331083661442792,0.331083661442792,17.215631181074,409.193678574337,409.193678574337,0.0276142111267385,0.360901894797148,0.360901894797148,0.0276142111267385,19,419.31,31.0382659268597,928.79,158.486691608623,2758.88,399.347320816038,0.325563900327755,0.0254574284158915,5.55391920585027,NA,-4.37024391717524,8334.09074260477,30.223898547452,30.223898547452,14.3412169812293,14.3412169812293,-0.259572070001855,-0.259572070001855,410,410,409.20105770375,410,410,410,410,760,760,17.0903278355091,17.0903278355091,780.285769997807,780.285769997807,-1.40666401914951,-1.40666401914951,0.0295224763261896,2,TRUE
"E:/charade_experiment_WORKSPACE/xdf_procedure/data/Data_processed/Data_trials/Audio_48/0_1_pr_19_Mic_nominal_srate48000_p0_olifant_combinatie.wav",5.859875,3.2,3100,0.176543696058994,0.176543696058994,13.7857775461953,13.7857775461953,NA,NA,NA,NA,0.307613273706707,0.307613273706707,0.307613273706707,17.7973293285816,406.696572997524,406.696572997524,0.0459674355945123,0.412785476650494,0.412785476650494,0.0459674355945123,19,421.4,52.7443249029677,885.89,122.471724815605,2762.85,398.405886504657,0.0127687336879575,0.0215524533241463,5.47571884737729,NA,-2.73804138205802,8334.09074260477,27.4384125549925,27.4384125549925,14.0529901824262,14.0529901824262,-0.37469165457301,-0.37469165457301,410,410,406.616152366932,400,400,410,410,810,810,17.2749521834874,17.2749521834874,953.798494296818,953.798494296818,-1.28992853766125,-1.28992853766125,0.0180487733086991,2,TRUE
"E:/charade_experiment_WORKSPACE/xdf_procedure/data/Data_processed/Data_trials/Audio_48/0_1_pr_19_Mic_nominal_srate48000_p0_olifant_combinatie.wav",5.859875,3.2,3150,0.1417831767311,0.1417831767311,12.4753160878969,12.4753160878969,NA,NA,NA,NA,0.228772492435243,0.228772492435243,0.228772492435243,14.8543631459136,400.799124861027,400.799124861027,0.00765308424115313,0.358890946604673,0.358890946604673,0.00765308424115313,19,417.13,89.8012381035762,823.2,72.3641313012697,1305.82,182.169396631519,0.0529043924052364,0.0179915659206881,5.39751848890431,NA,-1.12340119697115,8598.6419123332,30.3084109113091,30.3084109113091,12.2956688128725,12.2956688128725,0.17420500896876,0.17420500896876,400,400,399.928521701748,400,400,410,410,800,800,17.9987510385108,17.9987510385108,755.809400619893,755.809400619893,-2.30149592618117,-2.30149592618117,0.0336506624217701,2,TRUE
"E:/charade_experiment_WORKSPACE/xdf_procedure/data/Data_processed/Data_trials/Audio_48/0_1_pr_19_Mic_nominal_srate48000_p0_olifant_combinatie.wav",5.859875,3.2,3200,0.107022657403206,0.107022657403206,11.1648546295985,11.1648546295985,NA,NA,NA,NA,0.170519309995478,0.170519309995478,0.170519309995478,13.3042178853414,396.996144433792,396.996144433792,0.0660237986441653,0.416827618739323,0.416827618739323,0.0660237986441653,19,421.78,169.068667096995,811.42,81.8180817306516,1255.84,168.396676059364,0.0551642444923981,0.0147303677941252,5.31931813043133,NA,0.67662027498657,NA,32.5480301879216,32.5480301879216,10.3144938973888,10.3144938973888,-0.299419924625546,-0.299419924625546,400,400,397.058033642917,400,400,780,780,800,800,18.7225498935342,18.7225498935342,1173.98816170051,1173.98816170051,-1.07774394395384,-1.07774394395384,0.0280953487421704,2,TRUE
"E:/charade_experiment_WORKSPACE/xdf_procedure/data/Data_processed/Data_trials/Audio_48/0_1_pr_19_Mic_nominal_srate48000_p0_olifant_combinatie.wav",5.859875,3.2,3250,0.0754377508964675,0.0754377508964675,10.1795626278589,10.1795626278589,NA,NA,NA,NA,0.136581831003688,0.136581831003688,0.136581831003688,12.5393475699809,393.895187691798,393.895187691798,0.0309106633613818,0.402181608763798,0.402181608763798,0.0309106633613818,19,410.39,153.134594839846,797.61,68.3647970718984,1213.81,137.010563543332,0.0160037998077147,0.0140599720770206,5.24111777195835,NA,0.544419970563646,6499.27801476474,29.0001948982358,29.0001948982358,9.38488246493267,9.38488246493267,-0.214833647315774,-0.214833647315774,390,390,393.877001054624,390,390,760,760,790,790,18.4199288475118,18.4199288475118,899.710063602355,899.710063602355,-1.37879339867635,-1.37879339867635,0.0486506845095306,2,TRUE
"E:/charade_experiment_WORKSPACE/xdf_procedure/data/Data_processed/Data_trials/Audio_48/0_1_pr_19_Mic_nominal_srate48000_p0_olifant_combinatie.wav",5.859875,3.2,3300,0.0692577469589735,0.0692577469589735,11.7956262785888,11.7956262785888,NA,NA,NA,NA,0.118018064955542,0.118018064955542,0.118018064955542,12.4947232155692,390.958745823134,390.958745823134,0.0098176211621574,0.407288981572634,0.407288981572634,0.0098176211621574,19,434.49,539.654402175836,777.11,115.766690851245,1222.22,283.578910520693,0.0482646724876478,0.015494603317601,5.16291741348537,NA,1.68126557237674,6049.83328830346,27.4363046681017,27.4363046681017,8.6112635363347,8.6112635363347,0.110064466891557,0.110064466891557,780,780,390.371791407958,390,390,770,770,790,790,17.954013726323,17.954013726323,837.144710466184,837.144710466184,-1.98935639438231,-1.98935639438231,0.0259047942899596,2,TRUE
"E:/charade_experiment_WORKSPACE/xdf_procedure/data/Data_processed/Data_trials/Audio_48/0_1_pr_19_Mic_nominal_srate48000_p0_olifant_combinatie.wav",5.859875,3.2,3350,0.0630777430214795,0.0630777430214795,13.4116899293187,13.4116899293187,NA,NA,NA,NA,0.0956867760240828,0.0956867760240828,0.0956867760240828,12.4307346093336,389.835971211106,389.835971211106,0.0287446152158055,0.40464662960529,0.40464662960529,0.0287446152158055,19,770.11,86.1413283084296,1214.45,277.693708747994,2046.85,521.471498302972,0.0432664123754649,0.0183228949721475,5.08471705501239,NA,2.94049039401646,6434.8469235393,26.8441192246294,26.8441192246294,7.75088124352235,7.75088124352235,-0.473255105051571,-0.473255105051571,780,780,389.989065967093,400,400,780,780,790,790,17.5628795772328,17.5628795772328,945.109423153749,945.109423153749,-1.24968591308978,-1.24968591308978,0.235650116275655,4,TRUE
"E:/charade_experiment_WORKSPACE/xdf_procedure/data/Data_processed/Data_trials/Audio_48/0_1_pr_19_Mic_nominal_srate48000_p0_olifant_combinatie.wav",5.859875,3.2,3400,0.0568977390839856,0.0568977390839856,15.0277535800486,15.0277535800486,91.6117698726395,91.6117698726395,-24.2265630602383,-24.2265630602383,0.0855627766872448,0.0855627766872448,0.0855627766872448,11.6252954092424,387.005942990391,387.005942990391,0.0413688800718498,0.46141133945209,0.46141133945209,0.0413688800718498,19,765.89,111.080566475109,1394.72,495.458962776666,4362.24,573.028834273752,0.0822946995779816,0.0222069899706076,5.00651669653942,NA,3.73449435500335,NA,25.3323921050099,25.3323921050099,7.33337606930263,7.33337606930263,0.268636536509917,0.268636536509917,770,770,387.052160792763,390,390,770,770,880,880,17.2199912165932,17.2199912165932,1079.66268874941,1079.66268874941,-1.41259715770055,-1.41259715770055,0.0969291013960239,5,TRUE
"E:/charade_experiment_WORKSPACE/xdf_procedure/data/Data_processed/Data_trials/Audio_48/0_1_pr_19_Mic_nominal_srate48000_p0_olifant_combinatie.wav",5.859875,3.2,3450,0.0507177351464916,0.0507177351464916,16.6438172307785,16.6438172307785,100.702678963548,100.702678963548,-25.2433508289722,-25.2433508289722,0.0843617056347121,0.0843617056347121,0.0843617056347121,13.3928290586431,386.188757538291,386.188757538291,0.0263891967219904,0.44277186653136,0.44277186653136,0.0263891967219904,19,765.3,66.5308084624012,1334.35,528.110373646148,4263.48,573.637869930812,0.0643576340163212,0.0250535246588408,5,NA,4.29088496383309,5598.10622764022,25.8358722833167,25.8358722833167,7.6121322497546,7.6121322497546,-0.398398016516124,-0.398398016516124,770,770,386.092185636685,400,400,770,770,790,790,16.9121049194512,16.9121049194512,1015.39867274235,1015.39867274235,-1.66626280885928,-1.66626280885928,0.049647561576801,5,TRUE
"E:/charade_experiment_WORKSPACE/xdf_procedure/data/Data_processed/Data_trials/Audio_48/0_1_pr_19_Mic_nominal_srate48000_p0_olifant_combinatie.wav",5.859875,3.2,3500,0.051876049062343,0.051876049062343,16.2359177875137,16.2359177875137,114.141414141414,114.141414141414,-26.080804408645,-26.080804408645,0.0891325923205769,0.0891325923205769,0.0891325923205769,15.2139136134225,388.138836422554,388.138836422554,0.0500691726390565,0.492931954378469,0.492931954378469,0.0500691726390565,19,769.6,76.5721662976769,1371.71,446.611780407306,1785.12,540.941566629407,0.0781930429656991,0.0271676638339727,5,NA,5.41268971636446,NA,25.7026886497644,25.7026886497644,7.56649333488086,7.56649333488086,0.211024333644627,0.211024333644627,780,780,388.206753290953,740,740,780,780,1160,1160,16.6683890720546,16.6683890720546,1259.5712078476,1259.5712078476,-1.43978130209654,-1.43978130209654,0.0233108994467111,4,TRUE
"E:/charade_experiment_WORKSPACE/xdf_procedure/data/Data_processed/Data_trials/Audio_48/0_1_pr_19_Mic_nominal_srate48000_p0_olifant_combinatie.wav",5.859875,3.2,3550,0.0543105921700804,0.0543105921700804,15.4760247626846,15.4760247626846,127.580149319279,127.580149319279,-26.7919085686254,-26.7919085686254,0.103518332646037,0.103518332646037,0.103518332646037,12.8445128704827,389.569215755332,389.569215755332,0.0110351369941546,0.401835913606387,0.401835913606387,0.0110351369941546,19,773.15,50.9328842219176,1273.61,278.028597000002,1844.12,278.051139644494,0.064941853495224,0.0282504722160767,5,NA,5.46065554439278,7203.73108735517,28.9330187331782,28.9330187331782,8.38611239999213,8.38611239999213,-0.225492515647881,-0.225492515647881,780,780,389.295692959698,760,760,780,780,920,920,16.514799126752,16.514799126752,974.515945098611,974.515945098611,-1.7861105041973,-1.7861105041973,0.0488522681166745,5,TRUE
"E:/charade_experiment_WORKSPACE/xdf_procedure/data/Data_processed/Data_trials/Audio_48/0_1_pr_19_Mic_nominal_srate48000_p0_olifant_combinatie.wav",5.859875,3.2,3600,0.0567451352778179,0.0567451352778179,14.7161317378555,14.7161317378555,141.018884497145,141.018884497145,-26.3405980674359,-26.3405980674359,0.10490070567342,0.10490070567342,0.10490070567342,14.9045024806572,390.846020536049,390.846020536049,0.03691245874275,0.444932680548591,0.444932680548591,0.03691245874275,19,779.31,40.2454481098001,1295.41,294.650871616168,1912.45,482.586742224076,0.0982933293135798,0.0286555489341909,5,NA,5.73385241814223,NA,23.4749232421584,23.4749232421584,7.96692974459055,7.96692974459055,-0.462587512933064,-0.462587512933064,780,780,390.698131209694,760,760,780,780,810,810,17.1903674807124,17.1903674807124,1074.15926469632,1074.15926469632,-1.23015684441426,-1.23015684441426,0.0401979247324991,3,TRUE
"E:/charade_experiment_WORKSPACE/xdf_procedure/data/Data_processed/Data_trials/Audio_48/0_1_pr_19_Mic_nominal_srate48000_p0_olifant_combinatie.wav",5.859875,3.2,3650,0.0591796783855554,0.0591796783855554,13.9562387130264,13.9562387130264,154.457619675012,154.457619675012,-25.8892875662465,-25.8892875662465,0.0985049307173934,0.0985049307173934,0.0985049307173934,12.7450845632218,384.268164189361,384.268164189361,0.0253924659107771,0.412410815850522,0.412410815850522,0.0253924659107771,20,763.95,30.4312079907712,1210.29,189.643619377774,1987.41,381.646773293937,0.237751167876727,0.0291126518816134,5,NA,6.34456998058643,5954.50132084588,27.3338434942445,27.3338434942445,7.65224013243709,7.65224013243709,0.883503181305836,0.883503181305836,770,770,384.192409295837,750,750,770,770,790,790,17.8659358346729,17.8659358346729,1013.13471636949,1013.13471636949,-1.38575181819038,-1.38575181819038,0.0338459870259477,2,TRUE
"E:/charade_experiment_WORKSPACE/xdf_procedure/data/Data_processed/Data_trials/Audio_48/0_1_pr_19_Mic_nominal_srate48000_p0_olifant_combinatie.wav",5.859875,3.2,3700,0.0600845920036934,0.0600845920036934,13.1392922949697,13.1392922949697,149.956082564779,149.956082564779,-24.9911638361212,-24.9911638361212,0.0995571947009787,0.0995571947009787,0.0995571947009787,12.869485581354,386.916309702339,386.916309702339,0.0402402821347213,0.431119322194806,0.431119322194806,0.0402402821347213,20,769.09,40.3776939722334,1245,252.560288378028,3212.86,596.644336219527,0.147455213731712,0.0296015486358356,5,NA,5.83155365626732,NA,26.9875306731265,26.9875306731265,7.87745661148279,7.87745661148279,-0.301680453067788,-0.301680453067788,770,770,386.86250566898,760,760,770,770,810,810,18.1039919837768,18.1039919837768,1114.17283835164,1114.17283835164,-1.27541902740675,-1.27541902740675,0.074533378023478,3,TRUE
"E:/charade_experiment_WORKSPACE/xdf_procedure/data/Data_processed/Data_trials/Audio_48/0_1_pr_19_Mic_nominal_srate48000_p0_olifant_combinatie.wav",5.859875,3.2,3750,0.0599378853477318,0.0599378853477318,12.2831216690688,12.2831216690688,NA,NA,NA,NA,0.0978369043973958,0.0978369043973958,0.0978369043973958,13.5957080856745,386.523035012799,386.523035012799,0.0392473770985938,0.424716452770198,0.424716452770198,0.0392473770985938,20,767.84,49.6340345693771,1257.61,264.309151716122,2180.13,481.092564656526,0.0106104116049031,0.0311969490661711,5,NA,5.79736499034343,5218.08349865357,29.1125061774773,29.1125061774773,7.91187022320101,7.91187022320101,-0.41221054833914,-0.41221054833914,770,770,386.643954423052,760,760,770,770,880,880,18.2606505133725,18.2606505133725,1152.49065430066,1152.49065430066,-1.33812098259208,-1.33812098259208,0.0519902412007038,3,TRUE
"E:/charade_experiment_WORKSPACE/xdf_procedure/data/Data_processed/Data_trials/Audio_48/0_1_pr_19_Mic_nominal_srate48000_p0_olifant_combinatie.wav",5.859875,3.2,3800,0.0597911786917703,0.0597911786917703,11.426951043168,11.426951043168,NA,NA,NA,NA,0.0939779715453039,0.0939779715453039,0.0939779715453039,14.7885919933658,386.856647146293,386.856647146293,0.0286858064103854,0.444250887173048,0.444250887173048,0.0286858064103854,20,771.45,56.416691901109,1353.93,330.761384644882,2281.72,571.554257088432,0.0114937960751518,0.0334203650964629,5,NA,5.8072952371009,NA,27.1754629366121,27.1754629366121,7.67336248193897,7.67336248193897,-0.416602776373243,-0.416602776373243,770,770,386.917309756683,750,750,770,770,1130,1130,17.9868411171498,17.9868411171498,1128.54187495977,1128.54187495977,-1.53209680120745,-1.53209680120745,0.0442409365225164,2,TRUE
"E:/charade_experiment_WORKSPACE/xdf_procedure/data/Data_processed/Data_trials/Audio_48/0_1_pr_19_Mic_nominal_srate48000_p0_olifant_combinatie.wav",5.859875,3.2,3850,0.0596444720358087,0.0596444720358087,10.5707804172672,10.5707804172672,NA,NA,NA,NA,0.095334176365409,0.095334176365409,0.095334176365409,14.3432627372005,384.919819305607,384.919819305607,0.0150604725677659,0.430278694302451,0.430278694302451,0.0150604725677659,20,768.17,59.846890764591,1383.78,310.790894623521,2246.64,450.275537001383,0.010665502671501,0.0365457099969381,5,NA,6.13153584422861,8666.64372846249,26.9273166537446,26.9273166537446,7.83867562740474,7.83867562740474,-0.244383103372099,-0.244383103372099,770,770,385.082186423124,760,760,770,770,850,850,17.4117041728541,17.4117041728541,1010.74148887102,1010.74148887102,-1.85647960165742,-1.85647960165742,0.00993417986655671,2,TRUE
"E:/charade_experiment_WORKSPACE/xdf_procedure/data/Data_processed/Data_trials/Audio_48/0_1_pr_19_Mic_nominal_srate48000_p0_olifant_combinatie.wav",5.859875,3.2,3900,0.0659758589724943,0.0659758589724943,10,10,NA,NA,NA,NA,0.0932674045079769,0.0932674045079769,0.0932674045079769,15.2300033723577,380.983656122157,380.983656122157,0.0208425888681468,0.425613881377605,0.425613881377605,0.0208425888681468,20,758.41,31.0008360597032,1254.61,276.36722711964,1921.45,428.692280005453,0.00786578325151877,0.0401457543027729,5.04350651438293,NA,7.362857954618,NA,26.2031325381549,26.2031325381549,7.81516893451584,7.81516893451584,-0.125265035439772,-0.125265035439772,760,760,380.671096088295,750,750,760,760,1110,1110,17.2102127332152,17.2102127332152,1043.66729345418,1043.66729345418,-1.36455653666719,-1.36455653666719,0.0315504811949841,3,TRUE
"E:/charade_experiment_WORKSPACE/xdf_procedure/data/Data_processed/Data_trials/Audio_48/0_1_pr_19_Mic_nominal_srate48000_p0_olifant_combinatie.wav",5.859875,3.2,3950,0.0852634330944748,0.0852634330944748,10,10,NA,NA,NA,NA,0.083270557455645,0.083270557455645,0.083270557455645,16.6188010316305,373.73739275352,373.73739275352,0.0274838216809137,0.447829155679839,0.447829155679839,0.0274838216809137,20,745.01,21.2327263980693,1224.95,230.039424798577,1860.76,316.219446700754,0.0741424606242702,0.0455013369394217,5.17402605753173,NA,7.86919550807975,5045.88907793206,23.2549557980863,23.2549557980863,6.97500160274056,6.97500160274056,0.293441379115074,0.293441379115074,750,750,373.717188902915,740,740,750,750,900,900,17.75601230289,17.75601230289,1050.94742378406,1050.94742378406,-1.3208893733578,-1.3208893733578,0.00778456630917135,2,TRUE
"E:/charade_experiment_WORKSPACE/xdf_procedure/data/Data_processed/Data_trials/Audio_48/0_1_pr_19_Mic_nominal_srate48000_p0_olifant_combinatie.wav",5.859875,3.2,4000,0.104551007216455,0.104551007216455,10,10,NA,NA,NA,NA,0.0694667322954743,0.0694667322954743,0.0694667322954743,16.2991143269561,379.0117472498,379.0117472498,0.017804836234867,0.424368905479038,0.424368905479038,0.017804836234867,20,756.68,21.121731646802,1218.72,256.066077972755,1904.03,425.091910339614,0.0514669811923121,0.0517121818398003,5.30454560068053,NA,7.45606898734853,4740.81567747562,23.4357042555252,23.4357042555252,6.53494665033535,6.53494665033535,-0.291713745035893,-0.291713745035893,760,760,379.081567747562,750,750,760,760,780,780,18.336193707092,18.336193707092,1009.43673437132,1009.43673437132,-1.32172981405359,-1.32172981405359,0,NA,TRUE
"E:/charade_experiment_WORKSPACE/xdf_procedure/data/Data_processed/Data_trials/Audio_48/0_1_pr_19_Mic_nominal_srate48000_p0_olifant_combinatie.wav",5.859875,3.2,4050,0.123838581338436,0.123838581338436,10,10,NA,NA,NA,NA,0.0485399732439716,0.0485399732439716,0.0485399732439716,8.77307397206743,369.917158956592,369.917158956592,0.0112896120786511,0.588009697063262,0.588009697063262,0.0112896120786511,21,715.62,41.9532739620892,1087.75,396.601364925527,1517.72,447.41455599,0.332382598339151,0.0622097652607995,5.43506514382933,NA,8.87508895753462,NA,5.90105036854409,5.90105036854409,4.86227678654675,4.86227678654675,-0.0944658759304463,-0.0944658759304463,740,740,363.664587184475,660,660,740,740,970,970,19.3203616669886,19.3203616669886,942.651349382037,942.651349382037,-1.8094964966096,-1.8094964966096,0.0542209225258424,4,TRUE
"E:/charade_experiment_WORKSPACE/xdf_procedure/data/Data_processed/Data_trials/Audio_48/0_1_pr_19_Mic_nominal_srate48000_p0_olifant_combinatie.wav",5.859875,3.2,4100,0.14362641470434,0.14362641470434,10.0530274854671,10.0530274854671,87.2419850680721,87.2419850680721,-17.1411496543769,-17.1411496543769,0.0619255783368839,0.0619255783368839,0.0619255783368839,1.35334280022645,340.19195584557,340.19195584557,0.0335086497625899,0.625990632308641,0.625990632308641,0.0335086497625899,21,640.06,164.167242783167,969.74,187.690684378539,1401.1,582.717956612106,0.0106116129958993,0.0746363810160782,5.56558468697812,NA,7.54861990952822,NA,NA,NA,3.71977391119368,3.71977391119368,0.067994065601101,0.067994065601101,710,710,351.807214159501,530,530,740,740,980,980,20.3045296268852,20.3045296268852,1013.83361383641,1013.83361383641,-1.42778596144277,-1.42778596144277,0.469592176892441,3,TRUE
"E:/charade_experiment_WORKSPACE/xdf_procedure/data/Data_processed/Data_trials/Audio_48/0_1_pr_19_Mic_nominal_srate48000_p0_olifant_combinatie.wav",5.859875,3.2,4150,0.169667488619293,0.169667488619293,10.7688985392737,10.7688985392737,82.1695212999561,82.1695212999561,-14.9740674237346,-14.9740674237346,0.0712926819969279,0.0712926819969279,0.0712926819969279,6.08504188630147,190.180834865625,190.180834865625,0.0622653670320277,0.706410378705529,0.706410378705529,0.0622653670320277,22,731.76,234.005577830045,1274.64,324.812284779011,4280,501.865643813466,0.250738347448388,0.089681820439748,5.69610423012692,NA,5.71473269314138,1583.614428319,6.03039711612083,6.03039711612083,9.98603150718886,9.98603150718886,-0.5907238543915,-0.5907238543915,710,710,351.807214159501,560,560,800,800,1360,1360,23.4802455583988,23.4802455583988,1776.175676488,1776.175676488,-2.9817009201994,-2.9817009201994,0.186555299080053,2,TRUE
"E:/charade_experiment_WORKSPACE/xdf_procedure/data/Data_processed/Data_trials/Audio_48/0_1_pr_19_Mic_nominal_srate48000_p0_olifant_combinatie.wav",5.859875,3.2,4200,0.195708562534247,NA,11.4847695930803,NA,77.6899429073343,NA,-12.5528786663943,NA,0.0492618736640521,0.0492618736640521,NA,NA,190.180834865625,NA,0.153675812096018,0.853811452864668,NA,NA,23,957.81,325.891560058911,1743.96,209.736848158097,4391.48,472.584095022139,0.430845351886546,NA,NA,NA,NA,NA,NA,NA,7.43245038656722,NA,0.573152206728119,NA,1770,NA,NA,1040,NA,1900,NA,5120,NA,27.1255789124018,NA,3529.11683350819,NA,-2.79738840108408,NA,NA,NA,FALSE
"E:/charade_experiment_WORKSPACE/xdf_procedure/data/Data_processed/Data_trials/Audio_48/0_1_pr_19_Mic_nominal_srate48000_p0_olifant_combinatie.wav",5.859875,3.2,4250,0.221749636449201,NA,12.2006406468868,NA,68.1159420289855,NA,-11.3269761687477,NA,0.0296406031274613,0.0296406031274613,NA,NA,126.770386185013,NA,0.114977554648556,0.829574892535946,NA,NA,23,765.97,495.845510850611,1618.43,183.214483349787,2495.66,491.904931214754,0.0834780393458527,NA,NA,NA,NA,NA,NA,NA,5.81848864670511,NA,-0.295206634428728,NA,580,NA,NA,760,NA,1650,NA,4460,NA,27.7184233616845,NA,3078.36583399765,NA,-2.98004779963502,NA,NA,NA,FALSE
"E:/charade_experiment_WORKSPACE/xdf_procedure/data/Data_processed/Data_trials/Audio_48/0_1_pr_19_Mic_nominal_srate48000_p0_olifant_combinatie.wav",5.859875,3.2,4300,NA,NA,NA,NA,NA,NA,NA,NA,0.0165866644231092,NA,NA,NA,NA,NA,0.12589497006627,0.822593905325697,NA,NA,23,NA,NA,NA,NA,NA,NA,0.00825839473928824,NA,NA,NA,NA,NA,NA,NA,NA,NA,NA,NA,NA,NA,NA,NA,NA,NA,NA,NA,NA,NA,NA,NA,NA,NA,NA,NA,NA,FALSE
"E:/charade_experiment_WORKSPACE/xdf_procedure/data/Data_processed/Data_trials/Audio_48/0_1_pr_19_Mic_nominal_srate48000_p0_olifant_combinatie.wav",5.859875,3.2,4350,NA,NA,NA,NA,NA,NA,NA,NA,0.0115878120561304,NA,NA,NA,NA,NA,0.109267424209632,0.808239458395481,NA,NA,23,NA,NA,NA,NA,NA,NA,0.000213340837389331,NA,NA,NA,NA,NA,NA,NA,NA,NA,NA,NA,NA,NA,NA,NA,NA,NA,NA,NA,NA,NA,NA,NA,NA,NA,NA,NA,NA,FALSE
"E:/charade_experiment_WORKSPACE/xdf_procedure/data/Data_processed/Data_trials/Audio_48/0_1_pr_19_Mic_nominal_srate48000_p0_olifant_combinatie.wav",5.859875,3.2,4400,NA,NA,NA,NA,NA,NA,NA,NA,0.0068432266335807,NA,NA,NA,NA,NA,0.111993172797128,0.797936144898422,NA,NA,23,NA,NA,NA,NA,NA,NA,0.000864747882727279,NA,NA,NA,NA,NA,NA,NA,NA,NA,NA,NA,NA,NA,NA,NA,NA,NA,NA,NA,NA,NA,NA,NA,NA,NA,NA,NA,NA,FALSE
"E:/charade_experiment_WORKSPACE/xdf_procedure/data/Data_processed/Data_trials/Audio_48/0_1_pr_19_Mic_nominal_srate48000_p0_olifant_combinatie.wav",5.859875,3.2,4450,NA,NA,NA,NA,NA,NA,NA,NA,0.00360291903073336,NA,NA,NA,NA,NA,0.126379241781924,0.803201150132599,NA,NA,23,NA,NA,NA,NA,NA,NA,0.00345030924837364,NA,NA,NA,NA,NA,NA,NA,NA,NA,NA,NA,NA,NA,NA,NA,NA,NA,NA,NA,NA,NA,NA,NA,NA,NA,NA,NA,NA,FALSE
"E:/charade_experiment_WORKSPACE/xdf_procedure/data/Data_processed/Data_trials/Audio_48/0_1_pr_19_Mic_nominal_srate48000_p0_olifant_combinatie.wav",5.859875,3.2,4500,NA,NA,NA,NA,NA,NA,NA,NA,0.00215104030074076,NA,NA,NA,NA,NA,0.142205996195945,0.800300117599024,NA,NA,23,NA,NA,NA,NA,NA,NA,0.00497175491790192,NA,NA,NA,NA,NA,NA,NA,NA,NA,NA,NA,NA,NA,NA,NA,NA,NA,NA,NA,NA,NA,NA,NA,NA,NA,NA,NA,NA,FALSE
"E:/charade_experiment_WORKSPACE/xdf_procedure/data/Data_processed/Data_trials/Audio_48/0_1_pr_19_Mic_nominal_srate48000_p0_olifant_combinatie.wav",5.859875,3.2,4550,NA,NA,NA,NA,NA,NA,NA,NA,0.00732719079640888,NA,NA,NA,NA,NA,0.169799873129385,0.77942917089838,NA,NA,23,NA,NA,NA,NA,NA,NA,0.0153869762165186,NA,NA,NA,NA,NA,NA,NA,NA,NA,NA,NA,NA,NA,NA,NA,NA,NA,NA,NA,NA,NA,NA,NA,NA,NA,NA,NA,NA,FALSE
"E:/charade_experiment_WORKSPACE/xdf_procedure/data/Data_processed/Data_trials/Audio_48/0_1_pr_19_Mic_nominal_srate48000_p0_olifant_combinatie.wav",5.859875,3.2,4600,0.171378514640082,0.171378514640082,18.5872733806124,18.5872733806124,83.6627140974967,83.6627140974967,-17.5540871231259,-17.5540871231259,0.0357872567277594,0.0357872567277594,0.0357872567277594,7.18602912704303,309.499091545224,309.499091545224,0.0221076282253734,0.500677164990781,0.500677164990781,0.0221076282253734,23,348.19,76.3338375756493,1579.56,423.676780561671,2298.88,121.340030149192,0.00425889310798877,0.136523471695525,6.04475049934782,NA,-3.97348109972342,2606.03900262839,10.2039273954741,10.2039273954741,2.97672793616445,2.97672793616445,0.139725823594483,0.139725823594483,310,310,306.839833771398,290,290,320,320,490,490,21.0122382346537,21.0122382346537,794.048494079802,794.048494079802,-1.11964704518679,-1.11964704518679,0.103675101753222,5,TRUE
"E:/charade_experiment_WORKSPACE/xdf_procedure/data/Data_processed/Data_trials/Audio_48/0_1_pr_19_Mic_nominal_srate48000_p0_olifant_combinatie.wav",5.859875,3.2,4650,0.211381192264348,0.211381192264348,16.3641394305357,16.3641394305357,106.060606060606,106.060606060606,-19.7995869451692,-19.7995869451692,0.0350695488359694,0.0350695488359694,0.0350695488359694,8.32640960481615,267.583843571643,267.583843571643,0.0153397749382909,0.504104390276325,0.504104390276325,0.0153397749382909,23,322.65,115.748116352005,1515.08,109.23528368704,2386.72,58.5278553393923,0.0167121062077502,0.148437114785335,6.00136907005067,NA,-3.44865989387811,937.827130091043,7.76548823871853,7.76548823871853,3.42847313477646,3.42847313477646,-0.511148938841561,-0.511148938841561,270,270,267.827130091043,250,250,280,280,460,460,22.5498301059291,22.5498301059291,632.650681817116,632.650681817116,-1.43108345471777,-1.43108345471777,0.155989128833616,3,TRUE
"E:/charade_experiment_WORKSPACE/xdf_procedure/data/Data_processed/Data_trials/Audio_48/0_1_pr_19_Mic_nominal_srate48000_p0_olifant_combinatie.wav",5.859875,3.2,4700,NA,NA,NA,NA,NA,NA,NA,NA,0.00148642995216115,NA,NA,NA,NA,NA,0.249883789196232,0.823745370030104,NA,NA,24,NA,NA,NA,NA,NA,NA,0.42285855042064,NA,NA,NA,NA,NA,NA,NA,NA,NA,NA,NA,NA,NA,NA,NA,NA,NA,NA,NA,NA,NA,NA,NA,NA,NA,NA,NA,NA,FALSE
"E:/charade_experiment_WORKSPACE/xdf_procedure/data/Data_processed/Data_trials/Audio_48/0_1_pr_19_Mic_nominal_srate48000_p0_olifant_combinatie.wav",5.859875,3.2,4750,NA,NA,NA,NA,NA,NA,NA,NA,0.000544121812407111,NA,NA,NA,NA,NA,0.363267921950688,0.927710039117709,NA,NA,24,NA,NA,NA,NA,NA,NA,0.0581633812656315,NA,NA,NA,NA,NA,NA,NA,NA,NA,NA,NA,NA,NA,NA,NA,NA,NA,NA,NA,NA,NA,NA,NA,NA,NA,NA,NA,NA,FALSE
"E:/charade_experiment_WORKSPACE/xdf_procedure/data/Data_processed/Data_trials/Audio_48/0_1_pr_19_Mic_nominal_srate48000_p0_olifant_combinatie.wav",5.859875,3.2,4800,NA,NA,NA,NA,NA,NA,NA,NA,0.000600571191351099,NA,NA,NA,NA,NA,0.203389584898272,0.724755115482303,NA,NA,25,NA,NA,NA,NA,NA,NA,0.28221602986057,NA,NA,NA,NA,NA,NA,NA,NA,NA,NA,NA,NA,NA,NA,NA,NA,NA,NA,NA,NA,NA,NA,NA,NA,NA,NA,NA,NA,FALSE
"E:/charade_experiment_WORKSPACE/xdf_procedure/data/Data_processed/Data_trials/Audio_48/0_1_pr_19_Mic_nominal_srate48000_p0_olifant_combinatie.wav",5.859875,3.2,4850,NA,NA,NA,NA,NA,NA,NA,NA,0.000597539735819812,NA,NA,NA,NA,NA,0.295850782549311,0.832487916627984,NA,NA,26,NA,NA,NA,NA,NA,NA,0.200318202669951,NA,NA,NA,NA,NA,NA,NA,NA,NA,NA,NA,NA,NA,NA,NA,NA,NA,NA,NA,NA,NA,NA,NA,NA,NA,NA,NA,NA,FALSE
"E:/charade_experiment_WORKSPACE/xdf_procedure/data/Data_processed/Data_trials/Audio_48/0_1_pr_19_Mic_nominal_srate48000_p0_olifant_combinatie.wav",5.859875,3.2,4900,NA,NA,NA,NA,NA,NA,NA,NA,0.000166957011449774,NA,NA,NA,NA,NA,0.347240208962755,0.864641271912873,NA,NA,26,NA,NA,NA,NA,NA,NA,0.00624716086113541,NA,NA,NA,NA,NA,NA,NA,NA,NA,NA,NA,NA,NA,NA,NA,NA,NA,NA,NA,NA,NA,NA,NA,NA,NA,NA,NA,NA,FALSE
"E:/charade_experiment_WORKSPACE/xdf_procedure/data/Data_processed/Data_trials/Audio_48/0_1_pr_19_Mic_nominal_srate48000_p0_olifant_combinatie.wav",5.859875,3.2,4950,NA,NA,NA,NA,NA,NA,NA,NA,0.000137516450989143,NA,NA,NA,NA,NA,0.376841340994636,0.863414980230914,NA,NA,26,NA,NA,NA,NA,NA,NA,0.0007746828574966,NA,NA,NA,NA,NA,NA,NA,NA,NA,NA,NA,NA,NA,NA,NA,NA,NA,NA,NA,NA,NA,NA,NA,NA,NA,NA,NA,NA,FALSE
"E:/charade_experiment_WORKSPACE/xdf_procedure/data/Data_processed/Data_trials/Audio_48/0_1_pr_19_Mic_nominal_srate48000_p0_olifant_combinatie.wav",5.859875,3.2,5000,NA,NA,NA,NA,NA,NA,NA,NA,0.00013668127362053,NA,NA,NA,NA,NA,0.371122126426671,0.860907554184377,NA,NA,26,NA,NA,NA,NA,NA,NA,2.23706594819628e-05,NA,NA,NA,NA,NA,NA,NA,NA,NA,NA,NA,NA,NA,NA,NA,NA,NA,NA,NA,NA,NA,NA,NA,NA,NA,NA,NA,NA,FALSE
"E:/charade_experiment_WORKSPACE/xdf_procedure/data/Data_processed/Data_trials/Audio_48/0_1_pr_19_Mic_nominal_srate48000_p0_olifant_combinatie.wav",5.859875,3.2,5050,NA,NA,NA,NA,NA,NA,NA,NA,0.000136848490471864,NA,NA,NA,NA,NA,0.375105121437509,0.86042137791035,NA,NA,26,NA,NA,NA,NA,NA,NA,1.10365733002604e-05,NA,NA,NA,NA,NA,NA,NA,NA,NA,NA,NA,NA,NA,NA,NA,NA,NA,NA,NA,NA,NA,NA,NA,NA,NA,NA,NA,NA,FALSE
"E:/charade_experiment_WORKSPACE/xdf_procedure/data/Data_processed/Data_trials/Audio_48/0_1_pr_19_Mic_nominal_srate48000_p0_olifant_combinatie.wav",5.859875,3.2,5100,NA,NA,NA,NA,NA,NA,NA,NA,0.000140862007173965,NA,NA,NA,NA,NA,0.396975527943684,0.879505199467742,NA,NA,26,NA,NA,NA,NA,NA,NA,0.000258905610633242,NA,NA,NA,NA,NA,NA,NA,NA,NA,NA,NA,NA,NA,NA,NA,NA,NA,NA,NA,NA,NA,NA,NA,NA,NA,NA,NA,NA,FALSE
"E:/charade_experiment_WORKSPACE/xdf_procedure/data/Data_processed/Data_trials/Audio_48/0_1_pr_19_Mic_nominal_srate48000_p0_olifant_combinatie.wav",5.859875,3.2,5150,NA,NA,NA,NA,NA,NA,NA,NA,0.000147898696588757,NA,NA,NA,NA,NA,0.443361907836488,0.90471920268992,NA,NA,26,NA,NA,NA,NA,NA,NA,0.000638943867177555,NA,NA,NA,NA,NA,NA,NA,NA,NA,NA,NA,NA,NA,NA,NA,NA,NA,NA,NA,NA,NA,NA,NA,NA,NA,NA,NA,NA,FALSE
"E:/charade_experiment_WORKSPACE/xdf_procedure/data/Data_processed/Data_trials/Audio_48/0_1_pr_19_Mic_nominal_srate48000_p0_olifant_combinatie.wav",5.859875,3.2,5200,NA,NA,NA,NA,NA,NA,NA,NA,0.000142557710238805,NA,NA,NA,NA,NA,0.43144625199225,0.883616839134393,NA,NA,26,NA,NA,NA,NA,NA,NA,3.13987156537188e-05,NA,NA,NA,NA,NA,NA,NA,NA,NA,NA,NA,NA,NA,NA,NA,NA,NA,NA,NA,NA,NA,NA,NA,NA,NA,NA,NA,NA,FALSE
"E:/charade_experiment_WORKSPACE/xdf_procedure/data/Data_processed/Data_trials/Audio_48/0_1_pr_19_Mic_nominal_srate48000_p0_olifant_combinatie.wav",5.859875,3.2,5250,NA,NA,NA,NA,NA,NA,NA,NA,0.000135042463763423,NA,NA,NA,NA,NA,0.379364445372041,0.861431279269034,NA,NA,26,NA,NA,NA,NA,NA,NA,0.00104705154392271,NA,NA,NA,NA,NA,NA,NA,NA,NA,NA,NA,NA,NA,NA,NA,NA,NA,NA,NA,NA,NA,NA,NA,NA,NA,NA,NA,NA,FALSE
"E:/charade_experiment_WORKSPACE/xdf_procedure/data/Data_processed/Data_trials/Audio_48/0_1_pr_19_Mic_nominal_srate48000_p0_olifant_combinatie.wav",5.859875,3.2,5300,NA,NA,NA,NA,NA,NA,NA,NA,0.000134117775591248,NA,NA,NA,NA,NA,0.369607074516006,0.859956698415442,NA,NA,26,NA,NA,NA,NA,NA,NA,6.44867040682229e-05,NA,NA,NA,NA,NA,NA,NA,NA,NA,NA,NA,NA,NA,NA,NA,NA,NA,NA,NA,NA,NA,NA,NA,NA,NA,NA,NA,NA,FALSE
"E:/charade_experiment_WORKSPACE/xdf_procedure/data/Data_processed/Data_trials/Audio_48/0_1_pr_19_Mic_nominal_srate48000_p0_olifant_combinatie.wav",5.859875,3.2,5350,NA,NA,NA,NA,NA,NA,NA,NA,0.000133745598611451,NA,NA,NA,NA,NA,0.380056130778368,0.862474090807983,NA,NA,26,NA,NA,NA,NA,NA,NA,7.34074317803035e-05,NA,NA,NA,NA,NA,NA,NA,NA,NA,NA,NA,NA,NA,NA,NA,NA,NA,NA,NA,NA,NA,NA,NA,NA,NA,NA,NA,NA,FALSE
"E:/charade_experiment_WORKSPACE/xdf_procedure/data/Data_processed/Data_trials/Audio_48/0_1_pr_19_Mic_nominal_srate48000_p0_olifant_combinatie.wav",5.859875,3.2,5400,NA,NA,NA,NA,NA,NA,NA,NA,0.000136292724208645,NA,NA,NA,NA,NA,0.382165392743664,0.867521608246224,NA,NA,26,NA,NA,NA,NA,NA,NA,2.64969848839947e-06,NA,NA,NA,NA,NA,NA,NA,NA,NA,NA,NA,NA,NA,NA,NA,NA,NA,NA,NA,NA,NA,NA,NA,NA,NA,NA,NA,NA,FALSE
"E:/charade_experiment_WORKSPACE/xdf_procedure/data/Data_processed/Data_trials/Audio_48/0_1_pr_19_Mic_nominal_srate48000_p0_olifant_combinatie.wav",5.859875,3.2,5450,NA,NA,NA,NA,NA,NA,NA,NA,0.00013568716475767,NA,NA,NA,NA,NA,0.375417648448783,0.863278679147332,NA,NA,26,NA,NA,NA,NA,NA,NA,2.82627765624266e-05,NA,NA,NA,NA,NA,NA,NA,NA,NA,NA,NA,NA,NA,NA,NA,NA,NA,NA,NA,NA,NA,NA,NA,NA,NA,NA,NA,NA,FALSE
"E:/charade_experiment_WORKSPACE/xdf_procedure/data/Data_processed/Data_trials/Audio_48/0_1_pr_19_Mic_nominal_srate48000_p0_olifant_combinatie.wav",5.859875,3.2,5500,NA,NA,NA,NA,NA,NA,NA,NA,0.000132655075939871,NA,NA,NA,NA,NA,0.38029584569591,0.863523851743436,NA,NA,26,NA,NA,NA,NA,NA,NA,1.499846382369e-05,NA,NA,NA,NA,NA,NA,NA,NA,NA,NA,NA,NA,NA,NA,NA,NA,NA,NA,NA,NA,NA,NA,NA,NA,NA,NA,NA,NA,FALSE
"E:/charade_experiment_WORKSPACE/xdf_procedure/data/Data_processed/Data_trials/Audio_48/0_1_pr_19_Mic_nominal_srate48000_p0_olifant_combinatie.wav",5.859875,3.2,5550,NA,NA,NA,NA,NA,NA,NA,NA,0.000133833693585223,NA,NA,NA,NA,NA,0.362056637966437,0.856190661693965,NA,NA,26,NA,NA,NA,NA,NA,NA,0.000241690340790468,NA,NA,NA,NA,NA,NA,NA,NA,NA,NA,NA,NA,NA,NA,NA,NA,NA,NA,NA,NA,NA,NA,NA,NA,NA,NA,NA,NA,FALSE
"E:/charade_experiment_WORKSPACE/xdf_procedure/data/Data_processed/Data_trials/Audio_48/0_1_pr_19_Mic_nominal_srate48000_p0_olifant_combinatie.wav",5.859875,3.2,5600,NA,NA,NA,NA,NA,NA,NA,NA,0.000132519438224278,NA,NA,NA,NA,NA,0.385756191457012,0.862835807251663,NA,NA,26,NA,NA,NA,NA,NA,NA,0.0003869211445231,NA,NA,NA,NA,NA,NA,NA,NA,NA,NA,NA,NA,NA,NA,NA,NA,NA,NA,NA,NA,NA,NA,NA,NA,NA,NA,NA,NA,FALSE
"E:/charade_experiment_WORKSPACE/xdf_procedure/data/Data_processed/Data_trials/Audio_48/0_1_pr_19_Mic_nominal_srate48000_p0_olifant_combinatie.wav",5.859875,3.2,5650,NA,NA,NA,NA,NA,NA,NA,NA,0.000131819994469358,NA,NA,NA,NA,NA,0.388894584420684,0.867310714845621,NA,NA,26,NA,NA,NA,NA,NA,NA,5.16484180446142e-06,NA,NA,NA,NA,NA,NA,NA,NA,NA,NA,NA,NA,NA,NA,NA,NA,NA,NA,NA,NA,NA,NA,NA,NA,NA,NA,NA,NA,FALSE
"E:/charade_experiment_WORKSPACE/xdf_procedure/data/Data_processed/Data_trials/Audio_48/0_1_pr_19_Mic_nominal_srate48000_p0_olifant_combinatie.wav",5.859875,3.2,5700,NA,NA,NA,NA,NA,NA,NA,NA,0.000136696231410233,NA,NA,NA,NA,NA,0.375625789590184,0.869962383190184,NA,NA,26,NA,NA,NA,NA,NA,NA,0.000101982516431454,NA,NA,NA,NA,NA,NA,NA,NA,NA,NA,NA,NA,NA,NA,NA,NA,NA,NA,NA,NA,NA,NA,NA,NA,NA,NA,NA,NA,FALSE
"E:/charade_experiment_WORKSPACE/xdf_procedure/data/Data_processed/Data_trials/Audio_48/0_1_pr_19_Mic_nominal_srate48000_p0_olifant_combinatie.wav",5.859875,3.2,5750,NA,NA,NA,NA,NA,NA,NA,NA,0.000167854348246496,NA,NA,NA,NA,NA,0.335221623146038,0.861346701276422,NA,NA,26,NA,NA,NA,NA,NA,NA,0.00168936383933549,NA,NA,NA,NA,NA,NA,NA,NA,NA,NA,NA,NA,NA,NA,NA,NA,NA,NA,NA,NA,NA,NA,NA,NA,NA,NA,NA,NA,FALSE
"E:/charade_experiment_WORKSPACE/xdf_procedure/data/Data_processed/Data_trials/Audio_48/0_1_pr_19_Mic_nominal_srate48000_p0_olifant_combinatie.wav",5.859875,3.2,5800,NA,NA,NA,NA,NA,NA,NA,NA,0.000164235331615729,NA,NA,NA,NA,NA,0.351732060849157,0.86497985131107,NA,NA,26,NA,NA,NA,NA,NA,NA,0.000364409775811203,NA,NA,NA,NA,NA,NA,NA,NA,NA,NA,NA,NA,NA,NA,NA,NA,NA,NA,NA,NA,NA,NA,NA,NA,NA,NA,NA,NA,FALSE
