TrialID,effort_category,modality_specific_effort_category,COP_tertile,arm_tertile,envelope_tertile
10_2_102_p1,Medium Effort,Medium Effort,2nd,2nd,2nd
10_2_10_p0,High Effort,Medium Effort,2nd,2nd,3rd
10_2_13_p0,Medium Effort,Low Effort,1st,2nd,1st
10_2_21_p1,Medium Effort,Medium Effort,2nd,2nd,2nd
10_2_24_p1,Medium Effort,Medium Effort,2nd,2nd,1st
10_2_27_p1,Medium Effort,Medium Effort,2nd,2nd,1st
10_2_30_p1,Medium Effort,Low Effort,2nd,1st,1st
10_2_33_p1,High Effort,High Effort,3rd,3rd,3rd
10_2_38_p0,Medium Effort,Low Effort,1st,2nd,2nd
10_2_44_p0,Medium Effort,Low Effort,1st,2nd,2nd
10_2_46_p0,High Effort,Medium Effort,2nd,2nd,3rd
10_2_4_p0,Medium Effort,Medium Effort,2nd,2nd,1st
10_2_53_p1,High Effort,High Effort,3rd,3rd,3rd
10_2_56_p1,High Effort,Medium Effort,3rd,1st,3rd
10_2_66_p0,Medium Effort,Low Effort,1st,1st,2nd
10_2_69_p0,Medium Effort,Medium Effort,1st,2nd,3rd
10_2_72_p0,Medium Effort,Medium Effort,1st,2nd,3rd
10_2_75_p0,Medium Effort,Medium Effort,1st,1st,3rd
10_2_78_p0,Medium Effort,Medium Effort,2nd,1st,3rd
10_2_81_p0,Medium Effort,Medium Effort,1st,1st,3rd
10_2_8_p0,Medium Effort,Medium Effort,2nd,2nd,1st
10_2_90_p1,Medium Effort,Medium Effort,2nd,1st,2nd
10_2_94_p1,High Effort,High Effort,3rd,2nd,3rd
10_2_96_p1,Medium Effort,Low Effort,2nd,1st,1st
10_2_99_p1,Medium Effort,Medium Effort,1st,1st,3rd
11_2_102_p1,High Effort,Medium Effort,3rd,2nd,2nd
11_2_105_p1,Medium Effort,Low Effort,2nd,1st,2nd
11_2_109_p1,High Effort,High Effort,3rd,3rd,1st
11_2_12_p0,Medium Effort,Medium Effort,2nd,1st,3rd
11_2_15_p0,Low Effort,Low Effort,1st,1st,1st
11_2_24_p1,Medium Effort,Medium Effort,2nd,1st,2nd
11_2_28_p1,Low Effort,Low Effort,1st,1st,1st
11_2_31_p1,Medium Effort,Low Effort,1st,1st,2nd
11_2_34_p1,Medium Effort,Medium Effort,2nd,1st,3rd
11_2_37_p1,Medium Effort,Medium Effort,2nd,1st,2nd
11_2_3_p0,Low Effort,Low Effort,1st,1st,1st
11_2_44_p0,Medium Effort,Low Effort,2nd,1st,1st
11_2_47_p0,High Effort,Medium Effort,2nd,3rd,2nd
11_2_52_p0,Medium Effort,Low Effort,1st,1st,3rd
11_2_61_p1,High Effort,Medium Effort,2nd,2nd,3rd
11_2_64_p1,Medium Effort,Medium Effort,2nd,2nd,2nd
11_2_6_p0,Medium Effort,Low Effort,1st,1st,2nd
11_2_71_p1,Low Effort,Low Effort,1st,1st,1st
11_2_75_p0,Medium Effort,Medium Effort,2nd,2nd,1st
11_2_78_p0,Medium Effort,Low Effort,2nd,1st,1st
11_2_81_p0,Medium Effort,Low Effort,2nd,1st,1st
11_2_85_p0,Low Effort,Low Effort,1st,1st,1st
11_2_88_p0,Low Effort,Low Effort,1st,1st,1st
11_2_98_p1,Low Effort,Low Effort,1st,1st,1st
11_2_9_p0,Medium Effort,Medium Effort,2nd,1st,2nd
12_2_102_p1,Medium Effort,Low Effort,3rd,1st,1st
12_2_105_p1,High Effort,High Effort,3rd,3rd,3rd
12_2_108_p1,Medium Effort,Medium Effort,2nd,3rd,1st
12_2_10_p0,Low Effort,Low Effort,1st,1st,1st
12_2_12_p0,Medium Effort,Medium Effort,2nd,3rd,1st
12_2_14_p0,Medium Effort,Low Effort,1st,2nd,1st
12_2_16_p0,Low Effort,Low Effort,1st,1st,1st
12_2_23_p1,High Effort,High Effort,3rd,3rd,1st
12_2_26_p1,Medium Effort,Medium Effort,3rd,2nd,1st
12_2_28_p1,Low Effort,Low Effort,1st,1st,1st
12_2_31_p1,High Effort,High Effort,3rd,3rd,1st
12_2_34_p1,Medium Effort,Medium Effort,2nd,3rd,1st
12_2_37_p1,High Effort,High Effort,3rd,3rd,1st
12_2_44_p0,Low Effort,Low Effort,1st,1st,1st
12_2_47_p0,Low Effort,Low Effort,1st,1st,1st
12_2_4_p0,Medium Effort,Low Effort,1st,2nd,1st
12_2_50_p0,Low Effort,Low Effort,1st,1st,1st
12_2_55_p0,Medium Effort,Low Effort,1st,1st,2nd
12_2_58_p0,Low Effort,Low Effort,1st,1st,1st
12_2_65_p1,Low Effort,Low Effort,1st,1st,1st
12_2_68_p1,Medium Effort,Low Effort,1st,1st,2nd
12_2_6_p0,Low Effort,Low Effort,1st,1st,1st
12_2_71_p1,Low Effort,Low Effort,1st,1st,1st
12_2_75_p1,Medium Effort,Low Effort,1st,1st,2nd
12_2_79_p1,Medium Effort,Low Effort,2nd,1st,1st
12_2_86_p0,Medium Effort,Low Effort,2nd,1st,1st
12_2_88_p0,Medium Effort,Low Effort,1st,2nd,1st
12_2_90_p0,Low Effort,Low Effort,1st,1st,1st
12_2_94_p0,Low Effort,Low Effort,1st,1st,1st
13_2_100_p1,Medium Effort,Medium Effort,3rd,2nd,1st
13_2_105_p1,Medium Effort,Low Effort,3rd,1st,1st
13_2_11_p0,Medium Effort,Low Effort,1st,1st,2nd
13_2_14_p0,Medium Effort,Medium Effort,1st,1st,3rd
13_2_17_p0,Medium Effort,Low Effort,1st,1st,2nd
13_2_21_p0,Medium Effort,Low Effort,2nd,1st,1st
13_2_28_p1,High Effort,Medium Effort,2nd,3rd,3rd
13_2_31_p1,High Effort,Medium Effort,2nd,3rd,2nd
13_2_34_p1,Low Effort,Low Effort,1st,1st,1st
13_2_36_p1,Medium Effort,Low Effort,1st,2nd,1st
13_2_39_p1,Medium Effort,Low Effort,2nd,1st,1st
13_2_42_p1,Medium Effort,Medium Effort,1st,2nd,3rd
13_2_45_p1,Medium Effort,Low Effort,1st,2nd,2nd
13_2_51_p0,Medium Effort,Low Effort,1st,1st,2nd
13_2_57_p0,Medium Effort,Medium Effort,2nd,2nd,1st
13_2_59_p0,Low Effort,Low Effort,1st,1st,1st
13_2_5_p0,Medium Effort,Low Effort,1st,2nd,2nd
13_2_67_p1,Medium Effort,Medium Effort,3rd,2nd,1st
13_2_69_p1,Medium Effort,Medium Effort,3rd,2nd,1st
13_2_71_p1,High Effort,High Effort,3rd,3rd,1st
13_2_83_p0,High Effort,Medium Effort,2nd,3rd,3rd
13_2_87_p0,Medium Effort,Low Effort,2nd,1st,1st
13_2_8_p0,Medium Effort,Low Effort,1st,1st,2nd
13_2_95_p1,High Effort,Medium Effort,3rd,2nd,2nd
13_2_97_p1,High Effort,Medium Effort,3rd,2nd,3rd
14_2_101_p1,Medium Effort,Medium Effort,2nd,1st,3rd
14_2_103_p1,Medium Effort,Low Effort,2nd,2nd,1st
14_2_12_p0,High Effort,High Effort,3rd,3rd,3rd
14_2_17_p0,High Effort,Medium Effort,3rd,3rd,2nd
14_2_22_p1,Medium Effort,Low Effort,1st,2nd,1st
14_2_26_p1,High Effort,Medium Effort,2nd,2nd,3rd
14_2_28_p1,High Effort,Medium Effort,3rd,2nd,3rd
14_2_48_p1,Medium Effort,Medium Effort,3rd,1st,1st
14_2_52_p1,Medium Effort,Medium Effort,2nd,2nd,1st
14_2_58_p1,Medium Effort,Medium Effort,2nd,3rd,1st
14_2_5_p0,High Effort,Medium Effort,2nd,2nd,3rd
14_2_66_p0,Medium Effort,Low Effort,1st,1st,2nd
14_2_69_p0,Medium Effort,Low Effort,1st,1st,2nd
14_2_72_p0,Medium Effort,Low Effort,1st,1st,2nd
14_2_75_p0,Medium Effort,Low Effort,1st,1st,2nd
14_2_80_p0,Medium Effort,Low Effort,1st,1st,2nd
14_2_87_p1,Medium Effort,Low Effort,2nd,1st,1st
14_2_8_p0,Medium Effort,Medium Effort,3rd,2nd,1st
14_2_90_p1,Medium Effort,Medium Effort,3rd,1st,2nd
14_2_92_p1,Medium Effort,Medium Effort,2nd,1st,2nd
14_2_95_p1,High Effort,High Effort,3rd,2nd,3rd
14_2_98_p1,Medium Effort,Medium Effort,2nd,1st,2nd
15_2_101_p1,High Effort,Medium Effort,3rd,2nd,3rd
15_2_11_p0,High Effort,High Effort,3rd,3rd,3rd
15_2_19_p1,Medium Effort,Medium Effort,2nd,2nd,2nd
15_2_22_p1,High Effort,Medium Effort,3rd,3rd,2nd
15_2_24_p1,Medium Effort,Medium Effort,2nd,2nd,2nd
15_2_28_p1,High Effort,Medium Effort,2nd,3rd,2nd
15_2_2_p0,Medium Effort,Medium Effort,2nd,3rd,1st
15_2_38_p0,High Effort,Medium Effort,3rd,2nd,2nd
15_2_41_p0,Medium Effort,Medium Effort,1st,2nd,3rd
15_2_45_p0,Medium Effort,Medium Effort,3rd,1st,2nd
15_2_47_p0,High Effort,High Effort,3rd,3rd,3rd
15_2_49_p0,Medium Effort,Medium Effort,3rd,1st,2nd
15_2_56_p1,Medium Effort,Low Effort,1st,2nd,1st
15_2_59_p1,Medium Effort,Medium Effort,2nd,2nd,2nd
15_2_5_p0,High Effort,High Effort,3rd,3rd,3rd
15_2_62_p1,High Effort,Medium Effort,3rd,3rd,2nd
15_2_65_p1,Medium Effort,Low Effort,1st,2nd,2nd
15_2_68_p1,Medium Effort,Low Effort,2nd,1st,1st
15_2_70_p1,High Effort,Medium Effort,2nd,3rd,2nd
15_2_77_p0,Medium Effort,Medium Effort,3rd,2nd,1st
15_2_80_p0,High Effort,High Effort,3rd,3rd,2nd
15_2_84_p0,Medium Effort,Medium Effort,3rd,1st,2nd
15_2_88_p0,High Effort,Medium Effort,2nd,2nd,3rd
15_2_8_p0,Medium Effort,Medium Effort,3rd,2nd,1st
15_2_93_p1,High Effort,Medium Effort,3rd,2nd,3rd
15_2_97_p1,Medium Effort,Medium Effort,3rd,1st,2nd
17_2_103_p1,Medium Effort,Medium Effort,3rd,2nd,1st
17_2_109_p1,Low Effort,Low Effort,1st,1st,1st
17_2_10_p0,Medium Effort,Low Effort,2nd,1st,1st
17_2_112_p1,Medium Effort,Medium Effort,3rd,2nd,1st
17_2_15_p0,Low Effort,Low Effort,1st,1st,1st
17_2_22_p1,Medium Effort,Low Effort,2nd,1st,1st
17_2_27_p1,Medium Effort,Low Effort,2nd,1st,1st
17_2_31_p1,Medium Effort,Low Effort,2nd,1st,1st
17_2_33_p1,Medium Effort,Medium Effort,3rd,2nd,1st
17_2_39_p0,Medium Effort,Low Effort,1st,2nd,2nd
17_2_3_p0,High Effort,High Effort,3rd,3rd,1st
17_2_42_p0,Medium Effort,Low Effort,1st,2nd,1st
17_2_45_p0,Medium Effort,Low Effort,1st,2nd,2nd
17_2_48_p0,Low Effort,Low Effort,1st,1st,1st
17_2_51_p0,Medium Effort,Medium Effort,1st,1st,3rd
17_2_54_p0,Medium Effort,Medium Effort,2nd,1st,3rd
17_2_64_p1,Medium Effort,Medium Effort,1st,1st,3rd
17_2_67_p1,Medium Effort,Medium Effort,2nd,2nd,2nd
17_2_70_p1,Medium Effort,Medium Effort,1st,2nd,3rd
17_2_72_p1,Medium Effort,Low Effort,1st,1st,2nd
17_2_75_p1,High Effort,Medium Effort,2nd,2nd,3rd
17_2_79_p1,Medium Effort,Medium Effort,2nd,2nd,2nd
17_2_7_p0,Low Effort,Low Effort,1st,1st,1st
17_2_88_p0,High Effort,Medium Effort,3rd,3rd,2nd
17_2_90_p0,High Effort,High Effort,3rd,3rd,3rd
17_2_92_p0,High Effort,Medium Effort,3rd,2nd,2nd
17_2_95_p0,High Effort,Medium Effort,3rd,2nd,3rd
17_2_98_p0,High Effort,Medium Effort,3rd,2nd,2nd
18_2_12_p0,Medium Effort,Low Effort,1st,2nd,2nd
18_2_14_p0,Medium Effort,Low Effort,2nd,1st,1st
18_2_17_p0,Medium Effort,Low Effort,2nd,1st,2nd
18_2_24_p1,Medium Effort,Low Effort,1st,2nd,1st
18_2_29_p1,Medium Effort,Low Effort,1st,2nd,1st
18_2_3_p0,Medium Effort,Low Effort,1st,1st,3rd
18_2_6_p0,High Effort,Medium Effort,2nd,3rd,3rd
18_2_8_p0,High Effort,Medium Effort,2nd,3rd,3rd
18_2_101_p1,Medium Effort,Medium Effort,3rd,1st,2nd
18_2_104_p1,Medium Effort,Medium Effort,2nd,3rd,1st
18_2_39_p0,Medium Effort,Low Effort,2nd,2nd,1st
18_2_42_p0,Low Effort,Low Effort,1st,1st,1st
18_2_45_p0,Medium Effort,Low Effort,1st,2nd,1st
18_2_48_p0,Medium Effort,Low Effort,2nd,1st,1st
18_2_51_p0,Low Effort,Low Effort,1st,1st,1st
18_2_59_p1,Medium Effort,Low Effort,1st,2nd,2nd
18_2_62_p1,Low Effort,Low Effort,1st,1st,1st
18_2_65_p1,Medium Effort,Medium Effort,1st,1st,3rd
18_2_67_p1,Medium Effort,Medium Effort,1st,1st,3rd
18_2_71_p1,High Effort,Medium Effort,3rd,2nd,2nd
18_2_76_p0,High Effort,Medium Effort,1st,3rd,3rd
18_2_81_p0,High Effort,Medium Effort,2nd,3rd,3rd
18_2_84_p0,Medium Effort,Low Effort,1st,3rd,1st
18_2_87_p0,Medium Effort,Medium Effort,2nd,2nd,2nd
18_2_93_p1,Medium Effort,Low Effort,1st,2nd,1st
18_2_96_p1,Low Effort,Low Effort,1st,1st,1st
19_2_102_p1,Medium Effort,Low Effort,1st,2nd,1st
19_2_10_p0,High Effort,Medium Effort,2nd,2nd,3rd
19_2_13_p0,Medium Effort,Low Effort,1st,2nd,2nd
19_2_17_p0,Medium Effort,Low Effort,1st,2nd,1st
19_2_25_p1,Medium Effort,Medium Effort,1st,2nd,3rd
19_2_28_p1,Low Effort,Low Effort,1st,1st,1st
19_2_33_p1,High Effort,Medium Effort,2nd,2nd,3rd
19_2_44_p0,Medium Effort,Low Effort,2nd,2nd,1st
19_2_47_p0,Medium Effort,Low Effort,3rd,1st,1st
19_2_50_p0,Medium Effort,Medium Effort,2nd,3rd,1st
19_2_66_p1,High Effort,High Effort,3rd,3rd,3rd
19_2_70_p1,Medium Effort,Low Effort,1st,1st,2nd
19_2_76_p0,Medium Effort,Medium Effort,2nd,3rd,1st
19_2_79_p0,Medium Effort,Low Effort,2nd,1st,1st
19_2_7_p0,Medium Effort,Medium Effort,2nd,1st,2nd
19_2_82_p0,High Effort,High Effort,3rd,3rd,1st
19_2_85_p0,Medium Effort,Medium Effort,3rd,2nd,1st
19_2_92_p1,Medium Effort,Low Effort,1st,2nd,2nd
19_2_95_p1,Medium Effort,Medium Effort,3rd,1st,1st
19_2_97_p1,Medium Effort,Low Effort,1st,1st,2nd
19_2_99_p1,Medium Effort,Medium Effort,2nd,3rd,1st
1_2_10_p0,Low Effort,Low Effort,1st,1st,1st
1_2_13_p0,Medium Effort,Low Effort,1st,2nd,2nd
1_2_16_p0,High Effort,High Effort,3rd,2nd,3rd
1_2_19_p0,High Effort,Medium Effort,3rd,3rd,2nd
1_2_29_p1,Low Effort,Low Effort,1st,1st,1st
1_2_32_p1,Medium Effort,Low Effort,1st,1st,2nd
1_2_35_p1,Low Effort,Low Effort,1st,1st,1st
1_2_38_p1,Low Effort,Low Effort,1st,1st,1st
1_2_41_p1,Low Effort,Low Effort,1st,1st,1st
1_2_44_p1,Low Effort,Low Effort,1st,1st,1st
1_2_47_p1,Medium Effort,Low Effort,1st,2nd,1st
1_2_4_p0,Medium Effort,Low Effort,1st,1st,2nd
1_2_7_p0,Medium Effort,Low Effort,1st,1st,2nd
1_2_100_p0,High Effort,Medium Effort,3rd,3rd,2nd
1_2_105_p0,High Effort,Medium Effort,3rd,3rd,1st
1_2_113_p1,Medium Effort,Low Effort,2nd,1st,1st
1_2_117_p1,Medium Effort,Low Effort,2nd,2nd,1st
1_2_120_p1,Medium Effort,Medium Effort,3rd,1st,2nd
1_2_123_p1,High Effort,Medium Effort,2nd,3rd,3rd
1_2_54_p0,Medium Effort,Low Effort,1st,2nd,2nd
1_2_57_p0,High Effort,Medium Effort,3rd,2nd,3rd
1_2_60_p0,High Effort,High Effort,3rd,3rd,1st
1_2_62_p0,High Effort,High Effort,3rd,3rd,3rd
1_2_65_p0,Medium Effort,Medium Effort,3rd,2nd,1st
1_2_67_p0,Medium Effort,Low Effort,2nd,1st,1st
1_2_69_p0,Medium Effort,Medium Effort,2nd,2nd,2nd
1_2_78_p1,High Effort,High Effort,3rd,3rd,2nd
1_2_81_p1,High Effort,High Effort,3rd,3rd,2nd
1_2_83_p1,Low Effort,Low Effort,1st,1st,1st
1_2_86_p1,High Effort,High Effort,3rd,3rd,1st
1_2_88_p1,High Effort,Medium Effort,2nd,2nd,3rd
1_2_96_p0,High Effort,Medium Effort,3rd,3rd,2nd
20_2_100_p1,Medium Effort,Medium Effort,2nd,2nd,2nd
20_2_102_p1,Medium Effort,Low Effort,1st,2nd,1st
20_2_106_p1,Medium Effort,Low Effort,1st,2nd,2nd
20_2_12_p0,Medium Effort,Medium Effort,2nd,1st,2nd
20_2_15_p0,Medium Effort,Low Effort,2nd,3rd,1st
20_2_18_p0,Medium Effort,Low Effort,2nd,2nd,1st
20_2_24_p1,Low Effort,Low Effort,1st,1st,1st
20_2_27_p1,Low Effort,Low Effort,1st,1st,1st
20_2_30_p1,Medium Effort,Medium Effort,1st,1st,3rd
20_2_33_p1,Medium Effort,Low Effort,1st,1st,2nd
20_2_36_p1,Low Effort,Low Effort,1st,1st,1st
20_2_39_p1,Medium Effort,Low Effort,1st,2nd,2nd
20_2_3_p0,Medium Effort,Medium Effort,2nd,2nd,2nd
20_2_46_p0,Medium Effort,Medium Effort,2nd,3rd,1st
20_2_49_p0,High Effort,Medium Effort,3rd,3rd,1st
20_2_52_p0,High Effort,Medium Effort,2nd,2nd,3rd
20_2_55_p0,Medium Effort,Medium Effort,3rd,1st,2nd
20_2_59_p0,High Effort,Medium Effort,3rd,3rd,2nd
20_2_67_p1,Low Effort,Low Effort,1st,1st,1st
20_2_69_p1,High Effort,Medium Effort,3rd,3rd,2nd
20_2_6_p0,Medium Effort,Medium Effort,2nd,1st,3rd
20_2_71_p1,High Effort,Medium Effort,3rd,3rd,1st
20_2_73_p1,High Effort,Medium Effort,3rd,3rd,1st
20_2_76_p1,Medium Effort,Low Effort,2nd,2nd,1st
20_2_84_p0,Medium Effort,Medium Effort,2nd,2nd,1st
20_2_94_p1,Medium Effort,Medium Effort,2nd,3rd,1st
20_2_98_p1,Low Effort,Low Effort,1st,1st,1st
20_2_9_p0,High Effort,Medium Effort,2nd,3rd,2nd
22_2_100_p1,Medium Effort,Low Effort,1st,1st,3rd
22_2_102_p1,High Effort,Medium Effort,3rd,3rd,1st
22_2_104_p1,Medium Effort,Low Effort,1st,2nd,1st
22_2_106_p1,Medium Effort,Low Effort,1st,2nd,1st
22_2_109_p1,High Effort,Medium Effort,3rd,3rd,1st
22_2_18_p1,Medium Effort,Low Effort,2nd,1st,1st
22_2_21_p1,Low Effort,Low Effort,1st,1st,1st
22_2_23_p1,Medium Effort,Low Effort,1st,2nd,1st
22_2_26_p1,Medium Effort,Medium Effort,2nd,2nd,1st
22_2_29_p1,Medium Effort,Medium Effort,2nd,3rd,1st
22_2_31_p1,Medium Effort,Medium Effort,2nd,2nd,1st
22_2_38_p0,Low Effort,Low Effort,1st,1st,1st
22_2_41_p0,Medium Effort,Medium Effort,2nd,1st,2nd
22_2_45_p0,Low Effort,Low Effort,1st,1st,1st
22_2_48_p0,Low Effort,Low Effort,1st,1st,1st
22_2_4_p0,Low Effort,Low Effort,1st,1st,1st
22_2_52_p0,Medium Effort,Low Effort,1st,1st,2nd
22_2_62_p1,Low Effort,Low Effort,1st,1st,1st
22_2_66_p1,Medium Effort,Low Effort,1st,2nd,1st
22_2_69_p1,Low Effort,Low Effort,1st,1st,1st
22_2_72_p1,Low Effort,Low Effort,1st,1st,1st
22_2_75_p1,Low Effort,Low Effort,1st,1st,1st
22_2_81_p0,Medium Effort,Medium Effort,1st,3rd,2nd
22_2_84_p0,Medium Effort,Low Effort,1st,2nd,2nd
22_2_88_p0,Medium Effort,Medium Effort,2nd,3rd,1st
22_2_91_p0,Medium Effort,Medium Effort,3rd,2nd,1st
22_2_94_p0,Medium Effort,Low Effort,3rd,1st,1st
22_2_9_p0,Medium Effort,Low Effort,2nd,1st,1st
24_2_102_p0,Medium Effort,Low Effort,2nd,1st,2nd
24_2_105_p0,High Effort,Medium Effort,3rd,1st,3rd
24_2_113_p1,Medium Effort,Medium Effort,2nd,2nd,2nd
24_2_117_p1,High Effort,Medium Effort,3rd,3rd,1st
24_2_119_p1,Medium Effort,Low Effort,1st,2nd,1st
24_2_12_p0,High Effort,Medium Effort,2nd,2nd,3rd
24_2_15_p0,Low Effort,Low Effort,1st,1st,1st
24_2_18_p0,Medium Effort,Low Effort,2nd,1st,1st
24_2_26_p1,Medium Effort,Medium Effort,1st,1st,3rd
24_2_29_p1,Low Effort,Low Effort,1st,1st,1st
24_2_32_p1,High Effort,Medium Effort,2nd,2nd,3rd
24_2_35_p1,Medium Effort,Medium Effort,1st,2nd,3rd
24_2_38_p1,Low Effort,Low Effort,1st,1st,1st
24_2_41_p1,Low Effort,Low Effort,1st,1st,1st
24_2_44_p1,Medium Effort,Medium Effort,2nd,2nd,2nd
24_2_52_p0,High Effort,Medium Effort,3rd,2nd,2nd
24_2_54_p0,Low Effort,Low Effort,1st,1st,1st
24_2_56_p0,Medium Effort,Medium Effort,3rd,1st,1st
24_2_59_p0,Medium Effort,Low Effort,2nd,1st,2nd
24_2_63_p0,Medium Effort,Low Effort,2nd,1st,1st
24_2_66_p0,Medium Effort,Medium Effort,2nd,2nd,2nd
24_2_6_p0,Medium Effort,Medium Effort,1st,2nd,3rd
24_2_72_p1,Medium Effort,Medium Effort,2nd,2nd,1st
24_2_74_p1,Medium Effort,Medium Effort,2nd,2nd,1st
24_2_77_p1,High Effort,High Effort,3rd,3rd,2nd
24_2_82_p1,Medium Effort,Low Effort,2nd,1st,1st
24_2_90_p0,Medium Effort,Low Effort,1st,2nd,2nd
24_2_94_p0,Low Effort,Low Effort,1st,1st,1st
24_2_97_p0,Medium Effort,Low Effort,2nd,2nd,1st
24_2_99_p0,High Effort,Medium Effort,3rd,2nd,2nd
24_2_9_p0,Medium Effort,Low Effort,2nd,1st,1st
26_2_103_p1,High Effort,Medium Effort,1st,3rd,3rd
26_2_107_p1,Medium Effort,Low Effort,1st,2nd,3rd
26_2_109_p1,High Effort,Medium Effort,2nd,2nd,3rd
26_2_114_p1,Medium Effort,Low Effort,1st,2nd,3rd
26_2_11_p0,Medium Effort,Medium Effort,2nd,2nd,2nd
26_2_14_p0,Medium Effort,Low Effort,1st,2nd,2nd
26_2_18_p0,Medium Effort,Low Effort,2nd,1st,1st
26_2_27_p1,Medium Effort,Low Effort,1st,2nd,1st
26_2_31_p1,Medium Effort,Medium Effort,1st,2nd,3rd
26_2_34_p1,Medium Effort,Low Effort,1st,1st,2nd
26_2_38_p1,Medium Effort,Low Effort,1st,2nd,1st
26_2_44_p0,High Effort,High Effort,3rd,3rd,3rd
26_2_47_p0,High Effort,Medium Effort,2nd,3rd,2nd
26_2_50_p0,High Effort,Medium Effort,2nd,3rd,2nd
26_2_53_p0,Medium Effort,Medium Effort,3rd,1st,2nd
26_2_56_p0,Medium Effort,Medium Effort,2nd,2nd,2nd
26_2_58_p0,High Effort,Medium Effort,3rd,3rd,1st
26_2_60_p0,High Effort,High Effort,3rd,3rd,3rd
26_2_66_p1,Medium Effort,Medium Effort,2nd,2nd,2nd
26_2_69_p1,Medium Effort,Medium Effort,1st,3rd,2nd
26_2_6_p0,High Effort,Medium Effort,2nd,3rd,3rd
26_2_72_p1,Medium Effort,Low Effort,1st,2nd,2nd
26_2_76_p1,High Effort,Medium Effort,3rd,2nd,2nd
26_2_84_p0,High Effort,High Effort,3rd,3rd,3rd
26_2_87_p0,High Effort,Medium Effort,3rd,2nd,2nd
26_2_90_p0,High Effort,Medium Effort,2nd,3rd,2nd
26_2_94_p0,Medium Effort,Medium Effort,1st,3rd,2nd
26_2_97_p0,High Effort,High Effort,3rd,3rd,3rd
27_2_101_p1,Low Effort,Low Effort,1st,1st,1st
27_2_15_p1,Medium Effort,Medium Effort,3rd,1st,1st
27_2_18_p1,Low Effort,Low Effort,1st,1st,1st
27_2_21_p1,Medium Effort,Low Effort,1st,2nd,2nd
27_2_26_p1,Medium Effort,Low Effort,1st,2nd,1st
27_2_31_p0,Medium Effort,Medium Effort,1st,2nd,3rd
27_2_35_p0,Medium Effort,Medium Effort,2nd,2nd,2nd
27_2_38_p0,Medium Effort,Low Effort,1st,1st,2nd
27_2_41_p0,Low Effort,Low Effort,1st,1st,1st
27_2_48_p1,Medium Effort,Low Effort,2nd,2nd,1st
27_2_51_p1,Medium Effort,Low Effort,1st,1st,2nd
27_2_54_p1,Medium Effort,Medium Effort,2nd,1st,3rd
27_2_59_p1,Medium Effort,Low Effort,2nd,1st,1st
27_2_5_p0,Low Effort,Low Effort,1st,1st,1st
27_2_67_p0,Medium Effort,Low Effort,1st,1st,2nd
27_2_70_p0,Medium Effort,Medium Effort,1st,1st,3rd
27_2_73_p0,Medium Effort,Low Effort,2nd,1st,1st
27_2_76_p0,Medium Effort,Low Effort,1st,1st,2nd
27_2_79_p0,Medium Effort,Low Effort,1st,3rd,2nd
27_2_89_p1,Low Effort,Low Effort,1st,1st,1st
27_2_91_p1,Medium Effort,Medium Effort,1st,1st,3rd
27_2_94_p1,Medium Effort,Medium Effort,1st,1st,3rd
27_2_97_p1,Medium Effort,Medium Effort,1st,1st,3rd
28_2_20_p1,Low Effort,Low Effort,1st,1st,1st
28_2_29_p0,Medium Effort,Low Effort,1st,1st,2nd
28_2_2_p0,Medium Effort,Low Effort,1st,2nd,2nd
28_2_32_p0,Medium Effort,Medium Effort,2nd,1st,3rd
28_2_35_p0,Medium Effort,Low Effort,1st,1st,2nd
28_2_38_p0,Medium Effort,Low Effort,1st,2nd,1st
28_2_41_p0,Medium Effort,Medium Effort,2nd,1st,3rd
28_2_51_p1,Medium Effort,Low Effort,1st,1st,2nd
28_2_54_p1,Medium Effort,Low Effort,1st,2nd,2nd
28_2_57_p1,Medium Effort,Medium Effort,1st,1st,3rd
28_2_60_p1,Medium Effort,Medium Effort,1st,1st,3rd
28_2_63_p1,High Effort,Medium Effort,2nd,2nd,3rd
28_2_67_p1,Medium Effort,Low Effort,2nd,2nd,1st
28_2_6_p0,Medium Effort,Low Effort,1st,1st,3rd
28_2_75_p0,Medium Effort,Medium Effort,2nd,2nd,2nd
28_2_78_p0,High Effort,Medium Effort,2nd,3rd,2nd
28_2_80_p0,High Effort,High Effort,3rd,3rd,1st
28_2_82_p0,Low Effort,Low Effort,1st,1st,1st
28_2_92_p1,High Effort,High Effort,3rd,3rd,3rd
28_2_95_p1,Medium Effort,Low Effort,1st,1st,2nd
29_2_12_p0,Medium Effort,Low Effort,1st,1st,2nd
29_2_19_p1,Medium Effort,Medium Effort,3rd,2nd,1st
29_2_22_p1,Medium Effort,Low Effort,2nd,1st,1st
29_2_36_p0,High Effort,Medium Effort,2nd,3rd,2nd
29_2_39_p0,Medium Effort,Low Effort,1st,1st,2nd
29_2_42_p0,High Effort,Medium Effort,2nd,3rd,2nd
29_2_45_p0,Medium Effort,Low Effort,1st,1st,2nd
29_2_48_p0,Medium Effort,Low Effort,1st,3rd,1st
29_2_55_p1,Low Effort,Low Effort,1st,1st,1st
29_2_58_p1,Low Effort,Low Effort,1st,1st,1st
29_2_5_p0,Medium Effort,Medium Effort,2nd,2nd,1st
29_2_61_p1,Medium Effort,Low Effort,2nd,1st,1st
29_2_65_p1,Low Effort,Low Effort,1st,1st,1st
29_2_68_p1,Low Effort,Low Effort,1st,1st,1st
29_2_75_p0,Medium Effort,Low Effort,1st,1st,2nd
29_2_78_p0,Low Effort,Low Effort,1st,1st,1st
29_2_83_p0,High Effort,High Effort,3rd,3rd,3rd
29_2_90_p1,Medium Effort,Low Effort,1st,2nd,1st
29_2_92_p1,Low Effort,Low Effort,1st,1st,1st
29_2_95_p1,Medium Effort,Low Effort,2nd,1st,1st
29_2_9_p0,Medium Effort,Low Effort,1st,2nd,3rd
2_2_103_p1,High Effort,High Effort,3rd,3rd,3rd
2_2_10_p0,Medium Effort,Medium Effort,3rd,1st,2nd
2_2_13_p0,High Effort,Medium Effort,2nd,2nd,3rd
2_2_21_p1,Medium Effort,Medium Effort,3rd,1st,2nd
2_2_24_p1,High Effort,Medium Effort,3rd,3rd,2nd
2_2_27_p1,High Effort,Medium Effort,2nd,3rd,2nd
2_2_32_p1,Medium Effort,Medium Effort,2nd,2nd,2nd
2_2_35_p1,High Effort,Medium Effort,3rd,3rd,2nd
2_2_41_p0,Medium Effort,Medium Effort,2nd,1st,2nd
2_2_47_p0,High Effort,Medium Effort,2nd,3rd,3rd
2_2_4_p0,High Effort,Medium Effort,3rd,2nd,2nd
2_2_50_p0,Medium Effort,Medium Effort,1st,2nd,3rd
2_2_61_p1,Medium Effort,Medium Effort,1st,2nd,3rd
2_2_64_p1,High Effort,High Effort,3rd,2nd,3rd
2_2_67_p1,High Effort,Medium Effort,3rd,2nd,2nd
2_2_78_p0,Medium Effort,Medium Effort,2nd,2nd,1st
2_2_7_p0,Medium Effort,Low Effort,2nd,1st,2nd
2_2_81_p0,Medium Effort,Medium Effort,3rd,1st,1st
2_2_84_p0,High Effort,Medium Effort,3rd,2nd,2nd
2_2_86_p0,High Effort,High Effort,3rd,3rd,3rd
2_2_89_p0,Medium Effort,Low Effort,1st,1st,2nd
2_2_95_p1,High Effort,Medium Effort,2nd,3rd,2nd
30_2_100_p1,High Effort,Medium Effort,3rd,1st,3rd
30_2_103_p1,High Effort,Medium Effort,3rd,1st,3rd
30_2_105_p1,High Effort,Medium Effort,3rd,2nd,2nd
30_2_109_p1,High Effort,Medium Effort,3rd,2nd,2nd
30_2_12_p0,Medium Effort,Medium Effort,1st,1st,3rd
30_2_15_p0,Low Effort,Low Effort,1st,1st,1st
30_2_19_p0,Medium Effort,Low Effort,1st,1st,2nd
30_2_26_p1,High Effort,Medium Effort,3rd,3rd,2nd
30_2_30_p1,High Effort,High Effort,3rd,3rd,3rd
30_2_32_p1,Medium Effort,Low Effort,2nd,2nd,1st
30_2_34_p1,High Effort,Medium Effort,2nd,3rd,2nd
30_2_37_p1,High Effort,Medium Effort,3rd,2nd,2nd
30_2_47_p0,Medium Effort,Low Effort,2nd,1st,2nd
30_2_50_p0,Medium Effort,Low Effort,1st,2nd,3rd
30_2_53_p0,Medium Effort,Low Effort,2nd,1st,3rd
30_2_63_p1,High Effort,Medium Effort,2nd,3rd,3rd
30_2_66_p1,Medium Effort,Low Effort,2nd,1st,3rd
30_2_69_p1,Medium Effort,Medium Effort,3rd,2nd,1st
30_2_6_p0,Low Effort,Low Effort,1st,1st,1st
30_2_72_p1,High Effort,High Effort,3rd,3rd,3rd
30_2_75_p1,High Effort,Medium Effort,2nd,2nd,3rd
30_2_82_p0,High Effort,Medium Effort,3rd,2nd,2nd
30_2_85_p0,High Effort,Medium Effort,3rd,1st,3rd
30_2_88_p0,Medium Effort,Low Effort,2nd,1st,1st
30_2_96_p1,Medium Effort,Medium Effort,3rd,2nd,1st
30_2_9_p0,Low Effort,Low Effort,1st,1st,1st
31_2_11_p0,High Effort,Medium Effort,2nd,3rd,2nd
31_2_14_p0,High Effort,Medium Effort,2nd,2nd,3rd
31_2_18_p0,Medium Effort,Medium Effort,3rd,1st,1st
31_2_5_p0,Medium Effort,Low Effort,1st,1st,2nd
31_2_8_p0,Medium Effort,Medium Effort,3rd,1st,2nd
31_2_103_p1,Medium Effort,Medium Effort,3rd,1st,2nd
31_2_106_p1,Medium Effort,Medium Effort,3rd,1st,2nd
31_2_24_p1,Medium Effort,Low Effort,2nd,1st,1st
31_2_27_p1,Medium Effort,Medium Effort,3rd,2nd,1st
31_2_30_p1,Medium Effort,Medium Effort,3rd,1st,1st
31_2_41_p0,High Effort,Medium Effort,2nd,2nd,3rd
31_2_44_p0,Low Effort,Low Effort,1st,1st,1st
31_2_49_p0,Medium Effort,Medium Effort,2nd,1st,2nd
31_2_52_p0,Medium Effort,Medium Effort,2nd,2nd,2nd
31_2_59_p1,Low Effort,Low Effort,1st,1st,1st
31_2_62_p1,Medium Effort,Low Effort,1st,1st,2nd
31_2_65_p1,Medium Effort,Medium Effort,2nd,1st,3rd
31_2_68_p1,Medium Effort,Medium Effort,2nd,1st,3rd
31_2_71_p1,High Effort,High Effort,3rd,1st,3rd
31_2_74_p1,Medium Effort,Low Effort,1st,2nd,1st
31_2_81_p0,Medium Effort,Low Effort,3rd,1st,1st
31_2_85_p0,Medium Effort,Low Effort,2nd,1st,2nd
31_2_89_p0,Medium Effort,Medium Effort,3rd,1st,2nd
31_2_99_p1,Medium Effort,Medium Effort,2nd,1st,3rd
32_2_101_p1,Medium Effort,Low Effort,1st,1st,2nd
32_2_104_p1,Low Effort,Low Effort,1st,1st,1st
32_2_107_p1,Low Effort,Low Effort,1st,1st,1st
32_2_109_p1,Low Effort,Low Effort,1st,1st,1st
32_2_112_p1,Medium Effort,Low Effort,1st,2nd,1st
32_2_11_p0,Medium Effort,Medium Effort,2nd,2nd,2nd
32_2_22_p1,Low Effort,Low Effort,1st,1st,1st
32_2_25_p1,Medium Effort,Low Effort,1st,2nd,1st
32_2_29_p1,Medium Effort,Low Effort,2nd,1st,1st
32_2_31_p1,Medium Effort,Medium Effort,2nd,2nd,1st
32_2_33_p1,Medium Effort,Low Effort,2nd,1st,1st
32_2_37_p0,High Effort,Medium Effort,2nd,2nd,3rd
32_2_40_p0,High Effort,Medium Effort,2nd,3rd,2nd
32_2_45_p0,Medium Effort,Medium Effort,2nd,2nd,2nd
32_2_4_p0,Medium Effort,Medium Effort,2nd,2nd,1st
32_2_54_p1,Medium Effort,Low Effort,2nd,1st,1st
32_2_56_p1,Medium Effort,Low Effort,2nd,1st,1st
32_2_60_p1,Low Effort,Low Effort,1st,1st,1st
32_2_64_p1,Medium Effort,Low Effort,2nd,1st,1st
32_2_72_p0,High Effort,Medium Effort,2nd,2nd,3rd
32_2_74_p0,Medium Effort,Medium Effort,2nd,2nd,2nd
32_2_77_p0,Medium Effort,Medium Effort,2nd,1st,3rd
32_2_80_p0,High Effort,Medium Effort,2nd,2nd,3rd
32_2_83_p0,Medium Effort,Low Effort,1st,2nd,1st
32_2_85_p0,Medium Effort,Medium Effort,2nd,2nd,2nd
32_2_88_p0,Medium Effort,Low Effort,2nd,2nd,1st
32_2_8_p0,Low Effort,Low Effort,1st,1st,1st
32_2_95_p1,Low Effort,Low Effort,1st,1st,1st
32_2_98_p1,Low Effort,Low Effort,1st,1st,1st
33_2_104_p1,High Effort,Medium Effort,3rd,2nd,3rd
33_2_107_p1,High Effort,Medium Effort,2nd,2nd,3rd
33_2_10_p0,Medium Effort,Medium Effort,2nd,2nd,1st
33_2_16_p0,Low Effort,Low Effort,1st,1st,1st
33_2_24_p1,Medium Effort,Medium Effort,2nd,2nd,2nd
33_2_38_p0,Low Effort,Low Effort,1st,1st,1st
33_2_41_p0,Medium Effort,Low Effort,2nd,2nd,1st
33_2_44_p0,Low Effort,Low Effort,1st,1st,1st
33_2_48_p0,Low Effort,Low Effort,1st,1st,1st
33_2_51_p0,Medium Effort,Low Effort,1st,1st,2nd
33_2_57_p1,Medium Effort,Medium Effort,2nd,2nd,2nd
33_2_60_p1,Medium Effort,Low Effort,2nd,2nd,1st
33_2_63_p1,Medium Effort,Low Effort,1st,2nd,1st
33_2_65_p1,High Effort,High Effort,3rd,3rd,3rd
33_2_68_p1,Low Effort,Low Effort,1st,1st,1st
33_2_71_p1,Medium Effort,Low Effort,1st,1st,2nd
33_2_74_p1,Medium Effort,Low Effort,1st,2nd,1st
33_2_7_p0,Medium Effort,Medium Effort,3rd,2nd,1st
33_2_80_p0,Medium Effort,Low Effort,3rd,1st,1st
33_2_83_p0,Medium Effort,Low Effort,1st,2nd,2nd
33_2_86_p0,High Effort,Medium Effort,3rd,3rd,2nd
33_2_88_p0,Medium Effort,Low Effort,1st,2nd,2nd
33_2_97_p1,High Effort,Medium Effort,3rd,3rd,2nd
33_2_99_p1,Medium Effort,Low Effort,1st,2nd,1st
34_2_13_p0,Medium Effort,Low Effort,1st,1st,2nd
34_2_16_p0,High Effort,Medium Effort,1st,3rd,3rd
34_2_25_p1,Medium Effort,Medium Effort,1st,1st,3rd
34_2_28_p1,Medium Effort,Low Effort,1st,2nd,2nd
34_2_31_p1,Medium Effort,Low Effort,1st,3rd,2nd
34_2_34_p1,Low Effort,Low Effort,1st,1st,1st
34_2_37_p1,Medium Effort,Medium Effort,2nd,2nd,2nd
34_2_48_p0,Medium Effort,Low Effort,1st,2nd,3rd
34_2_54_p0,Medium Effort,Low Effort,1st,2nd,3rd
34_2_60_p1,Medium Effort,Low Effort,2nd,1st,1st
34_2_63_p1,Medium Effort,Low Effort,1st,2nd,3rd
34_2_6_p0,High Effort,Medium Effort,1st,3rd,3rd
34_2_74_p0,Medium Effort,Low Effort,1st,3rd,1st
34_2_77_p0,Low Effort,Low Effort,1st,1st,1st
34_2_80_p0,Medium Effort,Low Effort,1st,1st,3rd
34_2_87_p1,Medium Effort,Low Effort,2nd,1st,2nd
34_2_91_p1,Low Effort,Low Effort,1st,1st,1st
34_2_9_p0,Medium Effort,Medium Effort,1st,2nd,3rd
35_2_102_p1,High Effort,Medium Effort,2nd,2nd,3rd
35_2_12_p0,Medium Effort,Low Effort,1st,1st,3rd
35_2_21_p1,High Effort,High Effort,3rd,3rd,2nd
35_2_24_p1,Medium Effort,Medium Effort,2nd,2nd,2nd
35_2_27_p1,Medium Effort,Low Effort,1st,2nd,2nd
35_2_29_p1,High Effort,Medium Effort,2nd,3rd,3rd
35_2_33_p1,Medium Effort,Medium Effort,2nd,2nd,2nd
35_2_36_p1,High Effort,Medium Effort,2nd,2nd,3rd
35_2_45_p0,High Effort,Medium Effort,3rd,2nd,2nd
35_2_58_p1,Medium Effort,Medium Effort,2nd,2nd,2nd
35_2_61_p1,Medium Effort,Medium Effort,3rd,2nd,1st
35_2_6_p0,High Effort,High Effort,3rd,3rd,1st
35_2_70_p0,High Effort,Medium Effort,2nd,2nd,3rd
35_2_73_p0,Medium Effort,Medium Effort,1st,2nd,3rd
35_2_76_p0,High Effort,Medium Effort,2nd,3rd,3rd
35_2_79_p0,Medium Effort,Medium Effort,3rd,2nd,1st
35_2_82_p0,High Effort,Medium Effort,2nd,3rd,3rd
35_2_93_p1,Medium Effort,Medium Effort,2nd,1st,3rd
35_2_96_p1,High Effort,Medium Effort,2nd,2nd,3rd
35_2_99_p1,Medium Effort,Medium Effort,2nd,1st,3rd
35_2_9_p0,Medium Effort,Medium Effort,2nd,2nd,2nd
36_2_10_p0,Medium Effort,Low Effort,1st,2nd,2nd
36_2_13_p0,High Effort,Medium Effort,3rd,3rd,2nd
36_2_16_p0,Medium Effort,Medium Effort,2nd,1st,2nd
36_2_19_p0,Low Effort,Low Effort,1st,1st,1st
36_2_25_p1,Medium Effort,Low Effort,1st,1st,2nd
36_2_28_p1,Medium Effort,Low Effort,1st,1st,2nd
36_2_31_p1,Medium Effort,Medium Effort,1st,1st,3rd
36_2_34_p1,Medium Effort,Low Effort,1st,1st,2nd
36_2_37_p1,Low Effort,Low Effort,1st,1st,1st
36_2_40_p1,Medium Effort,Low Effort,1st,1st,2nd
36_2_43_p1,Medium Effort,Low Effort,1st,1st,2nd
36_2_4_p0,Medium Effort,Low Effort,1st,1st,2nd
36_2_7_p0,Low Effort,Low Effort,1st,1st,1st
36_2_100_p0,Medium Effort,Low Effort,1st,1st,2nd
36_2_104_p1,Low Effort,Low Effort,1st,1st,1st
36_2_107_p1,High Effort,High Effort,3rd,3rd,1st
36_2_112_p1,Medium Effort,Low Effort,1st,2nd,2nd
36_2_50_p0,High Effort,Medium Effort,3rd,2nd,2nd
36_2_53_p0,High Effort,Medium Effort,2nd,3rd,2nd
36_2_56_p0,Low Effort,Low Effort,1st,1st,1st
36_2_58_p0,High Effort,Medium Effort,3rd,3rd,1st
36_2_61_p0,High Effort,Medium Effort,2nd,3rd,2nd
36_2_64_p0,High Effort,Medium Effort,3rd,2nd,2nd
36_2_71_p1,Medium Effort,Low Effort,2nd,1st,2nd
36_2_75_p1,Low Effort,Low Effort,1st,1st,1st
36_2_78_p1,Low Effort,Low Effort,1st,1st,1st
36_2_81_p1,Medium Effort,Low Effort,3rd,1st,1st
36_2_90_p0,High Effort,High Effort,3rd,3rd,1st
36_2_93_p0,Medium Effort,Low Effort,1st,2nd,1st
36_2_98_p0,Medium Effort,Medium Effort,1st,3rd,2nd
37_2_103_p1,Medium Effort,Low Effort,3rd,1st,1st
37_2_108_p1,High Effort,Medium Effort,3rd,3rd,1st
37_2_110_p1,Medium Effort,Medium Effort,3rd,2nd,1st
37_2_12_p0,Medium Effort,Medium Effort,2nd,3rd,1st
37_2_16_p0,Medium Effort,Medium Effort,3rd,2nd,1st
37_2_23_p1,High Effort,High Effort,3rd,3rd,2nd
37_2_25_p1,Medium Effort,Medium Effort,3rd,1st,1st
37_2_27_p1,Medium Effort,Medium Effort,3rd,1st,1st
37_2_30_p1,High Effort,High Effort,3rd,3rd,3rd
37_2_33_p1,High Effort,Medium Effort,2nd,2nd,3rd
37_2_36_p1,Medium Effort,Low Effort,1st,2nd,1st
37_2_44_p0,Low Effort,Low Effort,1st,1st,1st
37_2_47_p0,Medium Effort,Low Effort,2nd,1st,1st
37_2_4_p0,Medium Effort,Low Effort,1st,2nd,1st
37_2_50_p0,Medium Effort,Low Effort,2nd,1st,1st
37_2_53_p0,Medium Effort,Low Effort,2nd,2nd,1st
37_2_56_p0,Medium Effort,Low Effort,2nd,2nd,1st
37_2_59_p0,High Effort,Medium Effort,3rd,2nd,2nd
37_2_62_p0,Medium Effort,Low Effort,2nd,2nd,1st
37_2_71_p1,Medium Effort,Medium Effort,3rd,1st,2nd
37_2_75_p1,Low Effort,Low Effort,1st,1st,1st
37_2_79_p1,Medium Effort,Medium Effort,3rd,1st,2nd
37_2_7_p0,High Effort,High Effort,3rd,3rd,1st
37_2_82_p1,High Effort,Medium Effort,3rd,2nd,2nd
37_2_88_p0,Medium Effort,Low Effort,1st,3rd,1st
37_2_90_p0,High Effort,Medium Effort,2nd,3rd,2nd
37_2_92_p0,Medium Effort,Medium Effort,2nd,2nd,2nd
37_2_95_p0,Medium Effort,Medium Effort,2nd,3rd,1st
37_2_9_p0,Medium Effort,Medium Effort,2nd,3rd,1st
38_2_100_p1,Medium Effort,Low Effort,1st,1st,2nd
38_2_104_p1,Medium Effort,Low Effort,1st,1st,2nd
38_2_106_p1,Low Effort,Low Effort,1st,1st,1st
38_2_109_p1,Medium Effort,Medium Effort,1st,1st,3rd
38_2_112_p1,Medium Effort,Medium Effort,1st,1st,3rd
38_2_11_p0,Medium Effort,Medium Effort,2nd,2nd,1st
38_2_14_p0,Medium Effort,Low Effort,1st,2nd,1st
38_2_18_p0,Low Effort,Low Effort,1st,1st,1st
38_2_21_p0,Medium Effort,Low Effort,1st,2nd,1st
38_2_29_p1,Medium Effort,Low Effort,1st,2nd,3rd
38_2_32_p1,Medium Effort,Low Effort,1st,2nd,2nd
38_2_35_p1,Medium Effort,Low Effort,1st,2nd,2nd
38_2_44_p0,Low Effort,Low Effort,1st,1st,1st
38_2_49_p0,Medium Effort,Low Effort,2nd,2nd,1st
38_2_51_p0,Medium Effort,Low Effort,2nd,2nd,1st
38_2_59_p1,Medium Effort,Medium Effort,2nd,3rd,1st
38_2_5_p0,Medium Effort,Medium Effort,2nd,2nd,1st
38_2_62_p1,High Effort,Medium Effort,3rd,2nd,3rd
38_2_69_p1,Low Effort,Low Effort,1st,1st,1st
38_2_75_p0,Medium Effort,Medium Effort,2nd,1st,3rd
38_2_78_p0,Low Effort,Low Effort,1st,1st,1st
38_2_81_p0,Medium Effort,Low Effort,2nd,1st,1st
38_2_84_p0,Low Effort,Low Effort,1st,1st,1st
38_2_87_p0,Low Effort,Low Effort,1st,1st,1st
38_2_89_p0,Medium Effort,Medium Effort,3rd,2nd,1st
38_2_8_p0,Medium Effort,Low Effort,2nd,1st,1st
38_2_97_p1,Medium Effort,Low Effort,1st,1st,2nd
39_2_100_p1,Medium Effort,Low Effort,2nd,1st,2nd
39_2_103_p1,Medium Effort,Low Effort,1st,1st,3rd
39_2_107_p1,High Effort,Medium Effort,2nd,2nd,3rd
39_2_110_p1,High Effort,Medium Effort,2nd,3rd,3rd
39_2_11_p0,Medium Effort,Medium Effort,2nd,1st,2nd
39_2_14_p0,Medium Effort,Low Effort,2nd,2nd,1st
39_2_17_p0,High Effort,Medium Effort,3rd,2nd,2nd
39_2_20_p0,Medium Effort,Medium Effort,2nd,2nd,2nd
39_2_23_p0,High Effort,Medium Effort,2nd,3rd,2nd
39_2_30_p1,Medium Effort,Low Effort,1st,1st,2nd
39_2_34_p1,Medium Effort,Medium Effort,1st,1st,3rd
39_2_37_p1,Medium Effort,Low Effort,1st,2nd,1st
39_2_40_p1,Medium Effort,Low Effort,1st,2nd,2nd
39_2_43_p1,Medium Effort,Medium Effort,2nd,2nd,2nd
39_2_46_p1,Medium Effort,Medium Effort,2nd,1st,3rd
39_2_56_p0,High Effort,Medium Effort,3rd,1st,3rd
39_2_58_p0,High Effort,Medium Effort,2nd,3rd,3rd
39_2_5_p0,High Effort,Medium Effort,2nd,2nd,3rd
39_2_62_p0,High Effort,Medium Effort,3rd,2nd,2nd
39_2_71_p1,Medium Effort,Low Effort,1st,2nd,2nd
39_2_74_p1,Low Effort,Low Effort,1st,1st,1st
39_2_77_p1,High Effort,Medium Effort,2nd,3rd,2nd
39_2_88_p0,Medium Effort,Low Effort,2nd,1st,1st
39_2_8_p0,Medium Effort,Medium Effort,2nd,1st,3rd
39_2_92_p0,Medium Effort,Medium Effort,3rd,1st,1st
3_2_10_p0,Low Effort,Low Effort,1st,1st,1st
3_2_13_p0,Medium Effort,Low Effort,1st,2nd,1st
3_2_16_p0,Medium Effort,Low Effort,1st,1st,2nd
3_2_19_p0,Low Effort,Low Effort,1st,1st,1st
3_2_26_p1,Medium Effort,Low Effort,1st,2nd,2nd
3_2_29_p1,High Effort,Medium Effort,2nd,2nd,3rd
3_2_34_p1,Medium Effort,Low Effort,1st,2nd,1st
3_2_43_p0,High Effort,Medium Effort,2nd,3rd,2nd
3_2_47_p0,High Effort,High Effort,3rd,3rd,1st
3_2_4_p0,Medium Effort,Medium Effort,2nd,1st,2nd
3_2_50_p0,Medium Effort,Medium Effort,2nd,2nd,1st
3_2_57_p1,High Effort,Medium Effort,2nd,3rd,2nd
3_2_61_p1,High Effort,High Effort,3rd,3rd,1st
3_2_65_p1,High Effort,Medium Effort,3rd,2nd,3rd
3_2_6_p0,Medium Effort,Medium Effort,1st,1st,3rd
3_2_73_p0,Medium Effort,Medium Effort,2nd,3rd,1st
3_2_75_p0,High Effort,High Effort,3rd,3rd,3rd
3_2_78_p0,High Effort,Medium Effort,3rd,2nd,2nd
3_2_87_p1,High Effort,High Effort,3rd,3rd,3rd
3_2_89_p1,Medium Effort,Medium Effort,3rd,2nd,1st
3_2_92_p1,Medium Effort,Medium Effort,3rd,2nd,1st
40_2_101_p1,High Effort,High Effort,3rd,3rd,1st
40_2_103_p1,Medium Effort,Medium Effort,2nd,3rd,1st
40_2_105_p1,High Effort,Medium Effort,2nd,3rd,2nd
40_2_10_p0,Medium Effort,Medium Effort,1st,2nd,3rd
40_2_13_p0,Medium Effort,Low Effort,1st,2nd,1st
40_2_16_p0,Medium Effort,Low Effort,1st,2nd,1st
40_2_19_p0,High Effort,Medium Effort,3rd,3rd,1st
40_2_21_p0,Medium Effort,Low Effort,3rd,1st,1st
40_2_28_p1,Medium Effort,Low Effort,1st,3rd,1st
40_2_31_p1,High Effort,Medium Effort,3rd,3rd,2nd
40_2_36_p1,High Effort,Medium Effort,3rd,3rd,1st
40_2_42_p0,Medium Effort,Low Effort,1st,2nd,1st
40_2_45_p0,Medium Effort,Low Effort,1st,2nd,1st
40_2_48_p0,Medium Effort,Medium Effort,1st,2nd,3rd
40_2_4_p0,High Effort,Medium Effort,3rd,3rd,2nd
40_2_51_p0,Low Effort,Low Effort,1st,1st,1st
40_2_54_p0,Medium Effort,Low Effort,1st,3rd,1st
40_2_57_p0,Medium Effort,Medium Effort,2nd,2nd,2nd
40_2_67_p1,Medium Effort,Low Effort,1st,2nd,2nd
40_2_70_p1,Low Effort,Low Effort,1st,1st,1st
40_2_73_p1,Medium Effort,Low Effort,1st,2nd,1st
40_2_77_p1,Medium Effort,Low Effort,1st,2nd,1st
40_2_7_p0,High Effort,Medium Effort,2nd,3rd,2nd
40_2_83_p0,Medium Effort,Low Effort,2nd,1st,1st
40_2_85_p0,Medium Effort,Low Effort,2nd,1st,1st
40_2_89_p0,Medium Effort,Low Effort,2nd,1st,1st
40_2_93_p0,Medium Effort,Low Effort,2nd,1st,1st
41_2_13_p1,Low Effort,Low Effort,1st,1st,1st
41_2_17_p1,Medium Effort,Medium Effort,3rd,2nd,1st
41_2_21_p1,Medium Effort,Medium Effort,2nd,2nd,1st
41_2_30_p0,Medium Effort,Medium Effort,1st,1st,3rd
41_2_34_p0,Medium Effort,Medium Effort,2nd,1st,2nd
41_2_37_p0,Medium Effort,Medium Effort,2nd,1st,3rd
41_2_40_p0,Medium Effort,Medium Effort,2nd,2nd,2nd
41_2_43_p0,Low Effort,Low Effort,1st,1st,1st
41_2_46_p0,Medium Effort,Medium Effort,2nd,1st,2nd
41_2_51_p1,Medium Effort,Medium Effort,1st,2nd,3rd
41_2_54_p1,Medium Effort,Low Effort,1st,1st,2nd
41_2_57_p1,Medium Effort,Low Effort,1st,2nd,2nd
41_2_61_p1,Medium Effort,Low Effort,2nd,3rd,1st
41_2_64_p1,Medium Effort,Low Effort,1st,2nd,2nd
41_2_71_p0,Low Effort,Low Effort,1st,1st,1st
41_2_74_p0,Medium Effort,Low Effort,2nd,2nd,1st
41_2_76_p0,Medium Effort,Low Effort,1st,2nd,1st
41_2_7_p0,Medium Effort,Medium Effort,2nd,2nd,1st
41_2_81_p0,Medium Effort,Medium Effort,2nd,2nd,2nd
41_2_88_p1,Medium Effort,Low Effort,2nd,2nd,1st
41_2_91_p1,Medium Effort,Low Effort,2nd,2nd,1st
41_2_95_p1,High Effort,Medium Effort,3rd,2nd,2nd
41_2_98_p1,Medium Effort,Medium Effort,2nd,3rd,1st
45_2_105_p1,Medium Effort,Low Effort,2nd,1st,2nd
45_2_109_p1,Medium Effort,Low Effort,2nd,1st,2nd
45_2_10_p0,Medium Effort,Low Effort,1st,1st,2nd
45_2_112_p1,Medium Effort,Low Effort,3rd,1st,1st
45_2_114_p1,Medium Effort,Low Effort,2nd,1st,2nd
45_2_13_p0,Low Effort,Low Effort,1st,1st,1st
45_2_16_p0,Medium Effort,Low Effort,1st,1st,2nd
45_2_25_p1,Medium Effort,Medium Effort,2nd,1st,3rd
45_2_28_p1,Medium Effort,Medium Effort,2nd,1st,2nd
45_2_31_p1,Medium Effort,Low Effort,1st,1st,2nd
45_2_34_p1,Low Effort,Low Effort,1st,1st,1st
45_2_37_p1,Medium Effort,Low Effort,1st,1st,2nd
45_2_39_p1,Medium Effort,Low Effort,2nd,1st,1st
45_2_42_p1,Medium Effort,Medium Effort,1st,1st,3rd
45_2_48_p0,Medium Effort,Medium Effort,3rd,1st,1st
45_2_4_p0,Medium Effort,Low Effort,2nd,1st,1st
45_2_51_p0,Medium Effort,Medium Effort,3rd,2nd,1st
45_2_54_p0,Medium Effort,Medium Effort,3rd,1st,1st
45_2_65_p1,Medium Effort,Medium Effort,3rd,1st,1st
45_2_69_p1,Medium Effort,Medium Effort,3rd,1st,1st
45_2_73_p1,High Effort,Medium Effort,3rd,2nd,2nd
45_2_76_p1,Medium Effort,Medium Effort,3rd,1st,1st
45_2_78_p1,High Effort,Medium Effort,3rd,2nd,2nd
45_2_7_p0,Medium Effort,Low Effort,2nd,1st,1st
45_2_82_p0,Medium Effort,Low Effort,2nd,1st,1st
45_2_85_p0,Medium Effort,Medium Effort,2nd,2nd,2nd
45_2_88_p0,Medium Effort,Medium Effort,2nd,1st,3rd
45_2_90_p0,Medium Effort,Low Effort,3rd,1st,1st
45_2_92_p0,Low Effort,Low Effort,1st,1st,1st
45_2_96_p0,Medium Effort,Low Effort,3rd,1st,1st
46_2_10_p0,High Effort,High Effort,3rd,3rd,1st
46_2_17_p1,High Effort,Medium Effort,3rd,2nd,3rd
46_2_20_p1,High Effort,Medium Effort,3rd,1st,3rd
46_2_32_p0,High Effort,Medium Effort,2nd,2nd,3rd
46_2_36_p0,Medium Effort,Low Effort,1st,2nd,1st
46_2_39_p0,Medium Effort,Medium Effort,2nd,1st,2nd
46_2_42_p0,Medium Effort,Medium Effort,2nd,1st,2nd
46_2_45_p0,Medium Effort,Low Effort,1st,2nd,2nd
46_2_4_p0,Medium Effort,Medium Effort,2nd,2nd,1st
46_2_55_p1,Medium Effort,Medium Effort,2nd,1st,3rd
46_2_58_p1,Medium Effort,Medium Effort,3rd,1st,2nd
46_2_61_p1,Low Effort,Low Effort,1st,1st,1st
46_2_64_p1,Medium Effort,Low Effort,1st,1st,2nd
46_2_67_p1,Medium Effort,Low Effort,1st,1st,2nd
46_2_69_p1,Medium Effort,Medium Effort,1st,2nd,3rd
46_2_75_p0,High Effort,Medium Effort,3rd,2nd,3rd
46_2_78_p0,Medium Effort,Medium Effort,3rd,2nd,1st
46_2_7_p0,Medium Effort,Medium Effort,2nd,2nd,1st
46_2_80_p0,Medium Effort,Low Effort,2nd,2nd,1st
46_2_84_p0,Medium Effort,Low Effort,1st,1st,2nd
46_2_90_p1,Medium Effort,Medium Effort,2nd,1st,3rd
46_2_92_p1,High Effort,High Effort,3rd,3rd,3rd
46_2_95_p1,Medium Effort,Low Effort,2nd,1st,2nd
46_2_98_p1,Medium Effort,Low Effort,2nd,2nd,1st
48_2_100_p1,Low Effort,Low Effort,1st,1st,1st
48_2_11_p0,Medium Effort,Low Effort,1st,1st,2nd
48_2_18_p1,High Effort,High Effort,3rd,3rd,3rd
48_2_21_p1,Medium Effort,Low Effort,2nd,2nd,1st
48_2_24_p1,High Effort,Medium Effort,3rd,3rd,2nd
48_2_26_p1,High Effort,Medium Effort,2nd,3rd,3rd
48_2_29_p1,Medium Effort,Medium Effort,3rd,1st,2nd
48_2_38_p0,High Effort,Medium Effort,3rd,2nd,2nd
48_2_3_p0,High Effort,Medium Effort,3rd,3rd,1st
48_2_42_p0,Medium Effort,Low Effort,2nd,1st,1st
48_2_44_p0,High Effort,Medium Effort,2nd,3rd,2nd
48_2_51_p1,Medium Effort,Medium Effort,3rd,1st,2nd
48_2_54_p1,Medium Effort,Medium Effort,2nd,2nd,2nd
48_2_5_p0,Medium Effort,Medium Effort,2nd,3rd,1st
48_2_60_p1,High Effort,Medium Effort,3rd,2nd,2nd
48_2_70_p0,Medium Effort,Medium Effort,1st,2nd,3rd
48_2_73_p0,Low Effort,Low Effort,1st,1st,1st
48_2_76_p0,Medium Effort,Low Effort,2nd,2nd,1st
48_2_79_p0,Medium Effort,Low Effort,1st,1st,2nd
48_2_87_p1,High Effort,Medium Effort,2nd,2nd,3rd
48_2_89_p1,Medium Effort,Medium Effort,1st,1st,3rd
48_2_8_p0,High Effort,Medium Effort,2nd,3rd,2nd
48_2_94_p1,Medium Effort,Medium Effort,2nd,1st,3rd
48_2_97_p1,Medium Effort,Medium Effort,2nd,1st,3rd
49_2_24_p1,Medium Effort,Low Effort,1st,1st,2nd
49_2_27_p1,Low Effort,Low Effort,1st,1st,1st
49_2_30_p1,Medium Effort,Low Effort,1st,1st,2nd
49_2_33_p1,Medium Effort,Low Effort,1st,1st,2nd
49_2_36_p1,Low Effort,Low Effort,1st,1st,1st
49_2_40_p1,Medium Effort,Low Effort,1st,1st,2nd
49_2_55_p1,Medium Effort,Low Effort,1st,2nd,1st
49_2_58_p1,Low Effort,Low Effort,1st,1st,1st
49_2_61_p1,Medium Effort,Low Effort,2nd,1st,1st
49_2_70_p0,Low Effort,Low Effort,1st,1st,1st
49_2_76_p0,High Effort,Medium Effort,2nd,3rd,2nd
49_2_83_p1,Medium Effort,Low Effort,2nd,1st,1st
49_2_87_p1,Medium Effort,Low Effort,1st,1st,2nd
49_2_90_p1,Low Effort,Low Effort,1st,1st,1st
49_2_93_p1,High Effort,Medium Effort,2nd,2nd,3rd
50_2_102_p1,Medium Effort,Low Effort,1st,1st,2nd
50_2_105_p1,Medium Effort,Low Effort,2nd,2nd,1st
50_2_107_p1,High Effort,Medium Effort,3rd,1st,3rd
50_2_109_p1,High Effort,Medium Effort,3rd,3rd,1st
50_2_10_p0,Medium Effort,Medium Effort,2nd,1st,3rd
50_2_112_p1,High Effort,Medium Effort,3rd,3rd,2nd
50_2_16_p0,Medium Effort,Low Effort,2nd,1st,1st
50_2_23_p1,Medium Effort,Low Effort,1st,1st,2nd
50_2_26_p1,Medium Effort,Low Effort,1st,1st,2nd
50_2_29_p1,Medium Effort,Low Effort,1st,1st,2nd
50_2_33_p1,High Effort,Medium Effort,2nd,2nd,3rd
50_2_36_p1,Medium Effort,Low Effort,1st,1st,2nd
50_2_46_p0,High Effort,Medium Effort,3rd,2nd,2nd
50_2_49_p0,High Effort,High Effort,3rd,3rd,2nd
50_2_52_p0,High Effort,Medium Effort,2nd,2nd,3rd
50_2_55_p0,Medium Effort,Low Effort,1st,2nd,1st
50_2_58_p0,Medium Effort,Low Effort,1st,1st,3rd
50_2_63_p1,Medium Effort,Medium Effort,2nd,2nd,1st
50_2_66_p1,Medium Effort,Low Effort,1st,1st,3rd
50_2_70_p1,High Effort,Medium Effort,3rd,2nd,3rd
50_2_73_p1,High Effort,Medium Effort,3rd,2nd,2nd
50_2_76_p1,High Effort,Medium Effort,1st,3rd,3rd
50_2_7_p0,Medium Effort,Medium Effort,2nd,1st,3rd
50_2_84_p0,Medium Effort,Medium Effort,2nd,1st,3rd
50_2_87_p0,Medium Effort,Low Effort,1st,1st,2nd
50_2_90_p0,High Effort,Medium Effort,3rd,1st,3rd
50_2_93_p0,Medium Effort,Medium Effort,3rd,1st,2nd
51_2_12_p0,Low Effort,Low Effort,1st,1st,1st
51_2_15_p0,Medium Effort,Low Effort,1st,2nd,1st
51_2_18_p0,High Effort,Medium Effort,2nd,2nd,3rd
51_2_21_p0,Medium Effort,Low Effort,1st,2nd,1st
51_2_29_p1,Low Effort,Low Effort,1st,1st,1st
51_2_33_p1,Medium Effort,Medium Effort,2nd,1st,2nd
51_2_37_p1,High Effort,High Effort,3rd,1st,3rd
51_2_39_p1,Low Effort,Low Effort,1st,1st,1st
51_2_49_p0,High Effort,Medium Effort,3rd,3rd,2nd
51_2_51_p0,Medium Effort,Low Effort,1st,3rd,1st
51_2_55_p0,Medium Effort,Low Effort,1st,2nd,1st
51_2_5_p0,Medium Effort,Low Effort,1st,2nd,1st
51_2_62_p1,Medium Effort,Low Effort,1st,2nd,1st
51_2_66_p1,High Effort,Medium Effort,3rd,2nd,3rd
51_2_69_p1,High Effort,Medium Effort,3rd,2nd,3rd
51_2_73_p1,Low Effort,Low Effort,1st,1st,1st
51_2_82_p0,High Effort,Medium Effort,3rd,2nd,3rd
51_2_86_p0,Medium Effort,Medium Effort,3rd,1st,1st
51_2_92_p1,Medium Effort,Low Effort,2nd,1st,1st
51_2_94_p1,Low Effort,Low Effort,1st,1st,1st
51_2_96_p1,Medium Effort,Low Effort,1st,2nd,2nd
51_2_9_p0,Medium Effort,Low Effort,1st,2nd,1st
52_2_15_p1,Medium Effort,Low Effort,1st,1st,2nd
52_2_18_p1,Medium Effort,Low Effort,1st,1st,2nd
52_2_29_p0,Medium Effort,Medium Effort,1st,1st,3rd
52_2_32_p0,Medium Effort,Medium Effort,3rd,1st,1st
52_2_35_p0,Low Effort,Low Effort,1st,1st,1st
52_2_38_p0,Medium Effort,Medium Effort,2nd,1st,2nd
52_2_3_p0,Medium Effort,Low Effort,1st,2nd,2nd
52_2_40_p0,High Effort,High Effort,3rd,1st,3rd
52_2_43_p0,Low Effort,Low Effort,1st,1st,1st
52_2_48_p1,Medium Effort,Medium Effort,2nd,1st,2nd
52_2_51_p1,Low Effort,Low Effort,1st,1st,1st
52_2_54_p1,Medium Effort,Medium Effort,2nd,2nd,2nd
52_2_57_p1,Low Effort,Low Effort,1st,1st,1st
52_2_59_p1,Low Effort,Low Effort,1st,1st,1st
52_2_62_p1,Low Effort,Low Effort,1st,1st,1st
52_2_68_p0,Medium Effort,Medium Effort,3rd,2nd,1st
52_2_6_p0,Medium Effort,Low Effort,1st,2nd,2nd
52_2_70_p0,Medium Effort,Low Effort,2nd,1st,2nd
52_2_73_p0,Medium Effort,Low Effort,3rd,1st,1st
52_2_77_p0,Low Effort,Low Effort,1st,1st,1st
52_2_84_p1,Medium Effort,Medium Effort,2nd,3rd,1st
52_2_88_p1,Medium Effort,Low Effort,2nd,1st,1st
52_2_90_p1,High Effort,Medium Effort,2nd,3rd,3rd
52_2_95_p1,Medium Effort,Low Effort,1st,2nd,1st
53_2_100_p1,Low Effort,Low Effort,1st,1st,1st
53_2_103_p1,Medium Effort,Low Effort,2nd,1st,1st
53_2_106_p1,Medium Effort,Low Effort,2nd,1st,1st
53_2_14_p0,Medium Effort,Medium Effort,2nd,2nd,1st
53_2_20_p1,Low Effort,Low Effort,1st,1st,1st
53_2_22_p1,Medium Effort,Medium Effort,3rd,2nd,1st
53_2_24_p1,Medium Effort,Low Effort,2nd,1st,1st
53_2_27_p1,Medium Effort,Low Effort,2nd,1st,1st
53_2_38_p0,Low Effort,Low Effort,1st,1st,1st
53_2_41_p0,Medium Effort,Low Effort,1st,1st,2nd
53_2_45_p0,Low Effort,Low Effort,1st,1st,1st
53_2_48_p0,Medium Effort,Medium Effort,1st,1st,3rd
53_2_52_p0,Medium Effort,Low Effort,1st,2nd,1st
53_2_62_p1,Low Effort,Low Effort,1st,1st,1st
53_2_64_p1,Low Effort,Low Effort,1st,1st,1st
53_2_67_p1,Low Effort,Low Effort,1st,1st,1st
53_2_6_p0,Medium Effort,Medium Effort,2nd,2nd,1st
53_2_72_p1,Low Effort,Low Effort,1st,1st,1st
53_2_79_p0,Medium Effort,Medium Effort,2nd,2nd,2nd
53_2_82_p0,High Effort,Medium Effort,2nd,3rd,3rd
53_2_84_p0,Medium Effort,Medium Effort,2nd,3rd,1st
53_2_87_p0,High Effort,Medium Effort,2nd,2nd,3rd
53_2_91_p0,Medium Effort,Low Effort,1st,2nd,2nd
53_2_97_p1,Medium Effort,Low Effort,2nd,1st,2nd
53_2_9_p0,Medium Effort,Low Effort,2nd,1st,1st
54_2_16_p1,High Effort,Medium Effort,2nd,3rd,3rd
54_2_20_p1,Medium Effort,Low Effort,2nd,1st,3rd
54_2_23_p1,High Effort,Medium Effort,3rd,2nd,3rd
54_2_26_p1,High Effort,High Effort,3rd,3rd,3rd
54_2_33_p0,Low Effort,Low Effort,1st,1st,1st
54_2_36_p0,Medium Effort,Low Effort,1st,2nd,1st
54_2_3_p0,Medium Effort,Low Effort,1st,1st,2nd
54_2_6_p0,Medium Effort,Low Effort,2nd,1st,1st
54_2_100_p1,High Effort,Medium Effort,3rd,3rd,2nd
54_2_103_p1,Medium Effort,Low Effort,2nd,3rd,1st
54_2_49_p1,Medium Effort,Low Effort,1st,2nd,2nd
54_2_51_p1,Medium Effort,Low Effort,1st,3rd,1st
54_2_54_p1,High Effort,Medium Effort,3rd,3rd,1st
54_2_56_p1,High Effort,Medium Effort,3rd,3rd,1st
54_2_66_p0,Low Effort,Low Effort,1st,1st,1st
54_2_70_p0,Medium Effort,Low Effort,1st,2nd,1st
54_2_72_p0,Medium Effort,Low Effort,1st,2nd,1st
54_2_74_p0,Medium Effort,Low Effort,1st,2nd,1st
54_2_77_p0,Medium Effort,Low Effort,1st,3rd,1st
54_2_80_p0,Medium Effort,Low Effort,1st,3rd,1st
54_2_86_p1,High Effort,Medium Effort,2nd,3rd,2nd
54_2_89_p1,Medium Effort,Medium Effort,1st,2nd,3rd
54_2_92_p1,High Effort,Medium Effort,3rd,3rd,1st
54_2_95_p1,Medium Effort,Low Effort,1st,1st,2nd
54_2_98_p1,Medium Effort,Low Effort,1st,2nd,2nd
55_2_107_p1,High Effort,Medium Effort,3rd,1st,3rd
55_2_10_p0,Medium Effort,Low Effort,1st,2nd,2nd
55_2_110_p1,Medium Effort,Medium Effort,2nd,2nd,2nd
55_2_116_p1,Medium Effort,Low Effort,2nd,1st,1st
55_2_12_p0,High Effort,Medium Effort,2nd,3rd,2nd
55_2_21_p1,Medium Effort,Low Effort,2nd,1st,2nd
55_2_24_p1,Medium Effort,Low Effort,2nd,1st,2nd
55_2_27_p1,Low Effort,Low Effort,1st,1st,1st
55_2_31_p1,Medium Effort,Medium Effort,3rd,1st,2nd
55_2_34_p1,Low Effort,Low Effort,1st,1st,1st
55_2_3_p0,Medium Effort,Medium Effort,2nd,2nd,1st
55_2_45_p0,Medium Effort,Low Effort,1st,3rd,2nd
55_2_47_p0,Medium Effort,Low Effort,1st,2nd,2nd
55_2_49_p0,Low Effort,Low Effort,1st,1st,1st
55_2_52_p0,Medium Effort,Low Effort,1st,1st,2nd
55_2_55_p0,Medium Effort,Low Effort,1st,2nd,1st
55_2_57_p0,Low Effort,Low Effort,1st,1st,1st
55_2_68_p1,Medium Effort,Medium Effort,1st,2nd,3rd
55_2_6_p0,Medium Effort,Medium Effort,2nd,2nd,2nd
55_2_72_p1,Medium Effort,Medium Effort,1st,2nd,3rd
55_2_75_p1,Medium Effort,Medium Effort,2nd,1st,3rd
55_2_78_p1,Medium Effort,Medium Effort,1st,1st,3rd
55_2_86_p0,Medium Effort,Low Effort,1st,2nd,1st
55_2_89_p0,High Effort,High Effort,3rd,3rd,3rd
55_2_92_p0,High Effort,Medium Effort,2nd,3rd,3rd
55_2_95_p0,Medium Effort,Low Effort,1st,2nd,1st
55_2_98_p0,High Effort,Medium Effort,2nd,2nd,3rd
56_2_100_p1,Medium Effort,Medium Effort,2nd,3rd,1st
56_2_102_p1,Medium Effort,Medium Effort,2nd,3rd,1st
56_2_105_p1,Medium Effort,Medium Effort,2nd,3rd,1st
56_2_10_p0,Medium Effort,Low Effort,1st,2nd,2nd
56_2_13_p0,Medium Effort,Low Effort,1st,2nd,1st
56_2_17_p0,Medium Effort,Low Effort,1st,2nd,1st
56_2_24_p1,Medium Effort,Medium Effort,1st,1st,3rd
56_2_27_p1,Low Effort,Low Effort,1st,1st,1st
56_2_30_p1,Medium Effort,Medium Effort,1st,2nd,3rd
56_2_33_p1,Medium Effort,Medium Effort,2nd,2nd,2nd
56_2_36_p1,Medium Effort,Low Effort,2nd,2nd,1st
56_2_38_p1,Low Effort,Low Effort,1st,1st,1st
56_2_41_p1,Low Effort,Low Effort,1st,1st,1st
56_2_49_p0,Low Effort,Low Effort,1st,1st,1st
56_2_4_p0,Medium Effort,Low Effort,1st,2nd,1st
56_2_52_p0,Medium Effort,Medium Effort,2nd,2nd,1st
56_2_55_p0,Medium Effort,Low Effort,1st,2nd,1st
56_2_58_p0,Medium Effort,Low Effort,1st,2nd,2nd
56_2_61_p0,Medium Effort,Medium Effort,2nd,2nd,2nd
56_2_68_p1,Medium Effort,Medium Effort,2nd,2nd,1st
56_2_72_p1,High Effort,Medium Effort,3rd,2nd,2nd
56_2_78_p1,Medium Effort,Low Effort,1st,2nd,1st
56_2_85_p0,High Effort,Medium Effort,2nd,2nd,3rd
56_2_89_p0,Medium Effort,Medium Effort,1st,2nd,3rd
56_2_8_p0,Medium Effort,Low Effort,1st,1st,2nd
57_2_103_p1,Medium Effort,Medium Effort,3rd,1st,1st
57_2_107_p1,Medium Effort,Medium Effort,3rd,1st,1st
57_2_16_p1,High Effort,Medium Effort,3rd,2nd,3rd
57_2_19_p1,Medium Effort,Low Effort,2nd,1st,2nd
57_2_22_p1,High Effort,Medium Effort,3rd,2nd,2nd
57_2_25_p1,High Effort,Medium Effort,3rd,2nd,2nd
57_2_28_p1,High Effort,Medium Effort,2nd,3rd,3rd
57_2_31_p1,Medium Effort,Low Effort,1st,3rd,1st
57_2_39_p0,Low Effort,Low Effort,1st,1st,1st
57_2_42_p0,Medium Effort,Medium Effort,1st,2nd,3rd
57_2_45_p0,Medium Effort,Low Effort,2nd,1st,1st
57_2_47_p0,Medium Effort,Medium Effort,2nd,1st,3rd
57_2_4_p0,High Effort,Medium Effort,3rd,3rd,2nd
57_2_51_p0,High Effort,High Effort,3rd,1st,3rd
57_2_53_p0,Medium Effort,Medium Effort,3rd,1st,2nd
57_2_59_p1,Low Effort,Low Effort,1st,1st,1st
57_2_62_p1,Medium Effort,Low Effort,1st,1st,2nd
57_2_65_p1,Medium Effort,Low Effort,1st,1st,2nd
57_2_68_p1,Medium Effort,Low Effort,2nd,1st,1st
57_2_72_p1,Medium Effort,Medium Effort,2nd,1st,2nd
57_2_75_p1,Medium Effort,Medium Effort,2nd,1st,3rd
57_2_83_p0,Medium Effort,Medium Effort,3rd,2nd,1st
57_2_86_p0,Low Effort,Low Effort,1st,1st,1st
57_2_88_p0,Low Effort,Low Effort,1st,1st,1st
57_2_8_p0,Medium Effort,Low Effort,1st,2nd,2nd
57_2_98_p1,Medium Effort,Medium Effort,2nd,2nd,1st
58_2_100_p1,Medium Effort,Medium Effort,2nd,1st,3rd
58_2_103_p1,Low Effort,Low Effort,1st,1st,1st
58_2_107_p1,Medium Effort,Medium Effort,3rd,1st,2nd
58_2_11_p0,Medium Effort,Low Effort,2nd,1st,1st
58_2_19_p1,Low Effort,Low Effort,1st,1st,1st
58_2_22_p1,Medium Effort,Low Effort,2nd,1st,2nd
58_2_24_p1,Medium Effort,Medium Effort,3rd,1st,1st
58_2_27_p1,Medium Effort,Medium Effort,3rd,1st,1st
58_2_29_p1,Low Effort,Low Effort,1st,1st,1st
58_2_2_p0,Low Effort,Low Effort,1st,1st,1st
58_2_37_p0,Low Effort,Low Effort,1st,1st,1st
58_2_41_p0,Medium Effort,Low Effort,2nd,2nd,1st
58_2_46_p0,Low Effort,Low Effort,1st,1st,1st
58_2_48_p0,High Effort,Medium Effort,3rd,3rd,2nd
58_2_4_p0,Medium Effort,Medium Effort,2nd,2nd,1st
58_2_54_p1,Medium Effort,Medium Effort,2nd,2nd,2nd
58_2_58_p1,Medium Effort,Low Effort,3rd,1st,1st
58_2_63_p1,Medium Effort,Low Effort,3rd,1st,1st
58_2_72_p0,Medium Effort,Medium Effort,2nd,1st,3rd
58_2_75_p0,Low Effort,Low Effort,1st,1st,1st
58_2_77_p0,Low Effort,Low Effort,1st,1st,1st
58_2_7_p0,Low Effort,Low Effort,1st,1st,1st
58_2_80_p0,Low Effort,Low Effort,1st,1st,1st
58_2_83_p0,High Effort,High Effort,3rd,2nd,3rd
58_2_86_p0,Medium Effort,Low Effort,1st,1st,2nd
58_2_92_p1,Low Effort,Low Effort,1st,1st,1st
58_2_95_p1,Medium Effort,Medium Effort,1st,1st,3rd
58_2_97_p1,Medium Effort,Medium Effort,2nd,1st,2nd
59_2_17_p1,Medium Effort,Low Effort,2nd,1st,1st
59_2_32_p0,Medium Effort,Medium Effort,2nd,1st,2nd
59_2_35_p0,Medium Effort,Low Effort,1st,2nd,1st
59_2_39_p0,Medium Effort,Low Effort,1st,1st,2nd
59_2_42_p0,High Effort,Medium Effort,2nd,3rd,3rd
59_2_51_p1,Medium Effort,Low Effort,1st,1st,2nd
59_2_55_p1,Low Effort,Low Effort,1st,1st,1st
59_2_58_p1,Medium Effort,Medium Effort,2nd,1st,3rd
59_2_5_p0,High Effort,Medium Effort,3rd,3rd,1st
59_2_61_p1,Low Effort,Low Effort,1st,1st,1st
59_2_63_p1,Medium Effort,Medium Effort,2nd,1st,2nd
59_2_65_p1,Medium Effort,Low Effort,1st,2nd,1st
59_2_72_p0,High Effort,High Effort,3rd,3rd,1st
59_2_74_p0,Medium Effort,Low Effort,2nd,1st,1st
59_2_76_p0,Medium Effort,Low Effort,2nd,1st,1st
59_2_79_p0,High Effort,High Effort,3rd,3rd,1st
59_2_87_p1,High Effort,High Effort,3rd,3rd,2nd
59_2_89_p1,Medium Effort,Medium Effort,2nd,2nd,2nd
59_2_8_p0,High Effort,Medium Effort,3rd,3rd,1st
59_2_92_p1,Medium Effort,Medium Effort,2nd,2nd,2nd
59_2_98_p1,Medium Effort,Medium Effort,2nd,2nd,2nd
5_2_100_p1,High Effort,Medium Effort,2nd,2nd,3rd
5_2_11_p0,High Effort,Medium Effort,3rd,3rd,1st
5_2_13_p0,High Effort,Medium Effort,3rd,3rd,2nd
5_2_15_p0,Low Effort,Low Effort,1st,1st,1st
5_2_20_p1,Low Effort,Low Effort,1st,1st,1st
5_2_23_p1,Medium Effort,Medium Effort,1st,3rd,2nd
5_2_27_p1,Medium Effort,Medium Effort,2nd,3rd,1st
5_2_31_p1,Medium Effort,Low Effort,1st,3rd,1st
5_2_33_p1,Medium Effort,Low Effort,1st,3rd,1st
5_2_41_p0,Medium Effort,Low Effort,2nd,1st,1st
5_2_45_p0,High Effort,High Effort,3rd,3rd,1st
5_2_49_p0,Medium Effort,Medium Effort,2nd,2nd,2nd
5_2_4_p0,Medium Effort,Low Effort,3rd,1st,1st
5_2_55_p1,Medium Effort,Medium Effort,1st,3rd,2nd
5_2_60_p1,Medium Effort,Medium Effort,2nd,2nd,1st
5_2_69_p0,Medium Effort,Low Effort,1st,2nd,2nd
5_2_72_p0,Low Effort,Low Effort,1st,1st,1st
5_2_75_p0,Medium Effort,Medium Effort,2nd,2nd,2nd
5_2_78_p0,Low Effort,Low Effort,1st,1st,1st
5_2_7_p0,Medium Effort,Low Effort,2nd,1st,1st
5_2_81_p0,Medium Effort,Low Effort,1st,1st,2nd
5_2_84_p0,Medium Effort,Low Effort,1st,2nd,1st
5_2_92_p1,Medium Effort,Low Effort,1st,1st,2nd
5_2_95_p1,Medium Effort,Low Effort,1st,2nd,1st
5_2_97_p1,Medium Effort,Low Effort,1st,2nd,2nd
5_2_9_p0,Medium Effort,Low Effort,3rd,1st,1st
60_2_100_p1,High Effort,Medium Effort,2nd,3rd,3rd
60_2_103_p1,Medium Effort,Low Effort,1st,2nd,1st
60_2_106_p1,Medium Effort,Low Effort,3rd,1st,1st
60_2_10_p0,High Effort,High Effort,3rd,3rd,2nd
60_2_22_p1,Medium Effort,Low Effort,2nd,1st,1st
60_2_25_p1,Low Effort,Low Effort,1st,1st,1st
60_2_29_p1,Medium Effort,Low Effort,2nd,1st,1st
60_2_37_p0,Medium Effort,Medium Effort,1st,1st,3rd
60_2_40_p0,Low Effort,Low Effort,1st,1st,1st
60_2_43_p0,Medium Effort,Low Effort,1st,1st,2nd
60_2_45_p0,Medium Effort,Low Effort,2nd,2nd,1st
60_2_4_p0,Medium Effort,Medium Effort,2nd,2nd,2nd
60_2_50_p0,Medium Effort,Medium Effort,2nd,1st,3rd
60_2_55_p1,Low Effort,Low Effort,1st,1st,1st
60_2_57_p1,Medium Effort,Medium Effort,2nd,2nd,2nd
60_2_60_p1,Low Effort,Low Effort,1st,1st,1st
60_2_62_p1,Medium Effort,Low Effort,1st,1st,2nd
60_2_65_p1,Medium Effort,Low Effort,1st,2nd,1st
60_2_68_p1,Low Effort,Low Effort,1st,1st,1st
60_2_71_p1,Medium Effort,Medium Effort,2nd,1st,2nd
60_2_78_p0,Medium Effort,Medium Effort,3rd,2nd,1st
60_2_7_p0,Medium Effort,Medium Effort,1st,3rd,1st
60_2_81_p0,High Effort,Medium Effort,3rd,1st,3rd
60_2_84_p0,High Effort,Medium Effort,3rd,2nd,3rd
60_2_86_p0,Medium Effort,Medium Effort,2nd,3rd,1st
60_2_90_p0,High Effort,High Effort,3rd,3rd,3rd
60_2_92_p0,Medium Effort,Low Effort,2nd,2nd,1st
61_2_101_p1,Medium Effort,Medium Effort,3rd,1st,2nd
61_2_104_p1,High Effort,High Effort,3rd,2nd,3rd
61_2_107_p1,Medium Effort,Medium Effort,2nd,1st,3rd
61_2_12_p0,High Effort,Medium Effort,3rd,3rd,2nd
61_2_16_p0,High Effort,Medium Effort,3rd,2nd,2nd
61_2_25_p1,Medium Effort,Medium Effort,3rd,2nd,1st
61_2_28_p1,High Effort,Medium Effort,3rd,2nd,3rd
61_2_31_p1,High Effort,Medium Effort,3rd,2nd,2nd
61_2_35_p1,Medium Effort,Medium Effort,3rd,1st,2nd
61_2_41_p0,Low Effort,Low Effort,1st,1st,1st
61_2_44_p0,High Effort,Medium Effort,3rd,2nd,3rd
61_2_50_p0,High Effort,Medium Effort,3rd,1st,3rd
61_2_56_p1,Medium Effort,Medium Effort,3rd,2nd,1st
61_2_59_p1,Medium Effort,Medium Effort,1st,3rd,2nd
61_2_5_p0,High Effort,High Effort,3rd,3rd,3rd
61_2_61_p1,High Effort,High Effort,3rd,3rd,1st
61_2_65_p1,Medium Effort,Medium Effort,3rd,2nd,1st
61_2_67_p1,Medium Effort,Medium Effort,3rd,2nd,1st
61_2_75_p0,Medium Effort,Low Effort,1st,1st,2nd
61_2_78_p0,High Effort,High Effort,3rd,1st,3rd
61_2_82_p0,High Effort,High Effort,3rd,2nd,3rd
61_2_85_p0,Medium Effort,Medium Effort,2nd,2nd,2nd
61_2_88_p0,Medium Effort,Low Effort,1st,1st,2nd
61_2_8_p0,High Effort,High Effort,3rd,3rd,3rd
61_2_91_p0,Medium Effort,Medium Effort,2nd,1st,2nd
61_2_98_p1,Medium Effort,Medium Effort,3rd,1st,2nd
62_2_102_p1,Medium Effort,Medium Effort,2nd,1st,2nd
62_2_105_p1,High Effort,High Effort,3rd,1st,3rd
62_2_108_p1,Medium Effort,Medium Effort,3rd,1st,1st
62_2_111_p1,Medium Effort,Low Effort,2nd,1st,1st
62_2_114_p1,High Effort,Medium Effort,3rd,2nd,2nd
62_2_116_p1,Medium Effort,Medium Effort,3rd,1st,1st
62_2_12_p0,Medium Effort,Low Effort,1st,1st,2nd
62_2_16_p0,Medium Effort,Medium Effort,3rd,1st,2nd
62_2_22_p1,High Effort,High Effort,3rd,3rd,2nd
62_2_25_p1,High Effort,High Effort,3rd,3rd,1st
62_2_29_p1,Medium Effort,Medium Effort,3rd,1st,2nd
62_2_32_p1,High Effort,High Effort,3rd,3rd,2nd
62_2_34_p1,Medium Effort,Medium Effort,3rd,1st,1st
62_2_3_p0,High Effort,Medium Effort,3rd,2nd,3rd
62_2_40_p0,Medium Effort,Low Effort,2nd,1st,1st
62_2_44_p0,Medium Effort,Low Effort,2nd,1st,1st
62_2_47_p0,High Effort,Medium Effort,3rd,1st,3rd
62_2_56_p1,Low Effort,Low Effort,1st,1st,1st
62_2_61_p1,Medium Effort,Low Effort,2nd,1st,1st
62_2_64_p1,High Effort,Medium Effort,3rd,2nd,2nd
62_2_72_p0,Medium Effort,Low Effort,2nd,1st,1st
62_2_75_p0,High Effort,Medium Effort,2nd,3rd,2nd
62_2_78_p0,Medium Effort,Medium Effort,2nd,1st,2nd
62_2_7_p0,Medium Effort,Medium Effort,3rd,1st,1st
62_2_81_p0,Medium Effort,Medium Effort,2nd,2nd,2nd
62_2_84_p0,Medium Effort,Low Effort,2nd,1st,1st
62_2_87_p0,Medium Effort,Medium Effort,3rd,1st,1st
62_2_90_p0,High Effort,Medium Effort,3rd,2nd,2nd
62_2_99_p1,Medium Effort,Medium Effort,2nd,1st,3rd
62_2_9_p0,High Effort,Medium Effort,2nd,2nd,3rd
63_2_11_p1,Medium Effort,Medium Effort,3rd,1st,1st
63_2_26_p0,High Effort,Medium Effort,3rd,2nd,2nd
63_2_30_p0,Medium Effort,Low Effort,3rd,1st,1st
63_2_35_p1,High Effort,Medium Effort,3rd,2nd,2nd
63_2_37_p1,High Effort,Medium Effort,3rd,3rd,2nd
63_2_40_p1,Medium Effort,Low Effort,2nd,1st,2nd
63_2_45_p1,Medium Effort,Low Effort,3rd,1st,1st
63_2_55_p0,Medium Effort,Low Effort,1st,1st,2nd
63_2_58_p0,Low Effort,Low Effort,1st,1st,1st
63_2_60_p0,Low Effort,Low Effort,1st,1st,1st
63_2_68_p1,Medium Effort,Low Effort,2nd,2nd,1st
63_2_71_p1,Medium Effort,Medium Effort,2nd,1st,3rd
63_2_73_p1,Medium Effort,Low Effort,2nd,2nd,1st
63_2_76_p1,Medium Effort,Medium Effort,2nd,1st,3rd
63_2_79_p1,Medium Effort,Medium Effort,3rd,1st,1st
63_2_82_p1,Low Effort,Low Effort,1st,1st,1st
64_2_100_p1,Medium Effort,Low Effort,2nd,2nd,1st
64_2_102_p1,Medium Effort,Low Effort,2nd,1st,1st
64_2_106_p1,Medium Effort,Low Effort,3rd,1st,1st
64_2_12_p0,High Effort,Medium Effort,3rd,2nd,3rd
64_2_18_p1,High Effort,High Effort,3rd,3rd,2nd
64_2_20_p1,Medium Effort,Low Effort,2nd,1st,1st
64_2_24_p1,Medium Effort,Medium Effort,3rd,2nd,1st
64_2_28_p1,High Effort,High Effort,3rd,3rd,2nd
64_2_34_p0,Medium Effort,Medium Effort,1st,2nd,3rd
64_2_37_p0,Medium Effort,Low Effort,1st,1st,2nd
64_2_40_p0,Medium Effort,Low Effort,2nd,2nd,1st
64_2_43_p0,Medium Effort,Medium Effort,1st,2nd,3rd
64_2_46_p0,Low Effort,Low Effort,1st,1st,1st
64_2_49_p0,High Effort,Medium Effort,2nd,3rd,3rd
64_2_52_p0,Low Effort,Low Effort,1st,1st,1st
64_2_61_p1,Low Effort,Low Effort,1st,1st,1st
64_2_63_p1,Medium Effort,Low Effort,1st,3rd,2nd
64_2_66_p1,Medium Effort,Low Effort,1st,2nd,1st
64_2_6_p0,High Effort,Medium Effort,3rd,1st,3rd
64_2_76_p0,Medium Effort,Low Effort,1st,1st,3rd
64_2_78_p0,High Effort,Medium Effort,3rd,2nd,3rd
64_2_81_p0,Medium Effort,Low Effort,2nd,2nd,1st
64_2_84_p0,Medium Effort,Low Effort,1st,1st,2nd
64_2_94_p1,Medium Effort,Medium Effort,3rd,2nd,1st
64_2_96_p1,Medium Effort,Medium Effort,2nd,2nd,2nd
64_2_9_p0,Medium Effort,Medium Effort,2nd,2nd,1st
65_2_14_p0,Low Effort,Low Effort,1st,1st,1st
65_2_21_p1,Medium Effort,Low Effort,1st,2nd,1st
65_2_27_p1,Medium Effort,Medium Effort,3rd,1st,1st
65_2_36_p0,Medium Effort,Medium Effort,3rd,1st,1st
65_2_39_p0,Medium Effort,Medium Effort,1st,1st,3rd
65_2_42_p0,Low Effort,Low Effort,1st,1st,1st
65_2_45_p0,Low Effort,Low Effort,1st,1st,1st
65_2_49_p0,Low Effort,Low Effort,1st,1st,1st
65_2_4_p0,Medium Effort,Low Effort,2nd,1st,1st
65_2_58_p1,Medium Effort,Low Effort,1st,1st,2nd
65_2_61_p1,Low Effort,Low Effort,1st,1st,1st
65_2_64_p1,Low Effort,Low Effort,1st,1st,1st
65_2_66_p1,Medium Effort,Medium Effort,1st,2nd,3rd
65_2_69_p1,Low Effort,Low Effort,1st,1st,1st
65_2_6_p0,Medium Effort,Medium Effort,3rd,2nd,1st
65_2_77_p0,Medium Effort,Low Effort,1st,1st,2nd
65_2_79_p0,Medium Effort,Low Effort,1st,1st,2nd
65_2_83_p0,High Effort,High Effort,3rd,3rd,3rd
65_2_86_p0,Medium Effort,Medium Effort,3rd,2nd,1st
65_2_92_p1,Medium Effort,Medium Effort,2nd,2nd,2nd
65_2_9_p0,Low Effort,Low Effort,1st,1st,1st
66_2_102_p1,Medium Effort,Low Effort,1st,1st,2nd
66_2_11_p0,Medium Effort,Low Effort,1st,1st,2nd
66_2_13_p0,Medium Effort,Medium Effort,2nd,2nd,2nd
66_2_22_p1,Low Effort,Low Effort,1st,1st,1st
66_2_26_p1,Low Effort,Low Effort,1st,1st,1st
66_2_30_p1,Low Effort,Low Effort,1st,1st,1st
66_2_39_p0,Medium Effort,Medium Effort,1st,3rd,1st
66_2_41_p0,Medium Effort,Low Effort,1st,2nd,2nd
66_2_4_p0,Medium Effort,Medium Effort,2nd,2nd,2nd
66_2_54_p1,Low Effort,Low Effort,1st,1st,1st
66_2_56_p1,Medium Effort,Low Effort,2nd,1st,1st
66_2_59_p1,Medium Effort,Low Effort,2nd,1st,3rd
66_2_62_p1,High Effort,Medium Effort,3rd,2nd,2nd
66_2_6_p0,High Effort,Medium Effort,2nd,2nd,3rd
66_2_72_p0,Low Effort,Low Effort,1st,1st,1st
66_2_75_p0,Medium Effort,Medium Effort,2nd,2nd,2nd
66_2_79_p0,Low Effort,Low Effort,1st,1st,1st
66_2_82_p0,Low Effort,Low Effort,1st,1st,1st
66_2_84_p0,Medium Effort,Medium Effort,2nd,1st,3rd
66_2_87_p0,Low Effort,Low Effort,1st,1st,1st
66_2_95_p1,Medium Effort,Low Effort,2nd,1st,1st
66_2_98_p1,High Effort,Medium Effort,3rd,2nd,2nd
67_2_102_p1,Medium Effort,Low Effort,2nd,1st,1st
67_2_10_p0,Medium Effort,Low Effort,1st,2nd,2nd
67_2_13_p0,Low Effort,Low Effort,1st,1st,1st
67_2_16_p0,Low Effort,Low Effort,1st,1st,1st
67_2_20_p0,Low Effort,Low Effort,1st,1st,1st
67_2_29_p1,Medium Effort,Low Effort,1st,1st,2nd
67_2_32_p1,Low Effort,Low Effort,1st,1st,1st
67_2_36_p1,Low Effort,Low Effort,1st,1st,1st
67_2_39_p1,Medium Effort,Low Effort,1st,2nd,1st
67_2_42_p1,Medium Effort,Medium Effort,2nd,2nd,2nd
67_2_45_p1,Low Effort,Low Effort,1st,1st,1st
67_2_54_p0,Medium Effort,Low Effort,2nd,1st,1st
67_2_66_p1,Medium Effort,Low Effort,2nd,1st,1st
67_2_69_p1,Medium Effort,Low Effort,2nd,1st,1st
67_2_77_p0,High Effort,High Effort,3rd,3rd,1st
67_2_79_p0,Medium Effort,Medium Effort,2nd,2nd,1st
67_2_7_p0,Low Effort,Low Effort,1st,1st,1st
67_2_82_p0,Low Effort,Low Effort,1st,1st,1st
67_2_86_p0,Medium Effort,Low Effort,2nd,1st,1st
67_2_90_p1,Medium Effort,Medium Effort,2nd,2nd,1st
67_2_93_p1,Medium Effort,Medium Effort,3rd,2nd,1st
67_2_96_p1,Medium Effort,Medium Effort,3rd,2nd,1st
69_2_102_p1,High Effort,Medium Effort,3rd,2nd,2nd
69_2_105_p1,Low Effort,Low Effort,1st,1st,1st
69_2_108_p1,Medium Effort,Low Effort,1st,2nd,1st
69_2_111_p1,Medium Effort,Low Effort,1st,1st,2nd
69_2_114_p1,Medium Effort,Low Effort,1st,2nd,2nd
69_2_12_p0,Low Effort,Low Effort,1st,1st,1st
69_2_15_p0,Low Effort,Low Effort,1st,1st,1st
69_2_18_p0,Medium Effort,Medium Effort,3rd,1st,1st
69_2_26_p1,Medium Effort,Medium Effort,3rd,2nd,1st
69_2_28_p1,High Effort,Medium Effort,3rd,1st,3rd
69_2_30_p1,Medium Effort,Medium Effort,2nd,2nd,1st
69_2_32_p1,Medium Effort,Medium Effort,2nd,2nd,2nd
69_2_39_p0,Medium Effort,Low Effort,1st,1st,2nd
69_2_42_p0,Medium Effort,Low Effort,2nd,1st,2nd
69_2_47_p0,Medium Effort,Low Effort,1st,2nd,2nd
69_2_50_p0,Medium Effort,Low Effort,1st,1st,2nd
69_2_53_p0,Medium Effort,Low Effort,2nd,2nd,1st
69_2_61_p1,High Effort,Medium Effort,3rd,2nd,2nd
69_2_63_p1,High Effort,Medium Effort,3rd,3rd,2nd
69_2_69_p1,High Effort,High Effort,3rd,3rd,3rd
69_2_6_p0,Medium Effort,Low Effort,2nd,1st,2nd
69_2_76_p0,Low Effort,Low Effort,1st,1st,1st
69_2_79_p0,Medium Effort,Low Effort,1st,1st,2nd
69_2_82_p0,Medium Effort,Low Effort,1st,2nd,1st
69_2_85_p0,Medium Effort,Low Effort,1st,1st,2nd
69_2_88_p0,Medium Effort,Low Effort,1st,2nd,1st
69_2_92_p0,Medium Effort,Medium Effort,2nd,1st,2nd
69_2_99_p1,High Effort,High Effort,3rd,3rd,3rd
69_2_9_p0,High Effort,Medium Effort,2nd,3rd,2nd
6_2_103_p1,Medium Effort,Low Effort,1st,1st,2nd
6_2_106_p1,Medium Effort,Low Effort,1st,1st,2nd
6_2_108_p1,Low Effort,Low Effort,1st,1st,1st
6_2_10_p0,Medium Effort,Low Effort,1st,1st,2nd
6_2_111_p1,Low Effort,Low Effort,1st,1st,1st
6_2_13_p0,Low Effort,Low Effort,1st,1st,1st
6_2_16_p0,Medium Effort,Low Effort,1st,1st,2nd
6_2_19_p0,High Effort,High Effort,3rd,1st,3rd
6_2_22_p0,Medium Effort,Low Effort,2nd,1st,1st
6_2_31_p1,Low Effort,Low Effort,1st,1st,1st
6_2_34_p1,Low Effort,Low Effort,1st,1st,1st
6_2_37_p1,Medium Effort,Medium Effort,1st,2nd,3rd
6_2_40_p1,Medium Effort,Low Effort,1st,1st,2nd
6_2_44_p1,Low Effort,Low Effort,1st,1st,1st
6_2_4_p0,Medium Effort,Medium Effort,1st,1st,3rd
6_2_51_p0,Medium Effort,Medium Effort,2nd,1st,3rd
6_2_55_p0,Medium Effort,Low Effort,1st,2nd,2nd
6_2_61_p0,Medium Effort,Low Effort,1st,1st,3rd
6_2_68_p1,Medium Effort,Low Effort,2nd,1st,1st
6_2_71_p1,Medium Effort,Low Effort,2nd,1st,2nd
6_2_74_p1,Low Effort,Low Effort,1st,1st,1st
6_2_7_p0,Medium Effort,Medium Effort,1st,1st,3rd
6_2_81_p0,Medium Effort,Medium Effort,2nd,2nd,2nd
6_2_84_p0,High Effort,High Effort,3rd,3rd,3rd
6_2_87_p0,High Effort,Medium Effort,3rd,2nd,3rd
6_2_90_p0,High Effort,High Effort,3rd,3rd,2nd
6_2_93_p0,High Effort,Medium Effort,3rd,2nd,2nd
70_2_101_p1,Medium Effort,Low Effort,1st,2nd,2nd
70_2_12_p0,Medium Effort,Medium Effort,3rd,1st,1st
70_2_19_p1,High Effort,Medium Effort,2nd,3rd,3rd
70_2_21_p1,High Effort,High Effort,3rd,3rd,2nd
70_2_25_p1,High Effort,Medium Effort,3rd,1st,3rd
70_2_28_p1,Medium Effort,Medium Effort,2nd,2nd,2nd
70_2_33_p0,Medium Effort,Medium Effort,2nd,1st,3rd
70_2_36_p0,Medium Effort,Low Effort,2nd,2nd,1st
70_2_38_p0,High Effort,Medium Effort,2nd,3rd,2nd
70_2_42_p0,High Effort,Medium Effort,3rd,3rd,2nd
70_2_44_p0,Medium Effort,Medium Effort,3rd,1st,2nd
70_2_56_p1,High Effort,High Effort,3rd,3rd,3rd
70_2_60_p1,Medium Effort,Medium Effort,2nd,2nd,2nd
70_2_63_p1,High Effort,Medium Effort,2nd,3rd,3rd
70_2_67_p0,Low Effort,Low Effort,1st,1st,1st
70_2_6_p0,High Effort,High Effort,3rd,3rd,2nd
70_2_71_p0,Medium Effort,Low Effort,2nd,3rd,1st
70_2_74_p0,Medium Effort,Low Effort,2nd,2nd,1st
70_2_77_p0,Medium Effort,Medium Effort,2nd,2nd,2nd
70_2_80_p0,Medium Effort,Medium Effort,2nd,2nd,2nd
70_2_83_p0,Medium Effort,Low Effort,2nd,2nd,1st
70_2_8_p0,Medium Effort,Medium Effort,2nd,3rd,1st
70_2_91_p1,Medium Effort,Low Effort,1st,2nd,2nd
70_2_93_p1,Medium Effort,Low Effort,1st,2nd,2nd
70_2_97_p1,High Effort,Medium Effort,1st,3rd,3rd
71_2_101_p1,Medium Effort,Medium Effort,1st,2nd,3rd
71_2_107_p1,Medium Effort,Low Effort,2nd,1st,1st
71_2_110_p1,Medium Effort,Low Effort,1st,1st,3rd
71_2_17_p1,Medium Effort,Low Effort,1st,1st,2nd
71_2_20_p1,High Effort,Medium Effort,2nd,2nd,3rd
71_2_22_p1,Medium Effort,Low Effort,2nd,1st,2nd
71_2_24_p1,Medium Effort,Medium Effort,3rd,1st,2nd
71_2_28_p1,Medium Effort,Medium Effort,3rd,1st,1st
71_2_36_p0,Medium Effort,Medium Effort,1st,1st,3rd
71_2_38_p0,Low Effort,Low Effort,1st,1st,1st
71_2_3_p0,Medium Effort,Low Effort,1st,2nd,1st
71_2_41_p0,Medium Effort,Low Effort,1st,1st,2nd
71_2_44_p0,Low Effort,Low Effort,1st,1st,1st
71_2_47_p0,Medium Effort,Low Effort,1st,1st,2nd
71_2_51_p0,Low Effort,Low Effort,1st,1st,1st
71_2_60_p1,Medium Effort,Low Effort,1st,1st,2nd
71_2_63_p1,Medium Effort,Medium Effort,1st,1st,3rd
71_2_66_p1,Medium Effort,Medium Effort,2nd,1st,3rd
71_2_6_p0,Medium Effort,Low Effort,2nd,1st,2nd
71_2_70_p1,Low Effort,Low Effort,1st,1st,1st
71_2_73_p1,Medium Effort,Medium Effort,2nd,1st,3rd
71_2_76_p1,Medium Effort,Low Effort,1st,1st,2nd
71_2_81_p0,Medium Effort,Low Effort,2nd,1st,1st
71_2_86_p0,Medium Effort,Low Effort,1st,1st,2nd
71_2_88_p0,Medium Effort,Low Effort,2nd,1st,2nd
71_2_91_p0,Medium Effort,Low Effort,1st,1st,2nd
71_2_9_p0,Medium Effort,Medium Effort,2nd,2nd,2nd
72_2_100_p0,High Effort,Medium Effort,3rd,3rd,2nd
72_2_112_p1,High Effort,Medium Effort,3rd,3rd,2nd
72_2_115_p1,Medium Effort,Low Effort,2nd,1st,1st
72_2_11_p0,High Effort,High Effort,3rd,3rd,2nd
72_2_14_p0,High Effort,High Effort,3rd,3rd,2nd
72_2_22_p1,Medium Effort,Medium Effort,3rd,1st,1st
72_2_25_p1,High Effort,High Effort,3rd,3rd,1st
72_2_28_p1,Medium Effort,Low Effort,2nd,1st,1st
72_2_31_p1,Medium Effort,Medium Effort,2nd,2nd,1st
72_2_35_p1,Medium Effort,Medium Effort,3rd,1st,1st
72_2_37_p1,Medium Effort,Medium Effort,3rd,1st,1st
72_2_43_p0,Medium Effort,Medium Effort,2nd,1st,2nd
72_2_46_p0,High Effort,Medium Effort,3rd,3rd,2nd
72_2_49_p0,High Effort,Medium Effort,3rd,3rd,1st
72_2_4_p0,High Effort,High Effort,3rd,3rd,2nd
72_2_51_p0,Medium Effort,Medium Effort,2nd,1st,3rd
72_2_54_p0,Medium Effort,Low Effort,2nd,1st,1st
72_2_58_p0,Medium Effort,Medium Effort,2nd,1st,3rd
72_2_67_p1,Medium Effort,Low Effort,1st,1st,2nd
72_2_70_p1,Medium Effort,Low Effort,2nd,1st,1st
72_2_73_p1,Medium Effort,Low Effort,2nd,1st,1st
72_2_76_p1,High Effort,Medium Effort,3rd,3rd,2nd
72_2_79_p1,Medium Effort,Low Effort,1st,2nd,2nd
72_2_7_p0,Medium Effort,Low Effort,2nd,1st,2nd
72_2_83_p1,Medium Effort,Medium Effort,3rd,1st,2nd
72_2_91_p0,High Effort,Medium Effort,3rd,2nd,3rd
72_2_94_p0,High Effort,Medium Effort,3rd,2nd,3rd
72_2_9_p0,High Effort,Medium Effort,3rd,2nd,2nd
8_2_101_p1,Medium Effort,Low Effort,1st,2nd,1st
8_2_104_p1,Medium Effort,Low Effort,1st,3rd,1st
8_2_19_p1,High Effort,Medium Effort,2nd,3rd,2nd
8_2_22_p1,High Effort,Medium Effort,2nd,2nd,3rd
8_2_24_p1,Medium Effort,Low Effort,1st,3rd,1st
8_2_27_p1,High Effort,Medium Effort,1st,3rd,3rd
8_2_30_p1,Medium Effort,Medium Effort,2nd,2nd,2nd
8_2_32_p1,High Effort,Medium Effort,2nd,3rd,2nd
8_2_37_p0,High Effort,High Effort,3rd,3rd,1st
8_2_41_p0,High Effort,High Effort,3rd,3rd,1st
8_2_47_p0,Medium Effort,Medium Effort,3rd,1st,1st
8_2_52_p1,High Effort,High Effort,3rd,3rd,1st
8_2_54_p1,Medium Effort,Low Effort,1st,2nd,1st
8_2_58_p1,Medium Effort,Medium Effort,1st,3rd,1st
8_2_61_p1,Medium Effort,Medium Effort,1st,3rd,1st
8_2_68_p0,Medium Effort,Medium Effort,2nd,2nd,2nd
8_2_71_p0,High Effort,High Effort,3rd,1st,3rd
8_2_75_p0,High Effort,High Effort,3rd,2nd,3rd
8_2_77_p0,High Effort,High Effort,3rd,2nd,3rd
8_2_7_p0,Medium Effort,Low Effort,1st,2nd,1st
8_2_80_p0,Medium Effort,Medium Effort,2nd,1st,2nd
8_2_89_p1,Medium Effort,Medium Effort,2nd,1st,2nd
8_2_92_p1,Medium Effort,Medium Effort,2nd,1st,2nd
8_2_95_p1,Medium Effort,Medium Effort,2nd,1st,2nd
8_2_98_p1,Medium Effort,Low Effort,1st,2nd,1st
9_2_103_p1,Medium Effort,Medium Effort,1st,3rd,1st
9_2_107_p1,Low Effort,Low Effort,1st,1st,1st
9_2_111_p1,Low Effort,Low Effort,1st,1st,1st
9_2_11_p0,Medium Effort,Medium Effort,2nd,1st,3rd
9_2_14_p0,Medium Effort,Medium Effort,2nd,1st,2nd
9_2_17_p0,Low Effort,Low Effort,1st,1st,1st
9_2_20_p0,Medium Effort,Low Effort,2nd,1st,1st
9_2_28_p1,Low Effort,Low Effort,1st,1st,1st
9_2_31_p1,Medium Effort,Low Effort,1st,2nd,1st
9_2_34_p1,Low Effort,Low Effort,1st,1st,1st
9_2_37_p1,Low Effort,Low Effort,1st,1st,1st
9_2_40_p1,Medium Effort,Medium Effort,2nd,1st,2nd
9_2_49_p0,Medium Effort,Low Effort,1st,1st,2nd
9_2_53_p0,Medium Effort,Medium Effort,3rd,1st,2nd
9_2_57_p0,Low Effort,Low Effort,1st,1st,1st
9_2_5_p0,Low Effort,Low Effort,1st,1st,1st
9_2_63_p1,Low Effort,Low Effort,1st,1st,1st
9_2_65_p1,High Effort,Medium Effort,2nd,3rd,3rd
9_2_67_p1,Low Effort,Low Effort,1st,1st,1st
9_2_70_p1,Medium Effort,Low Effort,2nd,1st,1st
9_2_72_p1,Medium Effort,Low Effort,1st,1st,2nd
9_2_82_p0,Low Effort,Low Effort,1st,1st,1st
9_2_85_p0,Medium Effort,Medium Effort,3rd,2nd,1st
9_2_87_p0,Medium Effort,Medium Effort,2nd,2nd,1st
9_2_8_p0,Medium Effort,Low Effort,1st,1st,2nd
9_2_91_p0,Medium Effort,Low Effort,1st,2nd,1st
9_2_95_p0,Medium Effort,Medium Effort,2nd,2nd,1st
